ISO-10303-21;
HEADER;
/* Generated by software containing ST-Developer
 * from STEP Tools, Inc. (www.steptools.com) 
 */
/* OPTION: using custom renumber hook */

FILE_DESCRIPTION(
/* description */ ('STEP AP242 Edition 2',
'CAx-IF Rec.Pracs.---Representation and Presentation of Product Manufa
cturing Information (PMI)---4.0---2014-10-13',
'CAx-IF Rec.Pracs.---3D Tessellated Geometry---0.4---2014-09-14','2;1',
'CAx-IF Rec.Pracs.---User Defined Attributes---1.5---2016-08-15'),
/* implementation_level */ '2;1');

FILE_NAME(
/* name */ 'Keeb - Plate_Left',
/* time_stamp */ '2026-08-24T16:06:01Z',
/* author */ (''),
/* organization */ (''),
/* preprocessor_version */ 'ST-DEVELOPER v20',
/* originating_system */ 'ONSHAPE BY PTC INC, 1.219',
/* authorisation */ '  ');

FILE_SCHEMA (('AP242_MANAGED_MODEL_BASED_3D_ENGINEERING_MIM_LF { 1 0 10303 442 3 1 4 }'));
ENDSEC;

DATA;
#10=SHAPE_REPRESENTATION_RELATIONSHIP('','',#7161,#11);
#11=ADVANCED_BREP_SHAPE_REPRESENTATION('',(#7159),#12019);
#12=CYLINDRICAL_SURFACE('',#7513,0.004);
#13=CYLINDRICAL_SURFACE('',#7515,0.000499999967883439);
#14=CYLINDRICAL_SURFACE('',#7517,0.000499999967883432);
#15=CYLINDRICAL_SURFACE('',#7519,0.000499999967883432);
#16=CYLINDRICAL_SURFACE('',#7521,0.000499999967883439);
#17=CYLINDRICAL_SURFACE('',#7522,0.000499999967883439);
#18=CYLINDRICAL_SURFACE('',#7524,0.000499999967883432);
#19=CYLINDRICAL_SURFACE('',#7526,0.000499999967883432);
#20=CYLINDRICAL_SURFACE('',#7528,0.000499999967883439);
#21=CYLINDRICAL_SURFACE('',#7529,0.000499999967883453);
#22=CYLINDRICAL_SURFACE('',#7531,0.000499999967883439);
#23=CYLINDRICAL_SURFACE('',#7533,0.000499999967883414);
#24=CYLINDRICAL_SURFACE('',#7535,0.000499999967883428);
#25=CYLINDRICAL_SURFACE('',#7536,0.000499999967883453);
#26=CYLINDRICAL_SURFACE('',#7538,0.000499999967883437);
#27=CYLINDRICAL_SURFACE('',#7540,0.000499999967883437);
#28=CYLINDRICAL_SURFACE('',#7542,0.000499999967883428);
#29=CYLINDRICAL_SURFACE('',#7543,0.000499999967883453);
#30=CYLINDRICAL_SURFACE('',#7545,0.000499999967883461);
#31=CYLINDRICAL_SURFACE('',#7547,0.000499999967883437);
#32=CYLINDRICAL_SURFACE('',#7549,0.000499999967883453);
#33=CYLINDRICAL_SURFACE('',#7550,0.000499999967883421);
#34=CYLINDRICAL_SURFACE('',#7552,0.000499999967883421);
#35=CYLINDRICAL_SURFACE('',#7554,0.000499999967883428);
#36=CYLINDRICAL_SURFACE('',#7556,0.000499999967883425);
#37=CYLINDRICAL_SURFACE('',#7557,0.000499999967883439);
#38=CYLINDRICAL_SURFACE('',#7559,0.000499999967883439);
#39=CYLINDRICAL_SURFACE('',#7561,0.000499999967883432);
#40=CYLINDRICAL_SURFACE('',#7563,0.000499999967883432);
#41=CYLINDRICAL_SURFACE('',#7564,0.000499999967883439);
#42=CYLINDRICAL_SURFACE('',#7566,0.000499999967883439);
#43=CYLINDRICAL_SURFACE('',#7568,0.000499999967883414);
#44=CYLINDRICAL_SURFACE('',#7570,0.000499999967883414);
#45=CYLINDRICAL_SURFACE('',#7571,0.000499999967883438);
#46=CYLINDRICAL_SURFACE('',#7573,0.000499999967883431);
#47=CYLINDRICAL_SURFACE('',#7574,0.000499999967883437);
#48=CYLINDRICAL_SURFACE('',#7576,0.000499999967883435);
#49=CYLINDRICAL_SURFACE('',#7578,0.000499999967883432);
#50=CYLINDRICAL_SURFACE('',#7580,0.000499999967883438);
#51=CYLINDRICAL_SURFACE('',#7581,0.000499999967883442);
#52=CYLINDRICAL_SURFACE('',#7583,0.00049999996788343);
#53=CYLINDRICAL_SURFACE('',#7585,0.00049999996788343);
#54=CYLINDRICAL_SURFACE('',#7587,0.000499999967883435);
#55=CYLINDRICAL_SURFACE('',#7588,0.000499999967883435);
#56=CYLINDRICAL_SURFACE('',#7590,0.00049999996788343);
#57=CYLINDRICAL_SURFACE('',#7592,0.00049999996788343);
#58=CYLINDRICAL_SURFACE('',#7594,0.000499999967883435);
#59=CYLINDRICAL_SURFACE('',#7595,0.000499999967883446);
#60=CYLINDRICAL_SURFACE('',#7597,0.000499999967883418);
#61=CYLINDRICAL_SURFACE('',#7599,0.00049999996788343);
#62=CYLINDRICAL_SURFACE('',#7601,0.000499999967883435);
#63=CYLINDRICAL_SURFACE('',#7602,0.000499999967883435);
#64=CYLINDRICAL_SURFACE('',#7604,0.00049999996788343);
#65=CYLINDRICAL_SURFACE('',#7606,0.00049999996788343);
#66=CYLINDRICAL_SURFACE('',#7608,0.000499999967883435);
#67=CYLINDRICAL_SURFACE('',#7609,0.000499999967883435);
#68=CYLINDRICAL_SURFACE('',#7611,0.000499999967883418);
#69=CYLINDRICAL_SURFACE('',#7613,0.00049999996788343);
#70=CYLINDRICAL_SURFACE('',#7615,0.000499999967883435);
#71=CYLINDRICAL_SURFACE('',#7616,0.000499999967883442);
#72=CYLINDRICAL_SURFACE('',#7618,0.000499999967883437);
#73=CYLINDRICAL_SURFACE('',#7620,0.000499999967883437);
#74=CYLINDRICAL_SURFACE('',#7622,0.000499999967883442);
#75=CYLINDRICAL_SURFACE('',#7623,0.000499999967883433);
#76=CYLINDRICAL_SURFACE('',#7625,0.000499999967883435);
#77=CYLINDRICAL_SURFACE('',#7627,0.00049999996788343);
#78=CYLINDRICAL_SURFACE('',#7629,0.000499999967883434);
#79=CYLINDRICAL_SURFACE('',#7630,0.00049999996788343);
#80=CYLINDRICAL_SURFACE('',#7632,0.000499999967883427);
#81=CYLINDRICAL_SURFACE('',#7634,0.000499999967883433);
#82=CYLINDRICAL_SURFACE('',#7636,0.000499999967883433);
#83=CYLINDRICAL_SURFACE('',#7637,0.000499999967883425);
#84=CYLINDRICAL_SURFACE('',#7639,0.000499999967883427);
#85=CYLINDRICAL_SURFACE('',#7641,0.000499999967883427);
#86=CYLINDRICAL_SURFACE('',#7643,0.00049999996788343);
#87=CYLINDRICAL_SURFACE('',#7644,0.00049999996788343);
#88=CYLINDRICAL_SURFACE('',#7646,0.000499999967883433);
#89=CYLINDRICAL_SURFACE('',#7648,0.000499999967883427);
#90=CYLINDRICAL_SURFACE('',#7650,0.000499999967883435);
#91=CYLINDRICAL_SURFACE('',#7651,0.00049999996788343);
#92=CYLINDRICAL_SURFACE('',#7653,0.000499999967883421);
#93=CYLINDRICAL_SURFACE('',#7655,0.000499999967883433);
#94=CYLINDRICAL_SURFACE('',#7657,0.00049999996788343);
#95=CYLINDRICAL_SURFACE('',#7658,0.00049999996788343);
#96=CYLINDRICAL_SURFACE('',#7660,0.000499999967883433);
#97=CYLINDRICAL_SURFACE('',#7662,0.000499999967883433);
#98=CYLINDRICAL_SURFACE('',#7664,0.000499999967883442);
#99=CYLINDRICAL_SURFACE('',#7665,0.000499999967883437);
#100=CYLINDRICAL_SURFACE('',#7667,0.00049999996788344);
#101=CYLINDRICAL_SURFACE('',#7669,0.000499999967883433);
#102=CYLINDRICAL_SURFACE('',#7671,0.00049999996788343);
#103=CYLINDRICAL_SURFACE('',#7672,0.000499999967883437);
#104=CYLINDRICAL_SURFACE('',#7674,0.000499999967883464);
#105=CYLINDRICAL_SURFACE('',#7676,0.000499999967883417);
#106=CYLINDRICAL_SURFACE('',#7678,0.000499999967883437);
#107=CYLINDRICAL_SURFACE('',#7679,0.000499999967883432);
#108=CYLINDRICAL_SURFACE('',#7681,0.000499999967883431);
#109=CYLINDRICAL_SURFACE('',#7682,0.000499999967883435);
#110=CYLINDRICAL_SURFACE('',#7684,0.000499999967883431);
#111=CYLINDRICAL_SURFACE('',#7686,0.000499999967883432);
#112=CYLINDRICAL_SURFACE('',#7688,0.000499999967883431);
#113=CYLINDRICAL_SURFACE('',#7689,0.000499999967883433);
#114=CYLINDRICAL_SURFACE('',#7691,0.000499999967883441);
#115=CYLINDRICAL_SURFACE('',#7693,0.000499999967883431);
#116=CYLINDRICAL_SURFACE('',#7695,0.000499999967883429);
#117=CYLINDRICAL_SURFACE('',#7696,0.000499999967883427);
#118=CYLINDRICAL_SURFACE('',#7698,0.000499999967883435);
#119=CYLINDRICAL_SURFACE('',#7700,0.000499999967883429);
#120=CYLINDRICAL_SURFACE('',#7702,0.000499999967883427);
#121=CYLINDRICAL_SURFACE('',#7703,0.000499999967883421);
#122=CYLINDRICAL_SURFACE('',#7705,0.000499999967883432);
#123=CYLINDRICAL_SURFACE('',#7707,0.000499999967883432);
#124=CYLINDRICAL_SURFACE('',#7709,0.000499999967883433);
#125=CYLINDRICAL_SURFACE('',#7710,0.000499999967883433);
#126=CYLINDRICAL_SURFACE('',#7712,0.00049999996788342);
#127=CYLINDRICAL_SURFACE('',#7714,0.00049999996788342);
#128=CYLINDRICAL_SURFACE('',#7716,0.000499999967883433);
#129=CYLINDRICAL_SURFACE('',#7717,0.000499999967883433);
#130=CYLINDRICAL_SURFACE('',#7719,0.000499999967883432);
#131=CYLINDRICAL_SURFACE('',#7721,0.00049999996788342);
#132=CYLINDRICAL_SURFACE('',#7723,0.000499999967883433);
#133=CYLINDRICAL_SURFACE('',#7724,0.000499999967883464);
#134=CYLINDRICAL_SURFACE('',#7726,0.000499999967883439);
#135=CYLINDRICAL_SURFACE('',#7728,0.000499999967883432);
#136=CYLINDRICAL_SURFACE('',#7730,0.000499999967883421);
#137=CYLINDRICAL_SURFACE('',#7731,0.00049999996788344);
#138=CYLINDRICAL_SURFACE('',#7733,0.000499999967883439);
#139=CYLINDRICAL_SURFACE('',#7735,0.000499999967883439);
#140=CYLINDRICAL_SURFACE('',#7737,0.00049999996788344);
#141=CYLINDRICAL_SURFACE('',#7738,0.00049999996788343);
#142=CYLINDRICAL_SURFACE('',#7740,0.00049999996788343);
#143=CYLINDRICAL_SURFACE('',#7741,0.00049999996788343);
#144=CYLINDRICAL_SURFACE('',#7743,0.00049999996788343);
#145=CYLINDRICAL_SURFACE('',#7745,0.00049999996788343);
#146=CYLINDRICAL_SURFACE('',#7747,0.00049999996788343);
#147=CYLINDRICAL_SURFACE('',#7748,0.000499999967883433);
#148=CYLINDRICAL_SURFACE('',#7750,0.000499999967883437);
#149=CYLINDRICAL_SURFACE('',#7752,0.000499999967883426);
#150=CYLINDRICAL_SURFACE('',#7754,0.000499999967883423);
#151=CYLINDRICAL_SURFACE('',#7755,0.000499999967883432);
#152=CYLINDRICAL_SURFACE('',#7757,0.000499999967883432);
#153=CYLINDRICAL_SURFACE('',#7759,0.000499999967883426);
#154=CYLINDRICAL_SURFACE('',#7761,0.000499999967883423);
#155=CYLINDRICAL_SURFACE('',#7762,0.000499999967883444);
#156=CYLINDRICAL_SURFACE('',#7764,0.000499999967883444);
#157=CYLINDRICAL_SURFACE('',#7766,0.000499999967883432);
#158=CYLINDRICAL_SURFACE('',#7768,0.000499999967883432);
#159=CYLINDRICAL_SURFACE('',#7769,0.000499999967883432);
#160=CYLINDRICAL_SURFACE('',#7771,0.000499999967883432);
#161=CYLINDRICAL_SURFACE('',#7773,0.000499999967883444);
#162=CYLINDRICAL_SURFACE('',#7775,0.000499999967883444);
#163=CYLINDRICAL_SURFACE('',#7776,0.000499999967883439);
#164=CYLINDRICAL_SURFACE('',#7778,0.000499999967883439);
#165=CYLINDRICAL_SURFACE('',#7780,0.00049999996788342);
#166=CYLINDRICAL_SURFACE('',#7782,0.000499999967883432);
#167=CYLINDRICAL_SURFACE('',#7783,0.000499999967883439);
#168=CYLINDRICAL_SURFACE('',#7785,0.000499999967883439);
#169=CYLINDRICAL_SURFACE('',#7787,0.000499999967883439);
#170=CYLINDRICAL_SURFACE('',#7789,0.000499999967883439);
#171=CYLINDRICAL_SURFACE('',#7790,0.000499999967883439);
#172=CYLINDRICAL_SURFACE('',#7792,0.000499999967883439);
#173=CYLINDRICAL_SURFACE('',#7794,0.000499999967883439);
#174=CYLINDRICAL_SURFACE('',#7796,0.000499999967883439);
#175=CYLINDRICAL_SURFACE('',#7797,0.00215);
#176=CYLINDRICAL_SURFACE('',#7798,0.00215);
#177=CYLINDRICAL_SURFACE('',#7799,0.00175);
#178=CYLINDRICAL_SURFACE('',#7800,0.00175);
#179=CYLINDRICAL_SURFACE('',#7801,0.00175);
#180=CYLINDRICAL_SURFACE('',#7802,0.00175);
#181=CYLINDRICAL_SURFACE('',#7842,0.004);
#182=CIRCLE('',#7165,0.000499999967883439);
#183=CIRCLE('',#7166,0.000499999967883439);
#184=CIRCLE('',#7167,0.000499999967883439);
#185=CIRCLE('',#7168,0.000499999967883439);
#186=CIRCLE('',#7169,0.000499999967883439);
#187=CIRCLE('',#7170,0.000499999967883439);
#188=CIRCLE('',#7171,0.000499999967883439);
#189=CIRCLE('',#7172,0.000499999967883439);
#190=CIRCLE('',#7173,0.000499999967883439);
#191=CIRCLE('',#7174,0.000499999967883432);
#192=CIRCLE('',#7175,0.00049999996788342);
#193=CIRCLE('',#7176,0.000499999967883439);
#194=CIRCLE('',#7177,0.000499999967883432);
#195=CIRCLE('',#7178,0.000499999967883444);
#196=CIRCLE('',#7179,0.000499999967883444);
#197=CIRCLE('',#7180,0.000499999967883432);
#198=CIRCLE('',#7181,0.000499999967883444);
#199=CIRCLE('',#7182,0.000499999967883432);
#200=CIRCLE('',#7183,0.000499999967883432);
#201=CIRCLE('',#7184,0.000499999967883444);
#202=CIRCLE('',#7185,0.000499999967883432);
#203=CIRCLE('',#7186,0.000499999967883423);
#204=CIRCLE('',#7187,0.000499999967883426);
#205=CIRCLE('',#7188,0.000499999967883432);
#206=CIRCLE('',#7189,0.000499999967883433);
#207=CIRCLE('',#7190,0.000499999967883423);
#208=CIRCLE('',#7191,0.000499999967883426);
#209=CIRCLE('',#7192,0.000499999967883437);
#210=CIRCLE('',#7193,0.00049999996788343);
#211=CIRCLE('',#7194,0.00049999996788343);
#212=CIRCLE('',#7195,0.00049999996788343);
#213=CIRCLE('',#7196,0.00049999996788343);
#214=CIRCLE('',#7197,0.00049999996788344);
#215=CIRCLE('',#7198,0.00049999996788344);
#216=CIRCLE('',#7199,0.000499999967883439);
#217=CIRCLE('',#7200,0.000499999967883439);
#218=CIRCLE('',#7201,0.000499999967883464);
#219=CIRCLE('',#7202,0.000499999967883421);
#220=CIRCLE('',#7203,0.000499999967883432);
#221=CIRCLE('',#7204,0.000499999967883439);
#222=CIRCLE('',#7205,0.000499999967883433);
#223=CIRCLE('',#7206,0.000499999967883433);
#224=CIRCLE('',#7207,0.00049999996788342);
#225=CIRCLE('',#7208,0.000499999967883432);
#226=CIRCLE('',#7209,0.000499999967883433);
#227=CIRCLE('',#7210,0.000499999967883433);
#228=CIRCLE('',#7211,0.00049999996788342);
#229=CIRCLE('',#7212,0.00049999996788342);
#230=CIRCLE('',#7213,0.000499999967883421);
#231=CIRCLE('',#7214,0.000499999967883433);
#232=CIRCLE('',#7215,0.000499999967883432);
#233=CIRCLE('',#7216,0.000499999967883432);
#234=CIRCLE('',#7217,0.000499999967883427);
#235=CIRCLE('',#7218,0.000499999967883427);
#236=CIRCLE('',#7219,0.000499999967883429);
#237=CIRCLE('',#7220,0.000499999967883435);
#238=CIRCLE('',#7221,0.000499999967883433);
#239=CIRCLE('',#7222,0.000499999967883429);
#240=CIRCLE('',#7223,0.000499999967883431);
#241=CIRCLE('',#7224,0.000499999967883441);
#242=CIRCLE('',#7225,0.000499999967883435);
#243=CIRCLE('',#7226,0.000499999967883431);
#244=CIRCLE('',#7227,0.000499999967883432);
#245=CIRCLE('',#7228,0.000499999967883431);
#246=CIRCLE('',#7229,0.000499999967883437);
#247=CIRCLE('',#7230,0.000499999967883437);
#248=CIRCLE('',#7231,0.000499999967883417);
#249=CIRCLE('',#7232,0.000499999967883464);
#250=CIRCLE('',#7233,0.000499999967883437);
#251=CIRCLE('',#7234,0.00049999996788343);
#252=CIRCLE('',#7235,0.000499999967883433);
#253=CIRCLE('',#7236,0.00049999996788344);
#254=CIRCLE('',#7237,0.00049999996788343);
#255=CIRCLE('',#7238,0.000499999967883442);
#256=CIRCLE('',#7239,0.000499999967883433);
#257=CIRCLE('',#7240,0.000499999967883433);
#258=CIRCLE('',#7241,0.00049999996788343);
#259=CIRCLE('',#7242,0.00049999996788343);
#260=CIRCLE('',#7243,0.000499999967883433);
#261=CIRCLE('',#7244,0.000499999967883421);
#262=CIRCLE('',#7245,0.00049999996788343);
#263=CIRCLE('',#7246,0.000499999967883435);
#264=CIRCLE('',#7247,0.000499999967883427);
#265=CIRCLE('',#7248,0.000499999967883433);
#266=CIRCLE('',#7249,0.000499999967883425);
#267=CIRCLE('',#7250,0.00049999996788343);
#268=CIRCLE('',#7251,0.000499999967883427);
#269=CIRCLE('',#7252,0.000499999967883427);
#270=CIRCLE('',#7253,0.00049999996788343);
#271=CIRCLE('',#7254,0.000499999967883433);
#272=CIRCLE('',#7255,0.000499999967883433);
#273=CIRCLE('',#7256,0.000499999967883427);
#274=CIRCLE('',#7257,0.000499999967883433);
#275=CIRCLE('',#7258,0.000499999967883434);
#276=CIRCLE('',#7259,0.00049999996788343);
#277=CIRCLE('',#7260,0.000499999967883435);
#278=CIRCLE('',#7261,0.000499999967883442);
#279=CIRCLE('',#7262,0.000499999967883442);
#280=CIRCLE('',#7263,0.000499999967883437);
#281=CIRCLE('',#7264,0.000499999967883437);
#282=CIRCLE('',#7265,0.000499999967883435);
#283=CIRCLE('',#7266,0.000499999967883435);
#284=CIRCLE('',#7267,0.00049999996788343);
#285=CIRCLE('',#7268,0.000499999967883418);
#286=CIRCLE('',#7269,0.000499999967883435);
#287=CIRCLE('',#7270,0.000499999967883435);
#288=CIRCLE('',#7271,0.00049999996788343);
#289=CIRCLE('',#7272,0.00049999996788343);
#290=CIRCLE('',#7273,0.000499999967883446);
#291=CIRCLE('',#7274,0.000499999967883435);
#292=CIRCLE('',#7275,0.00049999996788343);
#293=CIRCLE('',#7276,0.000499999967883418);
#294=CIRCLE('',#7277,0.000499999967883435);
#295=CIRCLE('',#7278,0.000499999967883435);
#296=CIRCLE('',#7279,0.00049999996788343);
#297=CIRCLE('',#7280,0.00049999996788343);
#298=CIRCLE('',#7281,0.000499999967883442);
#299=CIRCLE('',#7282,0.000499999967883435);
#300=CIRCLE('',#7283,0.00049999996788343);
#301=CIRCLE('',#7284,0.00049999996788343);
#302=CIRCLE('',#7285,0.000499999967883437);
#303=CIRCLE('',#7286,0.000499999967883438);
#304=CIRCLE('',#7287,0.000499999967883432);
#305=CIRCLE('',#7288,0.000499999967883435);
#306=CIRCLE('',#7289,0.000499999967883439);
#307=CIRCLE('',#7290,0.000499999967883414);
#308=CIRCLE('',#7291,0.000499999967883414);
#309=CIRCLE('',#7292,0.000499999967883439);
#310=CIRCLE('',#7293,0.000499999967883439);
#311=CIRCLE('',#7294,0.000499999967883432);
#312=CIRCLE('',#7295,0.000499999967883432);
#313=CIRCLE('',#7296,0.000499999967883439);
#314=CIRCLE('',#7297,0.000499999967883421);
#315=CIRCLE('',#7298,0.000499999967883425);
#316=CIRCLE('',#7299,0.000499999967883428);
#317=CIRCLE('',#7300,0.000499999967883421);
#318=CIRCLE('',#7301,0.000499999967883453);
#319=CIRCLE('',#7302,0.000499999967883453);
#320=CIRCLE('',#7303,0.000499999967883437);
#321=CIRCLE('',#7304,0.000499999967883461);
#322=CIRCLE('',#7305,0.000499999967883453);
#323=CIRCLE('',#7306,0.000499999967883428);
#324=CIRCLE('',#7307,0.000499999967883437);
#325=CIRCLE('',#7308,0.000499999967883437);
#326=CIRCLE('',#7309,0.000499999967883453);
#327=CIRCLE('',#7310,0.000499999967883428);
#328=CIRCLE('',#7311,0.000499999967883414);
#329=CIRCLE('',#7312,0.000499999967883439);
#330=CIRCLE('',#7313,0.000499999967883439);
#331=CIRCLE('',#7314,0.000499999967883439);
#332=CIRCLE('',#7315,0.000499999967883432);
#333=CIRCLE('',#7316,0.000499999967883432);
#334=CIRCLE('',#7317,0.000499999967883439);
#335=CIRCLE('',#7318,0.000499999967883439);
#336=CIRCLE('',#7319,0.000499999967883432);
#337=CIRCLE('',#7320,0.000499999967883432);
#338=CIRCLE('',#7321,0.00175);
#339=CIRCLE('',#7322,0.00175);
#340=CIRCLE('',#7323,0.00175);
#341=CIRCLE('',#7324,0.00175);
#342=CIRCLE('',#7325,0.00215);
#343=CIRCLE('',#7326,0.00215);
#344=CIRCLE('',#7327,0.004);
#345=CIRCLE('',#7328,0.004);
#346=CIRCLE('',#7329,0.00049999996788343);
#347=CIRCLE('',#7330,0.00049999996788343);
#348=CIRCLE('',#7331,0.000499999967883431);
#349=CIRCLE('',#7332,0.000499999967883432);
#350=CIRCLE('',#7333,0.000499999967883431);
#351=CIRCLE('',#7334,0.000499999967883438);
#352=CIRCLE('',#7343,0.00215);
#353=CIRCLE('',#7344,0.00215);
#354=CIRCLE('',#7345,0.00175);
#355=CIRCLE('',#7346,0.00175);
#356=CIRCLE('',#7347,0.00175);
#357=CIRCLE('',#7348,0.00175);
#358=CIRCLE('',#7349,0.000499999967883439);
#359=CIRCLE('',#7350,0.000499999967883432);
#360=CIRCLE('',#7351,0.000499999967883432);
#361=CIRCLE('',#7352,0.000499999967883439);
#362=CIRCLE('',#7353,0.000499999967883439);
#363=CIRCLE('',#7354,0.000499999967883432);
#364=CIRCLE('',#7355,0.000499999967883432);
#365=CIRCLE('',#7356,0.000499999967883439);
#366=CIRCLE('',#7357,0.000499999967883453);
#367=CIRCLE('',#7358,0.000499999967883439);
#368=CIRCLE('',#7359,0.000499999967883414);
#369=CIRCLE('',#7360,0.000499999967883428);
#370=CIRCLE('',#7361,0.000499999967883453);
#371=CIRCLE('',#7362,0.000499999967883437);
#372=CIRCLE('',#7363,0.000499999967883437);
#373=CIRCLE('',#7364,0.000499999967883428);
#374=CIRCLE('',#7365,0.000499999967883453);
#375=CIRCLE('',#7366,0.000499999967883461);
#376=CIRCLE('',#7367,0.000499999967883437);
#377=CIRCLE('',#7368,0.000499999967883453);
#378=CIRCLE('',#7369,0.000499999967883421);
#379=CIRCLE('',#7370,0.000499999967883421);
#380=CIRCLE('',#7371,0.000499999967883428);
#381=CIRCLE('',#7372,0.000499999967883425);
#382=CIRCLE('',#7373,0.000499999967883439);
#383=CIRCLE('',#7374,0.000499999967883439);
#384=CIRCLE('',#7375,0.000499999967883432);
#385=CIRCLE('',#7376,0.000499999967883432);
#386=CIRCLE('',#7377,0.000499999967883439);
#387=CIRCLE('',#7378,0.000499999967883439);
#388=CIRCLE('',#7379,0.000499999967883414);
#389=CIRCLE('',#7380,0.000499999967883414);
#390=CIRCLE('',#7381,0.000499999967883437);
#391=CIRCLE('',#7382,0.000499999967883435);
#392=CIRCLE('',#7383,0.000499999967883432);
#393=CIRCLE('',#7384,0.000499999967883438);
#394=CIRCLE('',#7385,0.000499999967883442);
#395=CIRCLE('',#7386,0.00049999996788343);
#396=CIRCLE('',#7387,0.00049999996788343);
#397=CIRCLE('',#7388,0.000499999967883435);
#398=CIRCLE('',#7389,0.000499999967883435);
#399=CIRCLE('',#7390,0.00049999996788343);
#400=CIRCLE('',#7391,0.00049999996788343);
#401=CIRCLE('',#7392,0.000499999967883435);
#402=CIRCLE('',#7393,0.000499999967883446);
#403=CIRCLE('',#7394,0.000499999967883418);
#404=CIRCLE('',#7395,0.00049999996788343);
#405=CIRCLE('',#7396,0.000499999967883435);
#406=CIRCLE('',#7397,0.000499999967883435);
#407=CIRCLE('',#7398,0.00049999996788343);
#408=CIRCLE('',#7399,0.00049999996788343);
#409=CIRCLE('',#7400,0.000499999967883435);
#410=CIRCLE('',#7401,0.000499999967883435);
#411=CIRCLE('',#7402,0.000499999967883418);
#412=CIRCLE('',#7403,0.00049999996788343);
#413=CIRCLE('',#7404,0.000499999967883435);
#414=CIRCLE('',#7405,0.000499999967883442);
#415=CIRCLE('',#7406,0.000499999967883437);
#416=CIRCLE('',#7407,0.000499999967883437);
#417=CIRCLE('',#7408,0.000499999967883442);
#418=CIRCLE('',#7409,0.000499999967883433);
#419=CIRCLE('',#7410,0.000499999967883435);
#420=CIRCLE('',#7411,0.00049999996788343);
#421=CIRCLE('',#7412,0.000499999967883434);
#422=CIRCLE('',#7413,0.00049999996788343);
#423=CIRCLE('',#7414,0.000499999967883427);
#424=CIRCLE('',#7415,0.000499999967883433);
#425=CIRCLE('',#7416,0.000499999967883433);
#426=CIRCLE('',#7417,0.000499999967883425);
#427=CIRCLE('',#7418,0.000499999967883427);
#428=CIRCLE('',#7419,0.000499999967883427);
#429=CIRCLE('',#7420,0.00049999996788343);
#430=CIRCLE('',#7421,0.00049999996788343);
#431=CIRCLE('',#7422,0.000499999967883433);
#432=CIRCLE('',#7423,0.000499999967883427);
#433=CIRCLE('',#7424,0.000499999967883435);
#434=CIRCLE('',#7425,0.00049999996788343);
#435=CIRCLE('',#7426,0.000499999967883421);
#436=CIRCLE('',#7427,0.000499999967883433);
#437=CIRCLE('',#7428,0.00049999996788343);
#438=CIRCLE('',#7429,0.00049999996788343);
#439=CIRCLE('',#7430,0.000499999967883433);
#440=CIRCLE('',#7431,0.000499999967883433);
#441=CIRCLE('',#7432,0.000499999967883442);
#442=CIRCLE('',#7433,0.000499999967883437);
#443=CIRCLE('',#7434,0.00049999996788344);
#444=CIRCLE('',#7435,0.000499999967883433);
#445=CIRCLE('',#7436,0.00049999996788343);
#446=CIRCLE('',#7437,0.000499999967883437);
#447=CIRCLE('',#7438,0.000499999967883464);
#448=CIRCLE('',#7439,0.000499999967883417);
#449=CIRCLE('',#7440,0.000499999967883437);
#450=CIRCLE('',#7441,0.000499999967883435);
#451=CIRCLE('',#7442,0.000499999967883431);
#452=CIRCLE('',#7443,0.000499999967883432);
#453=CIRCLE('',#7444,0.000499999967883431);
#454=CIRCLE('',#7445,0.000499999967883433);
#455=CIRCLE('',#7446,0.000499999967883441);
#456=CIRCLE('',#7447,0.000499999967883431);
#457=CIRCLE('',#7448,0.000499999967883429);
#458=CIRCLE('',#7449,0.000499999967883427);
#459=CIRCLE('',#7450,0.000499999967883435);
#460=CIRCLE('',#7451,0.000499999967883429);
#461=CIRCLE('',#7452,0.000499999967883427);
#462=CIRCLE('',#7453,0.000499999967883421);
#463=CIRCLE('',#7454,0.000499999967883432);
#464=CIRCLE('',#7455,0.000499999967883432);
#465=CIRCLE('',#7456,0.000499999967883433);
#466=CIRCLE('',#7457,0.000499999967883433);
#467=CIRCLE('',#7458,0.00049999996788342);
#468=CIRCLE('',#7459,0.00049999996788342);
#469=CIRCLE('',#7460,0.000499999967883433);
#470=CIRCLE('',#7461,0.000499999967883433);
#471=CIRCLE('',#7462,0.000499999967883432);
#472=CIRCLE('',#7463,0.00049999996788342);
#473=CIRCLE('',#7464,0.000499999967883433);
#474=CIRCLE('',#7465,0.000499999967883464);
#475=CIRCLE('',#7466,0.000499999967883439);
#476=CIRCLE('',#7467,0.000499999967883432);
#477=CIRCLE('',#7468,0.000499999967883421);
#478=CIRCLE('',#7469,0.00049999996788344);
#479=CIRCLE('',#7470,0.000499999967883439);
#480=CIRCLE('',#7471,0.000499999967883439);
#481=CIRCLE('',#7472,0.00049999996788344);
#482=CIRCLE('',#7473,0.00049999996788343);
#483=CIRCLE('',#7474,0.00049999996788343);
#484=CIRCLE('',#7475,0.00049999996788343);
#485=CIRCLE('',#7476,0.00049999996788343);
#486=CIRCLE('',#7477,0.000499999967883433);
#487=CIRCLE('',#7478,0.000499999967883437);
#488=CIRCLE('',#7479,0.000499999967883426);
#489=CIRCLE('',#7480,0.000499999967883423);
#490=CIRCLE('',#7481,0.000499999967883432);
#491=CIRCLE('',#7482,0.000499999967883432);
#492=CIRCLE('',#7483,0.000499999967883426);
#493=CIRCLE('',#7484,0.000499999967883423);
#494=CIRCLE('',#7485,0.000499999967883444);
#495=CIRCLE('',#7486,0.000499999967883444);
#496=CIRCLE('',#7487,0.000499999967883432);
#497=CIRCLE('',#7488,0.000499999967883432);
#498=CIRCLE('',#7489,0.000499999967883432);
#499=CIRCLE('',#7490,0.000499999967883432);
#500=CIRCLE('',#7491,0.000499999967883444);
#501=CIRCLE('',#7492,0.000499999967883444);
#502=CIRCLE('',#7493,0.000499999967883439);
#503=CIRCLE('',#7494,0.000499999967883439);
#504=CIRCLE('',#7495,0.00049999996788342);
#505=CIRCLE('',#7496,0.000499999967883432);
#506=CIRCLE('',#7497,0.000499999967883439);
#507=CIRCLE('',#7498,0.000499999967883439);
#508=CIRCLE('',#7499,0.000499999967883439);
#509=CIRCLE('',#7500,0.000499999967883439);
#510=CIRCLE('',#7501,0.000499999967883439);
#511=CIRCLE('',#7502,0.000499999967883439);
#512=CIRCLE('',#7503,0.000499999967883439);
#513=CIRCLE('',#7504,0.000499999967883439);
#514=CIRCLE('',#7505,0.000499999967883438);
#515=CIRCLE('',#7506,0.000499999967883431);
#516=CIRCLE('',#7507,0.000499999967883432);
#517=CIRCLE('',#7508,0.000499999967883431);
#518=CIRCLE('',#7509,0.00049999996788343);
#519=CIRCLE('',#7510,0.00049999996788343);
#520=CIRCLE('',#7511,0.004);
#521=CIRCLE('',#7512,0.004);
#522=ORIENTED_EDGE('',*,*,#2598,.F.);
#523=ORIENTED_EDGE('',*,*,#2599,.T.);
#524=ORIENTED_EDGE('',*,*,#2600,.F.);
#525=ORIENTED_EDGE('',*,*,#2601,.F.);
#526=ORIENTED_EDGE('',*,*,#2602,.T.);
#527=ORIENTED_EDGE('',*,*,#2603,.T.);
#528=ORIENTED_EDGE('',*,*,#2604,.T.);
#529=ORIENTED_EDGE('',*,*,#2605,.T.);
#530=ORIENTED_EDGE('',*,*,#2606,.T.);
#531=ORIENTED_EDGE('',*,*,#2607,.T.);
#532=ORIENTED_EDGE('',*,*,#2608,.T.);
#533=ORIENTED_EDGE('',*,*,#2609,.T.);
#534=ORIENTED_EDGE('',*,*,#2610,.T.);
#535=ORIENTED_EDGE('',*,*,#2611,.T.);
#536=ORIENTED_EDGE('',*,*,#2612,.T.);
#537=ORIENTED_EDGE('',*,*,#2613,.T.);
#538=ORIENTED_EDGE('',*,*,#2614,.T.);
#539=ORIENTED_EDGE('',*,*,#2615,.T.);
#540=ORIENTED_EDGE('',*,*,#2616,.T.);
#541=ORIENTED_EDGE('',*,*,#2617,.T.);
#542=ORIENTED_EDGE('',*,*,#2618,.T.);
#543=ORIENTED_EDGE('',*,*,#2619,.T.);
#544=ORIENTED_EDGE('',*,*,#2620,.T.);
#545=ORIENTED_EDGE('',*,*,#2621,.T.);
#546=ORIENTED_EDGE('',*,*,#2622,.T.);
#547=ORIENTED_EDGE('',*,*,#2623,.T.);
#548=ORIENTED_EDGE('',*,*,#2624,.T.);
#549=ORIENTED_EDGE('',*,*,#2625,.T.);
#550=ORIENTED_EDGE('',*,*,#2626,.T.);
#551=ORIENTED_EDGE('',*,*,#2627,.T.);
#552=ORIENTED_EDGE('',*,*,#2628,.T.);
#553=ORIENTED_EDGE('',*,*,#2629,.T.);
#554=ORIENTED_EDGE('',*,*,#2630,.T.);
#555=ORIENTED_EDGE('',*,*,#2631,.T.);
#556=ORIENTED_EDGE('',*,*,#2632,.T.);
#557=ORIENTED_EDGE('',*,*,#2633,.T.);
#558=ORIENTED_EDGE('',*,*,#2634,.T.);
#559=ORIENTED_EDGE('',*,*,#2635,.T.);
#560=ORIENTED_EDGE('',*,*,#2636,.T.);
#561=ORIENTED_EDGE('',*,*,#2637,.T.);
#562=ORIENTED_EDGE('',*,*,#2638,.T.);
#563=ORIENTED_EDGE('',*,*,#2639,.T.);
#564=ORIENTED_EDGE('',*,*,#2640,.T.);
#565=ORIENTED_EDGE('',*,*,#2641,.T.);
#566=ORIENTED_EDGE('',*,*,#2642,.T.);
#567=ORIENTED_EDGE('',*,*,#2643,.T.);
#568=ORIENTED_EDGE('',*,*,#2644,.T.);
#569=ORIENTED_EDGE('',*,*,#2645,.T.);
#570=ORIENTED_EDGE('',*,*,#2646,.T.);
#571=ORIENTED_EDGE('',*,*,#2647,.T.);
#572=ORIENTED_EDGE('',*,*,#2648,.T.);
#573=ORIENTED_EDGE('',*,*,#2649,.T.);
#574=ORIENTED_EDGE('',*,*,#2650,.T.);
#575=ORIENTED_EDGE('',*,*,#2651,.T.);
#576=ORIENTED_EDGE('',*,*,#2652,.T.);
#577=ORIENTED_EDGE('',*,*,#2653,.T.);
#578=ORIENTED_EDGE('',*,*,#2654,.T.);
#579=ORIENTED_EDGE('',*,*,#2655,.T.);
#580=ORIENTED_EDGE('',*,*,#2656,.T.);
#581=ORIENTED_EDGE('',*,*,#2657,.T.);
#582=ORIENTED_EDGE('',*,*,#2658,.T.);
#583=ORIENTED_EDGE('',*,*,#2659,.T.);
#584=ORIENTED_EDGE('',*,*,#2660,.T.);
#585=ORIENTED_EDGE('',*,*,#2661,.T.);
#586=ORIENTED_EDGE('',*,*,#2662,.T.);
#587=ORIENTED_EDGE('',*,*,#2663,.T.);
#588=ORIENTED_EDGE('',*,*,#2664,.T.);
#589=ORIENTED_EDGE('',*,*,#2665,.T.);
#590=ORIENTED_EDGE('',*,*,#2666,.T.);
#591=ORIENTED_EDGE('',*,*,#2667,.T.);
#592=ORIENTED_EDGE('',*,*,#2668,.T.);
#593=ORIENTED_EDGE('',*,*,#2669,.T.);
#594=ORIENTED_EDGE('',*,*,#2670,.T.);
#595=ORIENTED_EDGE('',*,*,#2671,.T.);
#596=ORIENTED_EDGE('',*,*,#2672,.T.);
#597=ORIENTED_EDGE('',*,*,#2673,.T.);
#598=ORIENTED_EDGE('',*,*,#2674,.T.);
#599=ORIENTED_EDGE('',*,*,#2675,.T.);
#600=ORIENTED_EDGE('',*,*,#2676,.T.);
#601=ORIENTED_EDGE('',*,*,#2677,.T.);
#602=ORIENTED_EDGE('',*,*,#2678,.T.);
#603=ORIENTED_EDGE('',*,*,#2679,.T.);
#604=ORIENTED_EDGE('',*,*,#2680,.T.);
#605=ORIENTED_EDGE('',*,*,#2681,.T.);
#606=ORIENTED_EDGE('',*,*,#2682,.T.);
#607=ORIENTED_EDGE('',*,*,#2683,.T.);
#608=ORIENTED_EDGE('',*,*,#2684,.T.);
#609=ORIENTED_EDGE('',*,*,#2685,.T.);
#610=ORIENTED_EDGE('',*,*,#2686,.T.);
#611=ORIENTED_EDGE('',*,*,#2687,.T.);
#612=ORIENTED_EDGE('',*,*,#2688,.T.);
#613=ORIENTED_EDGE('',*,*,#2689,.T.);
#614=ORIENTED_EDGE('',*,*,#2690,.T.);
#615=ORIENTED_EDGE('',*,*,#2691,.T.);
#616=ORIENTED_EDGE('',*,*,#2692,.T.);
#617=ORIENTED_EDGE('',*,*,#2693,.T.);
#618=ORIENTED_EDGE('',*,*,#2694,.T.);
#619=ORIENTED_EDGE('',*,*,#2695,.T.);
#620=ORIENTED_EDGE('',*,*,#2696,.T.);
#621=ORIENTED_EDGE('',*,*,#2697,.T.);
#622=ORIENTED_EDGE('',*,*,#2698,.T.);
#623=ORIENTED_EDGE('',*,*,#2699,.T.);
#624=ORIENTED_EDGE('',*,*,#2700,.T.);
#625=ORIENTED_EDGE('',*,*,#2701,.T.);
#626=ORIENTED_EDGE('',*,*,#2702,.T.);
#627=ORIENTED_EDGE('',*,*,#2703,.T.);
#628=ORIENTED_EDGE('',*,*,#2704,.T.);
#629=ORIENTED_EDGE('',*,*,#2705,.T.);
#630=ORIENTED_EDGE('',*,*,#2706,.T.);
#631=ORIENTED_EDGE('',*,*,#2707,.T.);
#632=ORIENTED_EDGE('',*,*,#2708,.T.);
#633=ORIENTED_EDGE('',*,*,#2709,.T.);
#634=ORIENTED_EDGE('',*,*,#2710,.T.);
#635=ORIENTED_EDGE('',*,*,#2711,.T.);
#636=ORIENTED_EDGE('',*,*,#2712,.T.);
#637=ORIENTED_EDGE('',*,*,#2713,.T.);
#638=ORIENTED_EDGE('',*,*,#2714,.T.);
#639=ORIENTED_EDGE('',*,*,#2715,.T.);
#640=ORIENTED_EDGE('',*,*,#2716,.T.);
#641=ORIENTED_EDGE('',*,*,#2717,.T.);
#642=ORIENTED_EDGE('',*,*,#2718,.T.);
#643=ORIENTED_EDGE('',*,*,#2719,.T.);
#644=ORIENTED_EDGE('',*,*,#2720,.T.);
#645=ORIENTED_EDGE('',*,*,#2721,.T.);
#646=ORIENTED_EDGE('',*,*,#2722,.T.);
#647=ORIENTED_EDGE('',*,*,#2723,.T.);
#648=ORIENTED_EDGE('',*,*,#2724,.T.);
#649=ORIENTED_EDGE('',*,*,#2725,.T.);
#650=ORIENTED_EDGE('',*,*,#2726,.T.);
#651=ORIENTED_EDGE('',*,*,#2727,.T.);
#652=ORIENTED_EDGE('',*,*,#2728,.T.);
#653=ORIENTED_EDGE('',*,*,#2729,.T.);
#654=ORIENTED_EDGE('',*,*,#2730,.T.);
#655=ORIENTED_EDGE('',*,*,#2731,.T.);
#656=ORIENTED_EDGE('',*,*,#2732,.T.);
#657=ORIENTED_EDGE('',*,*,#2733,.T.);
#658=ORIENTED_EDGE('',*,*,#2734,.T.);
#659=ORIENTED_EDGE('',*,*,#2735,.T.);
#660=ORIENTED_EDGE('',*,*,#2736,.T.);
#661=ORIENTED_EDGE('',*,*,#2737,.T.);
#662=ORIENTED_EDGE('',*,*,#2738,.T.);
#663=ORIENTED_EDGE('',*,*,#2739,.T.);
#664=ORIENTED_EDGE('',*,*,#2740,.T.);
#665=ORIENTED_EDGE('',*,*,#2741,.T.);
#666=ORIENTED_EDGE('',*,*,#2742,.T.);
#667=ORIENTED_EDGE('',*,*,#2743,.T.);
#668=ORIENTED_EDGE('',*,*,#2744,.T.);
#669=ORIENTED_EDGE('',*,*,#2745,.T.);
#670=ORIENTED_EDGE('',*,*,#2746,.T.);
#671=ORIENTED_EDGE('',*,*,#2747,.T.);
#672=ORIENTED_EDGE('',*,*,#2748,.T.);
#673=ORIENTED_EDGE('',*,*,#2749,.T.);
#674=ORIENTED_EDGE('',*,*,#2750,.T.);
#675=ORIENTED_EDGE('',*,*,#2751,.T.);
#676=ORIENTED_EDGE('',*,*,#2752,.T.);
#677=ORIENTED_EDGE('',*,*,#2753,.T.);
#678=ORIENTED_EDGE('',*,*,#2754,.T.);
#679=ORIENTED_EDGE('',*,*,#2755,.T.);
#680=ORIENTED_EDGE('',*,*,#2756,.T.);
#681=ORIENTED_EDGE('',*,*,#2757,.T.);
#682=ORIENTED_EDGE('',*,*,#2758,.T.);
#683=ORIENTED_EDGE('',*,*,#2759,.T.);
#684=ORIENTED_EDGE('',*,*,#2760,.T.);
#685=ORIENTED_EDGE('',*,*,#2761,.T.);
#686=ORIENTED_EDGE('',*,*,#2762,.T.);
#687=ORIENTED_EDGE('',*,*,#2763,.T.);
#688=ORIENTED_EDGE('',*,*,#2764,.T.);
#689=ORIENTED_EDGE('',*,*,#2765,.T.);
#690=ORIENTED_EDGE('',*,*,#2766,.T.);
#691=ORIENTED_EDGE('',*,*,#2767,.T.);
#692=ORIENTED_EDGE('',*,*,#2768,.T.);
#693=ORIENTED_EDGE('',*,*,#2769,.T.);
#694=ORIENTED_EDGE('',*,*,#2770,.T.);
#695=ORIENTED_EDGE('',*,*,#2771,.T.);
#696=ORIENTED_EDGE('',*,*,#2772,.T.);
#697=ORIENTED_EDGE('',*,*,#2773,.T.);
#698=ORIENTED_EDGE('',*,*,#2774,.T.);
#699=ORIENTED_EDGE('',*,*,#2775,.T.);
#700=ORIENTED_EDGE('',*,*,#2776,.T.);
#701=ORIENTED_EDGE('',*,*,#2777,.T.);
#702=ORIENTED_EDGE('',*,*,#2778,.T.);
#703=ORIENTED_EDGE('',*,*,#2779,.T.);
#704=ORIENTED_EDGE('',*,*,#2780,.T.);
#705=ORIENTED_EDGE('',*,*,#2781,.T.);
#706=ORIENTED_EDGE('',*,*,#2782,.T.);
#707=ORIENTED_EDGE('',*,*,#2783,.T.);
#708=ORIENTED_EDGE('',*,*,#2784,.T.);
#709=ORIENTED_EDGE('',*,*,#2785,.T.);
#710=ORIENTED_EDGE('',*,*,#2786,.T.);
#711=ORIENTED_EDGE('',*,*,#2787,.T.);
#712=ORIENTED_EDGE('',*,*,#2788,.T.);
#713=ORIENTED_EDGE('',*,*,#2789,.T.);
#714=ORIENTED_EDGE('',*,*,#2790,.T.);
#715=ORIENTED_EDGE('',*,*,#2791,.T.);
#716=ORIENTED_EDGE('',*,*,#2792,.T.);
#717=ORIENTED_EDGE('',*,*,#2793,.T.);
#718=ORIENTED_EDGE('',*,*,#2794,.T.);
#719=ORIENTED_EDGE('',*,*,#2795,.T.);
#720=ORIENTED_EDGE('',*,*,#2796,.T.);
#721=ORIENTED_EDGE('',*,*,#2797,.T.);
#722=ORIENTED_EDGE('',*,*,#2798,.T.);
#723=ORIENTED_EDGE('',*,*,#2799,.T.);
#724=ORIENTED_EDGE('',*,*,#2800,.T.);
#725=ORIENTED_EDGE('',*,*,#2801,.T.);
#726=ORIENTED_EDGE('',*,*,#2802,.T.);
#727=ORIENTED_EDGE('',*,*,#2803,.T.);
#728=ORIENTED_EDGE('',*,*,#2804,.T.);
#729=ORIENTED_EDGE('',*,*,#2805,.T.);
#730=ORIENTED_EDGE('',*,*,#2806,.T.);
#731=ORIENTED_EDGE('',*,*,#2807,.T.);
#732=ORIENTED_EDGE('',*,*,#2808,.T.);
#733=ORIENTED_EDGE('',*,*,#2809,.T.);
#734=ORIENTED_EDGE('',*,*,#2810,.T.);
#735=ORIENTED_EDGE('',*,*,#2811,.T.);
#736=ORIENTED_EDGE('',*,*,#2812,.T.);
#737=ORIENTED_EDGE('',*,*,#2813,.T.);
#738=ORIENTED_EDGE('',*,*,#2814,.T.);
#739=ORIENTED_EDGE('',*,*,#2815,.T.);
#740=ORIENTED_EDGE('',*,*,#2816,.T.);
#741=ORIENTED_EDGE('',*,*,#2817,.T.);
#742=ORIENTED_EDGE('',*,*,#2818,.T.);
#743=ORIENTED_EDGE('',*,*,#2819,.T.);
#744=ORIENTED_EDGE('',*,*,#2820,.T.);
#745=ORIENTED_EDGE('',*,*,#2821,.T.);
#746=ORIENTED_EDGE('',*,*,#2822,.T.);
#747=ORIENTED_EDGE('',*,*,#2823,.T.);
#748=ORIENTED_EDGE('',*,*,#2824,.T.);
#749=ORIENTED_EDGE('',*,*,#2825,.T.);
#750=ORIENTED_EDGE('',*,*,#2826,.T.);
#751=ORIENTED_EDGE('',*,*,#2827,.T.);
#752=ORIENTED_EDGE('',*,*,#2828,.T.);
#753=ORIENTED_EDGE('',*,*,#2829,.T.);
#754=ORIENTED_EDGE('',*,*,#2830,.T.);
#755=ORIENTED_EDGE('',*,*,#2831,.T.);
#756=ORIENTED_EDGE('',*,*,#2832,.T.);
#757=ORIENTED_EDGE('',*,*,#2833,.T.);
#758=ORIENTED_EDGE('',*,*,#2834,.T.);
#759=ORIENTED_EDGE('',*,*,#2835,.T.);
#760=ORIENTED_EDGE('',*,*,#2836,.T.);
#761=ORIENTED_EDGE('',*,*,#2837,.T.);
#762=ORIENTED_EDGE('',*,*,#2838,.T.);
#763=ORIENTED_EDGE('',*,*,#2839,.T.);
#764=ORIENTED_EDGE('',*,*,#2840,.T.);
#765=ORIENTED_EDGE('',*,*,#2841,.T.);
#766=ORIENTED_EDGE('',*,*,#2842,.T.);
#767=ORIENTED_EDGE('',*,*,#2843,.T.);
#768=ORIENTED_EDGE('',*,*,#2844,.T.);
#769=ORIENTED_EDGE('',*,*,#2845,.T.);
#770=ORIENTED_EDGE('',*,*,#2846,.T.);
#771=ORIENTED_EDGE('',*,*,#2847,.T.);
#772=ORIENTED_EDGE('',*,*,#2848,.T.);
#773=ORIENTED_EDGE('',*,*,#2849,.T.);
#774=ORIENTED_EDGE('',*,*,#2850,.T.);
#775=ORIENTED_EDGE('',*,*,#2851,.T.);
#776=ORIENTED_EDGE('',*,*,#2852,.T.);
#777=ORIENTED_EDGE('',*,*,#2853,.T.);
#778=ORIENTED_EDGE('',*,*,#2854,.T.);
#779=ORIENTED_EDGE('',*,*,#2855,.T.);
#780=ORIENTED_EDGE('',*,*,#2856,.T.);
#781=ORIENTED_EDGE('',*,*,#2857,.T.);
#782=ORIENTED_EDGE('',*,*,#2858,.T.);
#783=ORIENTED_EDGE('',*,*,#2859,.T.);
#784=ORIENTED_EDGE('',*,*,#2860,.T.);
#785=ORIENTED_EDGE('',*,*,#2861,.T.);
#786=ORIENTED_EDGE('',*,*,#2862,.T.);
#787=ORIENTED_EDGE('',*,*,#2863,.T.);
#788=ORIENTED_EDGE('',*,*,#2864,.T.);
#789=ORIENTED_EDGE('',*,*,#2865,.T.);
#790=ORIENTED_EDGE('',*,*,#2866,.T.);
#791=ORIENTED_EDGE('',*,*,#2867,.T.);
#792=ORIENTED_EDGE('',*,*,#2868,.T.);
#793=ORIENTED_EDGE('',*,*,#2869,.T.);
#794=ORIENTED_EDGE('',*,*,#2870,.T.);
#795=ORIENTED_EDGE('',*,*,#2871,.T.);
#796=ORIENTED_EDGE('',*,*,#2872,.T.);
#797=ORIENTED_EDGE('',*,*,#2873,.T.);
#798=ORIENTED_EDGE('',*,*,#2874,.T.);
#799=ORIENTED_EDGE('',*,*,#2875,.T.);
#800=ORIENTED_EDGE('',*,*,#2876,.T.);
#801=ORIENTED_EDGE('',*,*,#2877,.T.);
#802=ORIENTED_EDGE('',*,*,#2878,.T.);
#803=ORIENTED_EDGE('',*,*,#2879,.T.);
#804=ORIENTED_EDGE('',*,*,#2880,.T.);
#805=ORIENTED_EDGE('',*,*,#2881,.T.);
#806=ORIENTED_EDGE('',*,*,#2882,.T.);
#807=ORIENTED_EDGE('',*,*,#2883,.T.);
#808=ORIENTED_EDGE('',*,*,#2884,.T.);
#809=ORIENTED_EDGE('',*,*,#2885,.T.);
#810=ORIENTED_EDGE('',*,*,#2886,.T.);
#811=ORIENTED_EDGE('',*,*,#2887,.T.);
#812=ORIENTED_EDGE('',*,*,#2888,.T.);
#813=ORIENTED_EDGE('',*,*,#2889,.T.);
#814=ORIENTED_EDGE('',*,*,#2890,.T.);
#815=ORIENTED_EDGE('',*,*,#2891,.T.);
#816=ORIENTED_EDGE('',*,*,#2892,.T.);
#817=ORIENTED_EDGE('',*,*,#2893,.T.);
#818=ORIENTED_EDGE('',*,*,#2894,.T.);
#819=ORIENTED_EDGE('',*,*,#2895,.T.);
#820=ORIENTED_EDGE('',*,*,#2896,.T.);
#821=ORIENTED_EDGE('',*,*,#2897,.T.);
#822=ORIENTED_EDGE('',*,*,#2898,.T.);
#823=ORIENTED_EDGE('',*,*,#2899,.T.);
#824=ORIENTED_EDGE('',*,*,#2900,.T.);
#825=ORIENTED_EDGE('',*,*,#2901,.T.);
#826=ORIENTED_EDGE('',*,*,#2902,.T.);
#827=ORIENTED_EDGE('',*,*,#2903,.T.);
#828=ORIENTED_EDGE('',*,*,#2904,.T.);
#829=ORIENTED_EDGE('',*,*,#2905,.T.);
#830=ORIENTED_EDGE('',*,*,#2906,.T.);
#831=ORIENTED_EDGE('',*,*,#2907,.T.);
#832=ORIENTED_EDGE('',*,*,#2908,.T.);
#833=ORIENTED_EDGE('',*,*,#2909,.T.);
#834=ORIENTED_EDGE('',*,*,#2910,.T.);
#835=ORIENTED_EDGE('',*,*,#2911,.T.);
#836=ORIENTED_EDGE('',*,*,#2912,.T.);
#837=ORIENTED_EDGE('',*,*,#2913,.T.);
#838=ORIENTED_EDGE('',*,*,#2914,.T.);
#839=ORIENTED_EDGE('',*,*,#2915,.T.);
#840=ORIENTED_EDGE('',*,*,#2916,.T.);
#841=ORIENTED_EDGE('',*,*,#2917,.T.);
#842=ORIENTED_EDGE('',*,*,#2918,.T.);
#843=ORIENTED_EDGE('',*,*,#2919,.T.);
#844=ORIENTED_EDGE('',*,*,#2920,.T.);
#845=ORIENTED_EDGE('',*,*,#2921,.T.);
#846=ORIENTED_EDGE('',*,*,#2922,.F.);
#847=ORIENTED_EDGE('',*,*,#2923,.T.);
#848=ORIENTED_EDGE('',*,*,#2924,.F.);
#849=ORIENTED_EDGE('',*,*,#2925,.F.);
#850=ORIENTED_EDGE('',*,*,#2926,.F.);
#851=ORIENTED_EDGE('',*,*,#2927,.F.);
#852=ORIENTED_EDGE('',*,*,#2600,.T.);
#853=ORIENTED_EDGE('',*,*,#2928,.F.);
#854=ORIENTED_EDGE('',*,*,#2929,.T.);
#855=ORIENTED_EDGE('',*,*,#2930,.F.);
#856=ORIENTED_EDGE('',*,*,#2931,.T.);
#857=ORIENTED_EDGE('',*,*,#2932,.T.);
#858=ORIENTED_EDGE('',*,*,#2933,.T.);
#859=ORIENTED_EDGE('',*,*,#2934,.T.);
#860=ORIENTED_EDGE('',*,*,#2935,.T.);
#861=ORIENTED_EDGE('',*,*,#2936,.F.);
#862=ORIENTED_EDGE('',*,*,#2937,.T.);
#863=ORIENTED_EDGE('',*,*,#2938,.T.);
#864=ORIENTED_EDGE('',*,*,#2939,.T.);
#865=ORIENTED_EDGE('',*,*,#2940,.T.);
#866=ORIENTED_EDGE('',*,*,#2941,.T.);
#867=ORIENTED_EDGE('',*,*,#2942,.F.);
#868=ORIENTED_EDGE('',*,*,#2943,.T.);
#869=ORIENTED_EDGE('',*,*,#2944,.T.);
#870=ORIENTED_EDGE('',*,*,#2945,.T.);
#871=ORIENTED_EDGE('',*,*,#2946,.T.);
#872=ORIENTED_EDGE('',*,*,#2947,.T.);
#873=ORIENTED_EDGE('',*,*,#2948,.F.);
#874=ORIENTED_EDGE('',*,*,#2949,.F.);
#875=ORIENTED_EDGE('',*,*,#2950,.T.);
#876=ORIENTED_EDGE('',*,*,#2951,.F.);
#877=ORIENTED_EDGE('',*,*,#2952,.F.);
#878=ORIENTED_EDGE('',*,*,#2953,.T.);
#879=ORIENTED_EDGE('',*,*,#2924,.T.);
#880=ORIENTED_EDGE('',*,*,#2943,.F.);
#881=ORIENTED_EDGE('',*,*,#2954,.T.);
#882=ORIENTED_EDGE('',*,*,#2955,.T.);
#883=ORIENTED_EDGE('',*,*,#2956,.T.);
#884=ORIENTED_EDGE('',*,*,#2937,.F.);
#885=ORIENTED_EDGE('',*,*,#2957,.T.);
#886=ORIENTED_EDGE('',*,*,#2958,.T.);
#887=ORIENTED_EDGE('',*,*,#2959,.T.);
#888=ORIENTED_EDGE('',*,*,#2931,.F.);
#889=ORIENTED_EDGE('',*,*,#2960,.T.);
#890=ORIENTED_EDGE('',*,*,#2961,.T.);
#891=ORIENTED_EDGE('',*,*,#2962,.T.);
#892=ORIENTED_EDGE('',*,*,#2963,.T.);
#893=ORIENTED_EDGE('',*,*,#2964,.T.);
#894=ORIENTED_EDGE('',*,*,#2947,.F.);
#895=ORIENTED_EDGE('',*,*,#2965,.F.);
#896=ORIENTED_EDGE('',*,*,#2966,.T.);
#897=ORIENTED_EDGE('',*,*,#2967,.T.);
#898=ORIENTED_EDGE('',*,*,#2941,.F.);
#899=ORIENTED_EDGE('',*,*,#2968,.F.);
#900=ORIENTED_EDGE('',*,*,#2969,.T.);
#901=ORIENTED_EDGE('',*,*,#2970,.T.);
#902=ORIENTED_EDGE('',*,*,#2935,.F.);
#903=ORIENTED_EDGE('',*,*,#2971,.F.);
#904=ORIENTED_EDGE('',*,*,#2972,.F.);
#905=ORIENTED_EDGE('',*,*,#2973,.F.);
#906=ORIENTED_EDGE('',*,*,#2974,.F.);
#907=ORIENTED_EDGE('',*,*,#2975,.F.);
#908=ORIENTED_EDGE('',*,*,#2976,.F.);
#909=ORIENTED_EDGE('',*,*,#2977,.F.);
#910=ORIENTED_EDGE('',*,*,#2978,.F.);
#911=ORIENTED_EDGE('',*,*,#2979,.F.);
#912=ORIENTED_EDGE('',*,*,#2980,.F.);
#913=ORIENTED_EDGE('',*,*,#2981,.F.);
#914=ORIENTED_EDGE('',*,*,#2982,.F.);
#915=ORIENTED_EDGE('',*,*,#2983,.F.);
#916=ORIENTED_EDGE('',*,*,#2984,.F.);
#917=ORIENTED_EDGE('',*,*,#2985,.F.);
#918=ORIENTED_EDGE('',*,*,#2986,.F.);
#919=ORIENTED_EDGE('',*,*,#2987,.F.);
#920=ORIENTED_EDGE('',*,*,#2988,.F.);
#921=ORIENTED_EDGE('',*,*,#2989,.F.);
#922=ORIENTED_EDGE('',*,*,#2990,.F.);
#923=ORIENTED_EDGE('',*,*,#2991,.F.);
#924=ORIENTED_EDGE('',*,*,#2992,.F.);
#925=ORIENTED_EDGE('',*,*,#2993,.F.);
#926=ORIENTED_EDGE('',*,*,#2994,.F.);
#927=ORIENTED_EDGE('',*,*,#2995,.F.);
#928=ORIENTED_EDGE('',*,*,#2996,.F.);
#929=ORIENTED_EDGE('',*,*,#2997,.F.);
#930=ORIENTED_EDGE('',*,*,#2998,.F.);
#931=ORIENTED_EDGE('',*,*,#2999,.F.);
#932=ORIENTED_EDGE('',*,*,#3000,.F.);
#933=ORIENTED_EDGE('',*,*,#3001,.F.);
#934=ORIENTED_EDGE('',*,*,#3002,.F.);
#935=ORIENTED_EDGE('',*,*,#3003,.F.);
#936=ORIENTED_EDGE('',*,*,#3004,.F.);
#937=ORIENTED_EDGE('',*,*,#3005,.F.);
#938=ORIENTED_EDGE('',*,*,#3006,.F.);
#939=ORIENTED_EDGE('',*,*,#3007,.F.);
#940=ORIENTED_EDGE('',*,*,#3008,.F.);
#941=ORIENTED_EDGE('',*,*,#3009,.F.);
#942=ORIENTED_EDGE('',*,*,#3010,.F.);
#943=ORIENTED_EDGE('',*,*,#3011,.F.);
#944=ORIENTED_EDGE('',*,*,#3012,.F.);
#945=ORIENTED_EDGE('',*,*,#3013,.F.);
#946=ORIENTED_EDGE('',*,*,#3014,.F.);
#947=ORIENTED_EDGE('',*,*,#3015,.F.);
#948=ORIENTED_EDGE('',*,*,#3016,.F.);
#949=ORIENTED_EDGE('',*,*,#3017,.F.);
#950=ORIENTED_EDGE('',*,*,#3018,.F.);
#951=ORIENTED_EDGE('',*,*,#3019,.F.);
#952=ORIENTED_EDGE('',*,*,#3020,.F.);
#953=ORIENTED_EDGE('',*,*,#3021,.F.);
#954=ORIENTED_EDGE('',*,*,#3022,.F.);
#955=ORIENTED_EDGE('',*,*,#3023,.F.);
#956=ORIENTED_EDGE('',*,*,#3024,.F.);
#957=ORIENTED_EDGE('',*,*,#3025,.F.);
#958=ORIENTED_EDGE('',*,*,#3026,.F.);
#959=ORIENTED_EDGE('',*,*,#3027,.F.);
#960=ORIENTED_EDGE('',*,*,#3028,.F.);
#961=ORIENTED_EDGE('',*,*,#3029,.F.);
#962=ORIENTED_EDGE('',*,*,#3030,.F.);
#963=ORIENTED_EDGE('',*,*,#3031,.F.);
#964=ORIENTED_EDGE('',*,*,#3032,.F.);
#965=ORIENTED_EDGE('',*,*,#3033,.F.);
#966=ORIENTED_EDGE('',*,*,#3034,.F.);
#967=ORIENTED_EDGE('',*,*,#3035,.F.);
#968=ORIENTED_EDGE('',*,*,#3036,.F.);
#969=ORIENTED_EDGE('',*,*,#3037,.F.);
#970=ORIENTED_EDGE('',*,*,#3038,.F.);
#971=ORIENTED_EDGE('',*,*,#3039,.F.);
#972=ORIENTED_EDGE('',*,*,#3040,.F.);
#973=ORIENTED_EDGE('',*,*,#3041,.F.);
#974=ORIENTED_EDGE('',*,*,#3042,.F.);
#975=ORIENTED_EDGE('',*,*,#3043,.F.);
#976=ORIENTED_EDGE('',*,*,#3044,.F.);
#977=ORIENTED_EDGE('',*,*,#3045,.F.);
#978=ORIENTED_EDGE('',*,*,#3046,.F.);
#979=ORIENTED_EDGE('',*,*,#3047,.F.);
#980=ORIENTED_EDGE('',*,*,#3048,.F.);
#981=ORIENTED_EDGE('',*,*,#3049,.F.);
#982=ORIENTED_EDGE('',*,*,#3050,.F.);
#983=ORIENTED_EDGE('',*,*,#3051,.F.);
#984=ORIENTED_EDGE('',*,*,#3052,.F.);
#985=ORIENTED_EDGE('',*,*,#3053,.F.);
#986=ORIENTED_EDGE('',*,*,#3054,.F.);
#987=ORIENTED_EDGE('',*,*,#3055,.F.);
#988=ORIENTED_EDGE('',*,*,#3056,.F.);
#989=ORIENTED_EDGE('',*,*,#3057,.F.);
#990=ORIENTED_EDGE('',*,*,#3058,.F.);
#991=ORIENTED_EDGE('',*,*,#3059,.F.);
#992=ORIENTED_EDGE('',*,*,#3060,.F.);
#993=ORIENTED_EDGE('',*,*,#3061,.F.);
#994=ORIENTED_EDGE('',*,*,#3062,.F.);
#995=ORIENTED_EDGE('',*,*,#3063,.F.);
#996=ORIENTED_EDGE('',*,*,#3064,.F.);
#997=ORIENTED_EDGE('',*,*,#3065,.F.);
#998=ORIENTED_EDGE('',*,*,#3066,.F.);
#999=ORIENTED_EDGE('',*,*,#3067,.F.);
#1000=ORIENTED_EDGE('',*,*,#3068,.F.);
#1001=ORIENTED_EDGE('',*,*,#3069,.F.);
#1002=ORIENTED_EDGE('',*,*,#3070,.F.);
#1003=ORIENTED_EDGE('',*,*,#3071,.F.);
#1004=ORIENTED_EDGE('',*,*,#3072,.F.);
#1005=ORIENTED_EDGE('',*,*,#3073,.F.);
#1006=ORIENTED_EDGE('',*,*,#3074,.F.);
#1007=ORIENTED_EDGE('',*,*,#3075,.F.);
#1008=ORIENTED_EDGE('',*,*,#3076,.F.);
#1009=ORIENTED_EDGE('',*,*,#3077,.F.);
#1010=ORIENTED_EDGE('',*,*,#3078,.F.);
#1011=ORIENTED_EDGE('',*,*,#3079,.F.);
#1012=ORIENTED_EDGE('',*,*,#3080,.F.);
#1013=ORIENTED_EDGE('',*,*,#3081,.F.);
#1014=ORIENTED_EDGE('',*,*,#3082,.F.);
#1015=ORIENTED_EDGE('',*,*,#3083,.F.);
#1016=ORIENTED_EDGE('',*,*,#3084,.F.);
#1017=ORIENTED_EDGE('',*,*,#3085,.F.);
#1018=ORIENTED_EDGE('',*,*,#3086,.F.);
#1019=ORIENTED_EDGE('',*,*,#3087,.F.);
#1020=ORIENTED_EDGE('',*,*,#3088,.F.);
#1021=ORIENTED_EDGE('',*,*,#3089,.F.);
#1022=ORIENTED_EDGE('',*,*,#3090,.F.);
#1023=ORIENTED_EDGE('',*,*,#3091,.F.);
#1024=ORIENTED_EDGE('',*,*,#3092,.F.);
#1025=ORIENTED_EDGE('',*,*,#3093,.F.);
#1026=ORIENTED_EDGE('',*,*,#3094,.F.);
#1027=ORIENTED_EDGE('',*,*,#3095,.F.);
#1028=ORIENTED_EDGE('',*,*,#3096,.F.);
#1029=ORIENTED_EDGE('',*,*,#3097,.F.);
#1030=ORIENTED_EDGE('',*,*,#3098,.F.);
#1031=ORIENTED_EDGE('',*,*,#3099,.F.);
#1032=ORIENTED_EDGE('',*,*,#3100,.F.);
#1033=ORIENTED_EDGE('',*,*,#3101,.F.);
#1034=ORIENTED_EDGE('',*,*,#3102,.F.);
#1035=ORIENTED_EDGE('',*,*,#3103,.F.);
#1036=ORIENTED_EDGE('',*,*,#3104,.F.);
#1037=ORIENTED_EDGE('',*,*,#3105,.F.);
#1038=ORIENTED_EDGE('',*,*,#3106,.F.);
#1039=ORIENTED_EDGE('',*,*,#3107,.F.);
#1040=ORIENTED_EDGE('',*,*,#3108,.F.);
#1041=ORIENTED_EDGE('',*,*,#3109,.F.);
#1042=ORIENTED_EDGE('',*,*,#3110,.F.);
#1043=ORIENTED_EDGE('',*,*,#3111,.F.);
#1044=ORIENTED_EDGE('',*,*,#3112,.F.);
#1045=ORIENTED_EDGE('',*,*,#3113,.F.);
#1046=ORIENTED_EDGE('',*,*,#3114,.F.);
#1047=ORIENTED_EDGE('',*,*,#3115,.F.);
#1048=ORIENTED_EDGE('',*,*,#3116,.F.);
#1049=ORIENTED_EDGE('',*,*,#3117,.F.);
#1050=ORIENTED_EDGE('',*,*,#3118,.F.);
#1051=ORIENTED_EDGE('',*,*,#3119,.F.);
#1052=ORIENTED_EDGE('',*,*,#3120,.F.);
#1053=ORIENTED_EDGE('',*,*,#3121,.F.);
#1054=ORIENTED_EDGE('',*,*,#3122,.F.);
#1055=ORIENTED_EDGE('',*,*,#3123,.F.);
#1056=ORIENTED_EDGE('',*,*,#3124,.F.);
#1057=ORIENTED_EDGE('',*,*,#3125,.F.);
#1058=ORIENTED_EDGE('',*,*,#3126,.F.);
#1059=ORIENTED_EDGE('',*,*,#3127,.F.);
#1060=ORIENTED_EDGE('',*,*,#3128,.F.);
#1061=ORIENTED_EDGE('',*,*,#3129,.F.);
#1062=ORIENTED_EDGE('',*,*,#3130,.F.);
#1063=ORIENTED_EDGE('',*,*,#3131,.F.);
#1064=ORIENTED_EDGE('',*,*,#3132,.F.);
#1065=ORIENTED_EDGE('',*,*,#3133,.F.);
#1066=ORIENTED_EDGE('',*,*,#3134,.F.);
#1067=ORIENTED_EDGE('',*,*,#3135,.F.);
#1068=ORIENTED_EDGE('',*,*,#3136,.F.);
#1069=ORIENTED_EDGE('',*,*,#3137,.F.);
#1070=ORIENTED_EDGE('',*,*,#3138,.F.);
#1071=ORIENTED_EDGE('',*,*,#3139,.F.);
#1072=ORIENTED_EDGE('',*,*,#3140,.F.);
#1073=ORIENTED_EDGE('',*,*,#3141,.F.);
#1074=ORIENTED_EDGE('',*,*,#3142,.F.);
#1075=ORIENTED_EDGE('',*,*,#3143,.F.);
#1076=ORIENTED_EDGE('',*,*,#3144,.F.);
#1077=ORIENTED_EDGE('',*,*,#3145,.F.);
#1078=ORIENTED_EDGE('',*,*,#3146,.F.);
#1079=ORIENTED_EDGE('',*,*,#3147,.F.);
#1080=ORIENTED_EDGE('',*,*,#3148,.F.);
#1081=ORIENTED_EDGE('',*,*,#3149,.F.);
#1082=ORIENTED_EDGE('',*,*,#3150,.F.);
#1083=ORIENTED_EDGE('',*,*,#3151,.F.);
#1084=ORIENTED_EDGE('',*,*,#3152,.F.);
#1085=ORIENTED_EDGE('',*,*,#3153,.F.);
#1086=ORIENTED_EDGE('',*,*,#3154,.F.);
#1087=ORIENTED_EDGE('',*,*,#3155,.F.);
#1088=ORIENTED_EDGE('',*,*,#3156,.F.);
#1089=ORIENTED_EDGE('',*,*,#3157,.F.);
#1090=ORIENTED_EDGE('',*,*,#3158,.F.);
#1091=ORIENTED_EDGE('',*,*,#3159,.F.);
#1092=ORIENTED_EDGE('',*,*,#3160,.F.);
#1093=ORIENTED_EDGE('',*,*,#3161,.F.);
#1094=ORIENTED_EDGE('',*,*,#3162,.F.);
#1095=ORIENTED_EDGE('',*,*,#3163,.F.);
#1096=ORIENTED_EDGE('',*,*,#3164,.F.);
#1097=ORIENTED_EDGE('',*,*,#3165,.F.);
#1098=ORIENTED_EDGE('',*,*,#3166,.F.);
#1099=ORIENTED_EDGE('',*,*,#3167,.F.);
#1100=ORIENTED_EDGE('',*,*,#3168,.F.);
#1101=ORIENTED_EDGE('',*,*,#3169,.F.);
#1102=ORIENTED_EDGE('',*,*,#3170,.F.);
#1103=ORIENTED_EDGE('',*,*,#3171,.F.);
#1104=ORIENTED_EDGE('',*,*,#3172,.F.);
#1105=ORIENTED_EDGE('',*,*,#3173,.F.);
#1106=ORIENTED_EDGE('',*,*,#3174,.F.);
#1107=ORIENTED_EDGE('',*,*,#3175,.F.);
#1108=ORIENTED_EDGE('',*,*,#3176,.F.);
#1109=ORIENTED_EDGE('',*,*,#3177,.F.);
#1110=ORIENTED_EDGE('',*,*,#3178,.F.);
#1111=ORIENTED_EDGE('',*,*,#3179,.F.);
#1112=ORIENTED_EDGE('',*,*,#3180,.F.);
#1113=ORIENTED_EDGE('',*,*,#3181,.F.);
#1114=ORIENTED_EDGE('',*,*,#3182,.F.);
#1115=ORIENTED_EDGE('',*,*,#3183,.F.);
#1116=ORIENTED_EDGE('',*,*,#3184,.F.);
#1117=ORIENTED_EDGE('',*,*,#3185,.F.);
#1118=ORIENTED_EDGE('',*,*,#3186,.F.);
#1119=ORIENTED_EDGE('',*,*,#3187,.F.);
#1120=ORIENTED_EDGE('',*,*,#3188,.F.);
#1121=ORIENTED_EDGE('',*,*,#3189,.F.);
#1122=ORIENTED_EDGE('',*,*,#3190,.F.);
#1123=ORIENTED_EDGE('',*,*,#3191,.F.);
#1124=ORIENTED_EDGE('',*,*,#3192,.F.);
#1125=ORIENTED_EDGE('',*,*,#3193,.F.);
#1126=ORIENTED_EDGE('',*,*,#3194,.F.);
#1127=ORIENTED_EDGE('',*,*,#3195,.F.);
#1128=ORIENTED_EDGE('',*,*,#3196,.F.);
#1129=ORIENTED_EDGE('',*,*,#3197,.F.);
#1130=ORIENTED_EDGE('',*,*,#3198,.F.);
#1131=ORIENTED_EDGE('',*,*,#3199,.F.);
#1132=ORIENTED_EDGE('',*,*,#3200,.F.);
#1133=ORIENTED_EDGE('',*,*,#3201,.F.);
#1134=ORIENTED_EDGE('',*,*,#3202,.F.);
#1135=ORIENTED_EDGE('',*,*,#3203,.F.);
#1136=ORIENTED_EDGE('',*,*,#3204,.F.);
#1137=ORIENTED_EDGE('',*,*,#3205,.F.);
#1138=ORIENTED_EDGE('',*,*,#3206,.F.);
#1139=ORIENTED_EDGE('',*,*,#3207,.F.);
#1140=ORIENTED_EDGE('',*,*,#3208,.F.);
#1141=ORIENTED_EDGE('',*,*,#3209,.F.);
#1142=ORIENTED_EDGE('',*,*,#3210,.F.);
#1143=ORIENTED_EDGE('',*,*,#3211,.F.);
#1144=ORIENTED_EDGE('',*,*,#3212,.F.);
#1145=ORIENTED_EDGE('',*,*,#3213,.F.);
#1146=ORIENTED_EDGE('',*,*,#3214,.F.);
#1147=ORIENTED_EDGE('',*,*,#3215,.F.);
#1148=ORIENTED_EDGE('',*,*,#3216,.F.);
#1149=ORIENTED_EDGE('',*,*,#3217,.F.);
#1150=ORIENTED_EDGE('',*,*,#3218,.F.);
#1151=ORIENTED_EDGE('',*,*,#3219,.F.);
#1152=ORIENTED_EDGE('',*,*,#3220,.F.);
#1153=ORIENTED_EDGE('',*,*,#3221,.F.);
#1154=ORIENTED_EDGE('',*,*,#3222,.F.);
#1155=ORIENTED_EDGE('',*,*,#3223,.F.);
#1156=ORIENTED_EDGE('',*,*,#3224,.F.);
#1157=ORIENTED_EDGE('',*,*,#3225,.F.);
#1158=ORIENTED_EDGE('',*,*,#3226,.F.);
#1159=ORIENTED_EDGE('',*,*,#3227,.F.);
#1160=ORIENTED_EDGE('',*,*,#3228,.F.);
#1161=ORIENTED_EDGE('',*,*,#3229,.F.);
#1162=ORIENTED_EDGE('',*,*,#3230,.F.);
#1163=ORIENTED_EDGE('',*,*,#3231,.F.);
#1164=ORIENTED_EDGE('',*,*,#3232,.F.);
#1165=ORIENTED_EDGE('',*,*,#3233,.F.);
#1166=ORIENTED_EDGE('',*,*,#3234,.F.);
#1167=ORIENTED_EDGE('',*,*,#3235,.F.);
#1168=ORIENTED_EDGE('',*,*,#3236,.F.);
#1169=ORIENTED_EDGE('',*,*,#3237,.F.);
#1170=ORIENTED_EDGE('',*,*,#3238,.F.);
#1171=ORIENTED_EDGE('',*,*,#3239,.F.);
#1172=ORIENTED_EDGE('',*,*,#3240,.F.);
#1173=ORIENTED_EDGE('',*,*,#3241,.F.);
#1174=ORIENTED_EDGE('',*,*,#3242,.F.);
#1175=ORIENTED_EDGE('',*,*,#3243,.F.);
#1176=ORIENTED_EDGE('',*,*,#3244,.F.);
#1177=ORIENTED_EDGE('',*,*,#3245,.F.);
#1178=ORIENTED_EDGE('',*,*,#3246,.F.);
#1179=ORIENTED_EDGE('',*,*,#3247,.F.);
#1180=ORIENTED_EDGE('',*,*,#3248,.F.);
#1181=ORIENTED_EDGE('',*,*,#3249,.F.);
#1182=ORIENTED_EDGE('',*,*,#3250,.F.);
#1183=ORIENTED_EDGE('',*,*,#3251,.F.);
#1184=ORIENTED_EDGE('',*,*,#3252,.F.);
#1185=ORIENTED_EDGE('',*,*,#3253,.F.);
#1186=ORIENTED_EDGE('',*,*,#3254,.F.);
#1187=ORIENTED_EDGE('',*,*,#3255,.F.);
#1188=ORIENTED_EDGE('',*,*,#3256,.F.);
#1189=ORIENTED_EDGE('',*,*,#3257,.F.);
#1190=ORIENTED_EDGE('',*,*,#3258,.F.);
#1191=ORIENTED_EDGE('',*,*,#3259,.F.);
#1192=ORIENTED_EDGE('',*,*,#3260,.F.);
#1193=ORIENTED_EDGE('',*,*,#3261,.F.);
#1194=ORIENTED_EDGE('',*,*,#3262,.F.);
#1195=ORIENTED_EDGE('',*,*,#3263,.F.);
#1196=ORIENTED_EDGE('',*,*,#3264,.F.);
#1197=ORIENTED_EDGE('',*,*,#3265,.F.);
#1198=ORIENTED_EDGE('',*,*,#3266,.F.);
#1199=ORIENTED_EDGE('',*,*,#3267,.F.);
#1200=ORIENTED_EDGE('',*,*,#3268,.F.);
#1201=ORIENTED_EDGE('',*,*,#3269,.F.);
#1202=ORIENTED_EDGE('',*,*,#3270,.F.);
#1203=ORIENTED_EDGE('',*,*,#3271,.F.);
#1204=ORIENTED_EDGE('',*,*,#3272,.F.);
#1205=ORIENTED_EDGE('',*,*,#3273,.F.);
#1206=ORIENTED_EDGE('',*,*,#3274,.F.);
#1207=ORIENTED_EDGE('',*,*,#3275,.F.);
#1208=ORIENTED_EDGE('',*,*,#3276,.F.);
#1209=ORIENTED_EDGE('',*,*,#3277,.F.);
#1210=ORIENTED_EDGE('',*,*,#3278,.F.);
#1211=ORIENTED_EDGE('',*,*,#3279,.F.);
#1212=ORIENTED_EDGE('',*,*,#3280,.F.);
#1213=ORIENTED_EDGE('',*,*,#3281,.F.);
#1214=ORIENTED_EDGE('',*,*,#3282,.F.);
#1215=ORIENTED_EDGE('',*,*,#3283,.F.);
#1216=ORIENTED_EDGE('',*,*,#3284,.F.);
#1217=ORIENTED_EDGE('',*,*,#3285,.F.);
#1218=ORIENTED_EDGE('',*,*,#3286,.F.);
#1219=ORIENTED_EDGE('',*,*,#3287,.F.);
#1220=ORIENTED_EDGE('',*,*,#3288,.F.);
#1221=ORIENTED_EDGE('',*,*,#3289,.F.);
#1222=ORIENTED_EDGE('',*,*,#2952,.T.);
#1223=ORIENTED_EDGE('',*,*,#3290,.T.);
#1224=ORIENTED_EDGE('',*,*,#2963,.F.);
#1225=ORIENTED_EDGE('',*,*,#3291,.F.);
#1226=ORIENTED_EDGE('',*,*,#3292,.F.);
#1227=ORIENTED_EDGE('',*,*,#3293,.F.);
#1228=ORIENTED_EDGE('',*,*,#2955,.F.);
#1229=ORIENTED_EDGE('',*,*,#3294,.T.);
#1230=ORIENTED_EDGE('',*,*,#2966,.F.);
#1231=ORIENTED_EDGE('',*,*,#3295,.F.);
#1232=ORIENTED_EDGE('',*,*,#3296,.F.);
#1233=ORIENTED_EDGE('',*,*,#3297,.F.);
#1234=ORIENTED_EDGE('',*,*,#2958,.F.);
#1235=ORIENTED_EDGE('',*,*,#3298,.T.);
#1236=ORIENTED_EDGE('',*,*,#2969,.F.);
#1237=ORIENTED_EDGE('',*,*,#3299,.F.);
#1238=ORIENTED_EDGE('',*,*,#3300,.F.);
#1239=ORIENTED_EDGE('',*,*,#3301,.F.);
#1240=ORIENTED_EDGE('',*,*,#2961,.F.);
#1241=ORIENTED_EDGE('',*,*,#3302,.T.);
#1242=ORIENTED_EDGE('',*,*,#2602,.F.);
#1243=ORIENTED_EDGE('',*,*,#3303,.T.);
#1244=ORIENTED_EDGE('',*,*,#3304,.T.);
#1245=ORIENTED_EDGE('',*,*,#3305,.T.);
#1246=ORIENTED_EDGE('',*,*,#2927,.T.);
#1247=ORIENTED_EDGE('',*,*,#3306,.F.);
#1248=ORIENTED_EDGE('',*,*,#3303,.F.);
#1249=ORIENTED_EDGE('',*,*,#2601,.T.);
#1250=ORIENTED_EDGE('',*,*,#2926,.T.);
#1251=ORIENTED_EDGE('',*,*,#3307,.F.);
#1252=ORIENTED_EDGE('',*,*,#3304,.F.);
#1253=ORIENTED_EDGE('',*,*,#3306,.T.);
#1254=ORIENTED_EDGE('',*,*,#2908,.F.);
#1255=ORIENTED_EDGE('',*,*,#3308,.F.);
#1256=ORIENTED_EDGE('',*,*,#2978,.T.);
#1257=ORIENTED_EDGE('',*,*,#3309,.T.);
#1258=ORIENTED_EDGE('',*,*,#2915,.F.);
#1259=ORIENTED_EDGE('',*,*,#3310,.F.);
#1260=ORIENTED_EDGE('',*,*,#2979,.T.);
#1261=ORIENTED_EDGE('',*,*,#3308,.T.);
#1262=ORIENTED_EDGE('',*,*,#2914,.F.);
#1263=ORIENTED_EDGE('',*,*,#3311,.F.);
#1264=ORIENTED_EDGE('',*,*,#2980,.T.);
#1265=ORIENTED_EDGE('',*,*,#3310,.T.);
#1266=ORIENTED_EDGE('',*,*,#2913,.F.);
#1267=ORIENTED_EDGE('',*,*,#3312,.F.);
#1268=ORIENTED_EDGE('',*,*,#2981,.T.);
#1269=ORIENTED_EDGE('',*,*,#3311,.T.);
#1270=ORIENTED_EDGE('',*,*,#2912,.F.);
#1271=ORIENTED_EDGE('',*,*,#3313,.F.);
#1272=ORIENTED_EDGE('',*,*,#2982,.T.);
#1273=ORIENTED_EDGE('',*,*,#3312,.T.);
#1274=ORIENTED_EDGE('',*,*,#2911,.F.);
#1275=ORIENTED_EDGE('',*,*,#3314,.F.);
#1276=ORIENTED_EDGE('',*,*,#2983,.T.);
#1277=ORIENTED_EDGE('',*,*,#3313,.T.);
#1278=ORIENTED_EDGE('',*,*,#2910,.F.);
#1279=ORIENTED_EDGE('',*,*,#3315,.F.);
#1280=ORIENTED_EDGE('',*,*,#2984,.T.);
#1281=ORIENTED_EDGE('',*,*,#3314,.T.);
#1282=ORIENTED_EDGE('',*,*,#2900,.F.);
#1283=ORIENTED_EDGE('',*,*,#3316,.F.);
#1284=ORIENTED_EDGE('',*,*,#2986,.T.);
#1285=ORIENTED_EDGE('',*,*,#3317,.T.);
#1286=ORIENTED_EDGE('',*,*,#2907,.F.);
#1287=ORIENTED_EDGE('',*,*,#3318,.F.);
#1288=ORIENTED_EDGE('',*,*,#2987,.T.);
#1289=ORIENTED_EDGE('',*,*,#3316,.T.);
#1290=ORIENTED_EDGE('',*,*,#2906,.F.);
#1291=ORIENTED_EDGE('',*,*,#3319,.F.);
#1292=ORIENTED_EDGE('',*,*,#2988,.T.);
#1293=ORIENTED_EDGE('',*,*,#3318,.T.);
#1294=ORIENTED_EDGE('',*,*,#2905,.F.);
#1295=ORIENTED_EDGE('',*,*,#3320,.F.);
#1296=ORIENTED_EDGE('',*,*,#2989,.T.);
#1297=ORIENTED_EDGE('',*,*,#3319,.T.);
#1298=ORIENTED_EDGE('',*,*,#2904,.F.);
#1299=ORIENTED_EDGE('',*,*,#3321,.F.);
#1300=ORIENTED_EDGE('',*,*,#2990,.T.);
#1301=ORIENTED_EDGE('',*,*,#3320,.T.);
#1302=ORIENTED_EDGE('',*,*,#2903,.F.);
#1303=ORIENTED_EDGE('',*,*,#3322,.F.);
#1304=ORIENTED_EDGE('',*,*,#2991,.T.);
#1305=ORIENTED_EDGE('',*,*,#3321,.T.);
#1306=ORIENTED_EDGE('',*,*,#2902,.F.);
#1307=ORIENTED_EDGE('',*,*,#3323,.F.);
#1308=ORIENTED_EDGE('',*,*,#2992,.T.);
#1309=ORIENTED_EDGE('',*,*,#3322,.T.);
#1310=ORIENTED_EDGE('',*,*,#2892,.F.);
#1311=ORIENTED_EDGE('',*,*,#3324,.F.);
#1312=ORIENTED_EDGE('',*,*,#2994,.T.);
#1313=ORIENTED_EDGE('',*,*,#3325,.T.);
#1314=ORIENTED_EDGE('',*,*,#2899,.F.);
#1315=ORIENTED_EDGE('',*,*,#3326,.F.);
#1316=ORIENTED_EDGE('',*,*,#2995,.T.);
#1317=ORIENTED_EDGE('',*,*,#3324,.T.);
#1318=ORIENTED_EDGE('',*,*,#2898,.F.);
#1319=ORIENTED_EDGE('',*,*,#3327,.F.);
#1320=ORIENTED_EDGE('',*,*,#2996,.T.);
#1321=ORIENTED_EDGE('',*,*,#3326,.T.);
#1322=ORIENTED_EDGE('',*,*,#2897,.F.);
#1323=ORIENTED_EDGE('',*,*,#3328,.F.);
#1324=ORIENTED_EDGE('',*,*,#2997,.T.);
#1325=ORIENTED_EDGE('',*,*,#3327,.T.);
#1326=ORIENTED_EDGE('',*,*,#2896,.F.);
#1327=ORIENTED_EDGE('',*,*,#3329,.F.);
#1328=ORIENTED_EDGE('',*,*,#2998,.T.);
#1329=ORIENTED_EDGE('',*,*,#3328,.T.);
#1330=ORIENTED_EDGE('',*,*,#2895,.F.);
#1331=ORIENTED_EDGE('',*,*,#3330,.F.);
#1332=ORIENTED_EDGE('',*,*,#2999,.T.);
#1333=ORIENTED_EDGE('',*,*,#3329,.T.);
#1334=ORIENTED_EDGE('',*,*,#2894,.F.);
#1335=ORIENTED_EDGE('',*,*,#3331,.F.);
#1336=ORIENTED_EDGE('',*,*,#3000,.T.);
#1337=ORIENTED_EDGE('',*,*,#3330,.T.);
#1338=ORIENTED_EDGE('',*,*,#2884,.F.);
#1339=ORIENTED_EDGE('',*,*,#3332,.F.);
#1340=ORIENTED_EDGE('',*,*,#3002,.T.);
#1341=ORIENTED_EDGE('',*,*,#3333,.T.);
#1342=ORIENTED_EDGE('',*,*,#2891,.F.);
#1343=ORIENTED_EDGE('',*,*,#3334,.F.);
#1344=ORIENTED_EDGE('',*,*,#3003,.T.);
#1345=ORIENTED_EDGE('',*,*,#3332,.T.);
#1346=ORIENTED_EDGE('',*,*,#2890,.F.);
#1347=ORIENTED_EDGE('',*,*,#3335,.F.);
#1348=ORIENTED_EDGE('',*,*,#3004,.T.);
#1349=ORIENTED_EDGE('',*,*,#3334,.T.);
#1350=ORIENTED_EDGE('',*,*,#2889,.F.);
#1351=ORIENTED_EDGE('',*,*,#3336,.F.);
#1352=ORIENTED_EDGE('',*,*,#3005,.T.);
#1353=ORIENTED_EDGE('',*,*,#3335,.T.);
#1354=ORIENTED_EDGE('',*,*,#2888,.F.);
#1355=ORIENTED_EDGE('',*,*,#3337,.F.);
#1356=ORIENTED_EDGE('',*,*,#3006,.T.);
#1357=ORIENTED_EDGE('',*,*,#3336,.T.);
#1358=ORIENTED_EDGE('',*,*,#2887,.F.);
#1359=ORIENTED_EDGE('',*,*,#3338,.F.);
#1360=ORIENTED_EDGE('',*,*,#3007,.T.);
#1361=ORIENTED_EDGE('',*,*,#3337,.T.);
#1362=ORIENTED_EDGE('',*,*,#2886,.F.);
#1363=ORIENTED_EDGE('',*,*,#3339,.F.);
#1364=ORIENTED_EDGE('',*,*,#3008,.T.);
#1365=ORIENTED_EDGE('',*,*,#3338,.T.);
#1366=ORIENTED_EDGE('',*,*,#2876,.F.);
#1367=ORIENTED_EDGE('',*,*,#3340,.F.);
#1368=ORIENTED_EDGE('',*,*,#3010,.T.);
#1369=ORIENTED_EDGE('',*,*,#3341,.T.);
#1370=ORIENTED_EDGE('',*,*,#2883,.F.);
#1371=ORIENTED_EDGE('',*,*,#3342,.F.);
#1372=ORIENTED_EDGE('',*,*,#3011,.T.);
#1373=ORIENTED_EDGE('',*,*,#3340,.T.);
#1374=ORIENTED_EDGE('',*,*,#2882,.F.);
#1375=ORIENTED_EDGE('',*,*,#3343,.F.);
#1376=ORIENTED_EDGE('',*,*,#3012,.T.);
#1377=ORIENTED_EDGE('',*,*,#3342,.T.);
#1378=ORIENTED_EDGE('',*,*,#2881,.F.);
#1379=ORIENTED_EDGE('',*,*,#3344,.F.);
#1380=ORIENTED_EDGE('',*,*,#3013,.T.);
#1381=ORIENTED_EDGE('',*,*,#3343,.T.);
#1382=ORIENTED_EDGE('',*,*,#2880,.F.);
#1383=ORIENTED_EDGE('',*,*,#3345,.F.);
#1384=ORIENTED_EDGE('',*,*,#3014,.T.);
#1385=ORIENTED_EDGE('',*,*,#3344,.T.);
#1386=ORIENTED_EDGE('',*,*,#2879,.F.);
#1387=ORIENTED_EDGE('',*,*,#3346,.F.);
#1388=ORIENTED_EDGE('',*,*,#3015,.T.);
#1389=ORIENTED_EDGE('',*,*,#3345,.T.);
#1390=ORIENTED_EDGE('',*,*,#2878,.F.);
#1391=ORIENTED_EDGE('',*,*,#3347,.F.);
#1392=ORIENTED_EDGE('',*,*,#3016,.T.);
#1393=ORIENTED_EDGE('',*,*,#3346,.T.);
#1394=ORIENTED_EDGE('',*,*,#2868,.F.);
#1395=ORIENTED_EDGE('',*,*,#3348,.F.);
#1396=ORIENTED_EDGE('',*,*,#3018,.T.);
#1397=ORIENTED_EDGE('',*,*,#3349,.T.);
#1398=ORIENTED_EDGE('',*,*,#2875,.F.);
#1399=ORIENTED_EDGE('',*,*,#3350,.F.);
#1400=ORIENTED_EDGE('',*,*,#3019,.T.);
#1401=ORIENTED_EDGE('',*,*,#3348,.T.);
#1402=ORIENTED_EDGE('',*,*,#2874,.F.);
#1403=ORIENTED_EDGE('',*,*,#3351,.F.);
#1404=ORIENTED_EDGE('',*,*,#3020,.T.);
#1405=ORIENTED_EDGE('',*,*,#3350,.T.);
#1406=ORIENTED_EDGE('',*,*,#2873,.F.);
#1407=ORIENTED_EDGE('',*,*,#3352,.F.);
#1408=ORIENTED_EDGE('',*,*,#3021,.T.);
#1409=ORIENTED_EDGE('',*,*,#3351,.T.);
#1410=ORIENTED_EDGE('',*,*,#2872,.F.);
#1411=ORIENTED_EDGE('',*,*,#3353,.F.);
#1412=ORIENTED_EDGE('',*,*,#3022,.T.);
#1413=ORIENTED_EDGE('',*,*,#3352,.T.);
#1414=ORIENTED_EDGE('',*,*,#2871,.F.);
#1415=ORIENTED_EDGE('',*,*,#3354,.F.);
#1416=ORIENTED_EDGE('',*,*,#3023,.T.);
#1417=ORIENTED_EDGE('',*,*,#3353,.T.);
#1418=ORIENTED_EDGE('',*,*,#2870,.F.);
#1419=ORIENTED_EDGE('',*,*,#3355,.F.);
#1420=ORIENTED_EDGE('',*,*,#3024,.T.);
#1421=ORIENTED_EDGE('',*,*,#3354,.T.);
#1422=ORIENTED_EDGE('',*,*,#2860,.F.);
#1423=ORIENTED_EDGE('',*,*,#3356,.F.);
#1424=ORIENTED_EDGE('',*,*,#3026,.T.);
#1425=ORIENTED_EDGE('',*,*,#3357,.T.);
#1426=ORIENTED_EDGE('',*,*,#2867,.F.);
#1427=ORIENTED_EDGE('',*,*,#3358,.F.);
#1428=ORIENTED_EDGE('',*,*,#3027,.T.);
#1429=ORIENTED_EDGE('',*,*,#3356,.T.);
#1430=ORIENTED_EDGE('',*,*,#2866,.F.);
#1431=ORIENTED_EDGE('',*,*,#3359,.F.);
#1432=ORIENTED_EDGE('',*,*,#3028,.T.);
#1433=ORIENTED_EDGE('',*,*,#3358,.T.);
#1434=ORIENTED_EDGE('',*,*,#2865,.F.);
#1435=ORIENTED_EDGE('',*,*,#3360,.F.);
#1436=ORIENTED_EDGE('',*,*,#3029,.T.);
#1437=ORIENTED_EDGE('',*,*,#3359,.T.);
#1438=ORIENTED_EDGE('',*,*,#2864,.F.);
#1439=ORIENTED_EDGE('',*,*,#3361,.F.);
#1440=ORIENTED_EDGE('',*,*,#3030,.T.);
#1441=ORIENTED_EDGE('',*,*,#3360,.T.);
#1442=ORIENTED_EDGE('',*,*,#2863,.F.);
#1443=ORIENTED_EDGE('',*,*,#3362,.F.);
#1444=ORIENTED_EDGE('',*,*,#3031,.T.);
#1445=ORIENTED_EDGE('',*,*,#3361,.T.);
#1446=ORIENTED_EDGE('',*,*,#2862,.F.);
#1447=ORIENTED_EDGE('',*,*,#3363,.F.);
#1448=ORIENTED_EDGE('',*,*,#3032,.T.);
#1449=ORIENTED_EDGE('',*,*,#3362,.T.);
#1450=ORIENTED_EDGE('',*,*,#2852,.F.);
#1451=ORIENTED_EDGE('',*,*,#3364,.F.);
#1452=ORIENTED_EDGE('',*,*,#3034,.T.);
#1453=ORIENTED_EDGE('',*,*,#3365,.T.);
#1454=ORIENTED_EDGE('',*,*,#2859,.F.);
#1455=ORIENTED_EDGE('',*,*,#3366,.F.);
#1456=ORIENTED_EDGE('',*,*,#3035,.T.);
#1457=ORIENTED_EDGE('',*,*,#3364,.T.);
#1458=ORIENTED_EDGE('',*,*,#2858,.F.);
#1459=ORIENTED_EDGE('',*,*,#3367,.F.);
#1460=ORIENTED_EDGE('',*,*,#3036,.T.);
#1461=ORIENTED_EDGE('',*,*,#3366,.T.);
#1462=ORIENTED_EDGE('',*,*,#2857,.F.);
#1463=ORIENTED_EDGE('',*,*,#3368,.F.);
#1464=ORIENTED_EDGE('',*,*,#3037,.T.);
#1465=ORIENTED_EDGE('',*,*,#3367,.T.);
#1466=ORIENTED_EDGE('',*,*,#2856,.F.);
#1467=ORIENTED_EDGE('',*,*,#3369,.F.);
#1468=ORIENTED_EDGE('',*,*,#3038,.T.);
#1469=ORIENTED_EDGE('',*,*,#3368,.T.);
#1470=ORIENTED_EDGE('',*,*,#2855,.F.);
#1471=ORIENTED_EDGE('',*,*,#3370,.F.);
#1472=ORIENTED_EDGE('',*,*,#3039,.T.);
#1473=ORIENTED_EDGE('',*,*,#3369,.T.);
#1474=ORIENTED_EDGE('',*,*,#2854,.F.);
#1475=ORIENTED_EDGE('',*,*,#3371,.F.);
#1476=ORIENTED_EDGE('',*,*,#3040,.T.);
#1477=ORIENTED_EDGE('',*,*,#3370,.T.);
#1478=ORIENTED_EDGE('',*,*,#2946,.F.);
#1479=ORIENTED_EDGE('',*,*,#3372,.F.);
#1480=ORIENTED_EDGE('',*,*,#3291,.T.);
#1481=ORIENTED_EDGE('',*,*,#2965,.T.);
#1482=ORIENTED_EDGE('',*,*,#2945,.F.);
#1483=ORIENTED_EDGE('',*,*,#3373,.F.);
#1484=ORIENTED_EDGE('',*,*,#3292,.T.);
#1485=ORIENTED_EDGE('',*,*,#3372,.T.);
#1486=ORIENTED_EDGE('',*,*,#2944,.F.);
#1487=ORIENTED_EDGE('',*,*,#2956,.F.);
#1488=ORIENTED_EDGE('',*,*,#3293,.T.);
#1489=ORIENTED_EDGE('',*,*,#3373,.T.);
#1490=ORIENTED_EDGE('',*,*,#2844,.F.);
#1491=ORIENTED_EDGE('',*,*,#3374,.F.);
#1492=ORIENTED_EDGE('',*,*,#3042,.T.);
#1493=ORIENTED_EDGE('',*,*,#3375,.T.);
#1494=ORIENTED_EDGE('',*,*,#2851,.F.);
#1495=ORIENTED_EDGE('',*,*,#3376,.F.);
#1496=ORIENTED_EDGE('',*,*,#3043,.T.);
#1497=ORIENTED_EDGE('',*,*,#3374,.T.);
#1498=ORIENTED_EDGE('',*,*,#2850,.F.);
#1499=ORIENTED_EDGE('',*,*,#3377,.F.);
#1500=ORIENTED_EDGE('',*,*,#3044,.T.);
#1501=ORIENTED_EDGE('',*,*,#3376,.T.);
#1502=ORIENTED_EDGE('',*,*,#2849,.F.);
#1503=ORIENTED_EDGE('',*,*,#3378,.F.);
#1504=ORIENTED_EDGE('',*,*,#3045,.T.);
#1505=ORIENTED_EDGE('',*,*,#3377,.T.);
#1506=ORIENTED_EDGE('',*,*,#2848,.F.);
#1507=ORIENTED_EDGE('',*,*,#3379,.F.);
#1508=ORIENTED_EDGE('',*,*,#3046,.T.);
#1509=ORIENTED_EDGE('',*,*,#3378,.T.);
#1510=ORIENTED_EDGE('',*,*,#2847,.F.);
#1511=ORIENTED_EDGE('',*,*,#3380,.F.);
#1512=ORIENTED_EDGE('',*,*,#3047,.T.);
#1513=ORIENTED_EDGE('',*,*,#3379,.T.);
#1514=ORIENTED_EDGE('',*,*,#2846,.F.);
#1515=ORIENTED_EDGE('',*,*,#3381,.F.);
#1516=ORIENTED_EDGE('',*,*,#3048,.T.);
#1517=ORIENTED_EDGE('',*,*,#3380,.T.);
#1518=ORIENTED_EDGE('',*,*,#2836,.F.);
#1519=ORIENTED_EDGE('',*,*,#3382,.F.);
#1520=ORIENTED_EDGE('',*,*,#3050,.T.);
#1521=ORIENTED_EDGE('',*,*,#3383,.T.);
#1522=ORIENTED_EDGE('',*,*,#2843,.F.);
#1523=ORIENTED_EDGE('',*,*,#3384,.F.);
#1524=ORIENTED_EDGE('',*,*,#3051,.T.);
#1525=ORIENTED_EDGE('',*,*,#3382,.T.);
#1526=ORIENTED_EDGE('',*,*,#2842,.F.);
#1527=ORIENTED_EDGE('',*,*,#3385,.F.);
#1528=ORIENTED_EDGE('',*,*,#3052,.T.);
#1529=ORIENTED_EDGE('',*,*,#3384,.T.);
#1530=ORIENTED_EDGE('',*,*,#2841,.F.);
#1531=ORIENTED_EDGE('',*,*,#3386,.F.);
#1532=ORIENTED_EDGE('',*,*,#3053,.T.);
#1533=ORIENTED_EDGE('',*,*,#3385,.T.);
#1534=ORIENTED_EDGE('',*,*,#2840,.F.);
#1535=ORIENTED_EDGE('',*,*,#3387,.F.);
#1536=ORIENTED_EDGE('',*,*,#3054,.T.);
#1537=ORIENTED_EDGE('',*,*,#3386,.T.);
#1538=ORIENTED_EDGE('',*,*,#2839,.F.);
#1539=ORIENTED_EDGE('',*,*,#3388,.F.);
#1540=ORIENTED_EDGE('',*,*,#3055,.T.);
#1541=ORIENTED_EDGE('',*,*,#3387,.T.);
#1542=ORIENTED_EDGE('',*,*,#2838,.F.);
#1543=ORIENTED_EDGE('',*,*,#3389,.F.);
#1544=ORIENTED_EDGE('',*,*,#3056,.T.);
#1545=ORIENTED_EDGE('',*,*,#3388,.T.);
#1546=ORIENTED_EDGE('',*,*,#2828,.F.);
#1547=ORIENTED_EDGE('',*,*,#3390,.F.);
#1548=ORIENTED_EDGE('',*,*,#3058,.T.);
#1549=ORIENTED_EDGE('',*,*,#3391,.T.);
#1550=ORIENTED_EDGE('',*,*,#2835,.F.);
#1551=ORIENTED_EDGE('',*,*,#3392,.F.);
#1552=ORIENTED_EDGE('',*,*,#3059,.T.);
#1553=ORIENTED_EDGE('',*,*,#3390,.T.);
#1554=ORIENTED_EDGE('',*,*,#2834,.F.);
#1555=ORIENTED_EDGE('',*,*,#3393,.F.);
#1556=ORIENTED_EDGE('',*,*,#3060,.T.);
#1557=ORIENTED_EDGE('',*,*,#3392,.T.);
#1558=ORIENTED_EDGE('',*,*,#2833,.F.);
#1559=ORIENTED_EDGE('',*,*,#3394,.F.);
#1560=ORIENTED_EDGE('',*,*,#3061,.T.);
#1561=ORIENTED_EDGE('',*,*,#3393,.T.);
#1562=ORIENTED_EDGE('',*,*,#2832,.F.);
#1563=ORIENTED_EDGE('',*,*,#3395,.F.);
#1564=ORIENTED_EDGE('',*,*,#3062,.T.);
#1565=ORIENTED_EDGE('',*,*,#3394,.T.);
#1566=ORIENTED_EDGE('',*,*,#2831,.F.);
#1567=ORIENTED_EDGE('',*,*,#3396,.F.);
#1568=ORIENTED_EDGE('',*,*,#3063,.T.);
#1569=ORIENTED_EDGE('',*,*,#3395,.T.);
#1570=ORIENTED_EDGE('',*,*,#2830,.F.);
#1571=ORIENTED_EDGE('',*,*,#3397,.F.);
#1572=ORIENTED_EDGE('',*,*,#3064,.T.);
#1573=ORIENTED_EDGE('',*,*,#3396,.T.);
#1574=ORIENTED_EDGE('',*,*,#2820,.F.);
#1575=ORIENTED_EDGE('',*,*,#3398,.F.);
#1576=ORIENTED_EDGE('',*,*,#3066,.T.);
#1577=ORIENTED_EDGE('',*,*,#3399,.T.);
#1578=ORIENTED_EDGE('',*,*,#2827,.F.);
#1579=ORIENTED_EDGE('',*,*,#3400,.F.);
#1580=ORIENTED_EDGE('',*,*,#3067,.T.);
#1581=ORIENTED_EDGE('',*,*,#3398,.T.);
#1582=ORIENTED_EDGE('',*,*,#2826,.F.);
#1583=ORIENTED_EDGE('',*,*,#3401,.F.);
#1584=ORIENTED_EDGE('',*,*,#3068,.T.);
#1585=ORIENTED_EDGE('',*,*,#3400,.T.);
#1586=ORIENTED_EDGE('',*,*,#2825,.F.);
#1587=ORIENTED_EDGE('',*,*,#3402,.F.);
#1588=ORIENTED_EDGE('',*,*,#3069,.T.);
#1589=ORIENTED_EDGE('',*,*,#3401,.T.);
#1590=ORIENTED_EDGE('',*,*,#2824,.F.);
#1591=ORIENTED_EDGE('',*,*,#3403,.F.);
#1592=ORIENTED_EDGE('',*,*,#3070,.T.);
#1593=ORIENTED_EDGE('',*,*,#3402,.T.);
#1594=ORIENTED_EDGE('',*,*,#2823,.F.);
#1595=ORIENTED_EDGE('',*,*,#3404,.F.);
#1596=ORIENTED_EDGE('',*,*,#3071,.T.);
#1597=ORIENTED_EDGE('',*,*,#3403,.T.);
#1598=ORIENTED_EDGE('',*,*,#2822,.F.);
#1599=ORIENTED_EDGE('',*,*,#3405,.F.);
#1600=ORIENTED_EDGE('',*,*,#3072,.T.);
#1601=ORIENTED_EDGE('',*,*,#3404,.T.);
#1602=ORIENTED_EDGE('',*,*,#2812,.F.);
#1603=ORIENTED_EDGE('',*,*,#3406,.F.);
#1604=ORIENTED_EDGE('',*,*,#3074,.T.);
#1605=ORIENTED_EDGE('',*,*,#3407,.T.);
#1606=ORIENTED_EDGE('',*,*,#2819,.F.);
#1607=ORIENTED_EDGE('',*,*,#3408,.F.);
#1608=ORIENTED_EDGE('',*,*,#3075,.T.);
#1609=ORIENTED_EDGE('',*,*,#3406,.T.);
#1610=ORIENTED_EDGE('',*,*,#2818,.F.);
#1611=ORIENTED_EDGE('',*,*,#3409,.F.);
#1612=ORIENTED_EDGE('',*,*,#3076,.T.);
#1613=ORIENTED_EDGE('',*,*,#3408,.T.);
#1614=ORIENTED_EDGE('',*,*,#2817,.F.);
#1615=ORIENTED_EDGE('',*,*,#3410,.F.);
#1616=ORIENTED_EDGE('',*,*,#3077,.T.);
#1617=ORIENTED_EDGE('',*,*,#3409,.T.);
#1618=ORIENTED_EDGE('',*,*,#2816,.F.);
#1619=ORIENTED_EDGE('',*,*,#3411,.F.);
#1620=ORIENTED_EDGE('',*,*,#3078,.T.);
#1621=ORIENTED_EDGE('',*,*,#3410,.T.);
#1622=ORIENTED_EDGE('',*,*,#2815,.F.);
#1623=ORIENTED_EDGE('',*,*,#3412,.F.);
#1624=ORIENTED_EDGE('',*,*,#3079,.T.);
#1625=ORIENTED_EDGE('',*,*,#3411,.T.);
#1626=ORIENTED_EDGE('',*,*,#2814,.F.);
#1627=ORIENTED_EDGE('',*,*,#3413,.F.);
#1628=ORIENTED_EDGE('',*,*,#3080,.T.);
#1629=ORIENTED_EDGE('',*,*,#3412,.T.);
#1630=ORIENTED_EDGE('',*,*,#2804,.F.);
#1631=ORIENTED_EDGE('',*,*,#3414,.F.);
#1632=ORIENTED_EDGE('',*,*,#3082,.T.);
#1633=ORIENTED_EDGE('',*,*,#3415,.T.);
#1634=ORIENTED_EDGE('',*,*,#2811,.F.);
#1635=ORIENTED_EDGE('',*,*,#3416,.F.);
#1636=ORIENTED_EDGE('',*,*,#3083,.T.);
#1637=ORIENTED_EDGE('',*,*,#3414,.T.);
#1638=ORIENTED_EDGE('',*,*,#2810,.F.);
#1639=ORIENTED_EDGE('',*,*,#3417,.F.);
#1640=ORIENTED_EDGE('',*,*,#3084,.T.);
#1641=ORIENTED_EDGE('',*,*,#3416,.T.);
#1642=ORIENTED_EDGE('',*,*,#2809,.F.);
#1643=ORIENTED_EDGE('',*,*,#3418,.F.);
#1644=ORIENTED_EDGE('',*,*,#3085,.T.);
#1645=ORIENTED_EDGE('',*,*,#3417,.T.);
#1646=ORIENTED_EDGE('',*,*,#2808,.F.);
#1647=ORIENTED_EDGE('',*,*,#3419,.F.);
#1648=ORIENTED_EDGE('',*,*,#3086,.T.);
#1649=ORIENTED_EDGE('',*,*,#3418,.T.);
#1650=ORIENTED_EDGE('',*,*,#2807,.F.);
#1651=ORIENTED_EDGE('',*,*,#3420,.F.);
#1652=ORIENTED_EDGE('',*,*,#3087,.T.);
#1653=ORIENTED_EDGE('',*,*,#3419,.T.);
#1654=ORIENTED_EDGE('',*,*,#2806,.F.);
#1655=ORIENTED_EDGE('',*,*,#3421,.F.);
#1656=ORIENTED_EDGE('',*,*,#3088,.T.);
#1657=ORIENTED_EDGE('',*,*,#3420,.T.);
#1658=ORIENTED_EDGE('',*,*,#2796,.F.);
#1659=ORIENTED_EDGE('',*,*,#3422,.F.);
#1660=ORIENTED_EDGE('',*,*,#3090,.T.);
#1661=ORIENTED_EDGE('',*,*,#3423,.T.);
#1662=ORIENTED_EDGE('',*,*,#2803,.F.);
#1663=ORIENTED_EDGE('',*,*,#3424,.F.);
#1664=ORIENTED_EDGE('',*,*,#3091,.T.);
#1665=ORIENTED_EDGE('',*,*,#3422,.T.);
#1666=ORIENTED_EDGE('',*,*,#2802,.F.);
#1667=ORIENTED_EDGE('',*,*,#3425,.F.);
#1668=ORIENTED_EDGE('',*,*,#3092,.T.);
#1669=ORIENTED_EDGE('',*,*,#3424,.T.);
#1670=ORIENTED_EDGE('',*,*,#2801,.F.);
#1671=ORIENTED_EDGE('',*,*,#3426,.F.);
#1672=ORIENTED_EDGE('',*,*,#3093,.T.);
#1673=ORIENTED_EDGE('',*,*,#3425,.T.);
#1674=ORIENTED_EDGE('',*,*,#2800,.F.);
#1675=ORIENTED_EDGE('',*,*,#3427,.F.);
#1676=ORIENTED_EDGE('',*,*,#3094,.T.);
#1677=ORIENTED_EDGE('',*,*,#3426,.T.);
#1678=ORIENTED_EDGE('',*,*,#2799,.F.);
#1679=ORIENTED_EDGE('',*,*,#3428,.F.);
#1680=ORIENTED_EDGE('',*,*,#3095,.T.);
#1681=ORIENTED_EDGE('',*,*,#3427,.T.);
#1682=ORIENTED_EDGE('',*,*,#2798,.F.);
#1683=ORIENTED_EDGE('',*,*,#3429,.F.);
#1684=ORIENTED_EDGE('',*,*,#3096,.T.);
#1685=ORIENTED_EDGE('',*,*,#3428,.T.);
#1686=ORIENTED_EDGE('',*,*,#2788,.F.);
#1687=ORIENTED_EDGE('',*,*,#3430,.F.);
#1688=ORIENTED_EDGE('',*,*,#3098,.T.);
#1689=ORIENTED_EDGE('',*,*,#3431,.T.);
#1690=ORIENTED_EDGE('',*,*,#2795,.F.);
#1691=ORIENTED_EDGE('',*,*,#3432,.F.);
#1692=ORIENTED_EDGE('',*,*,#3099,.T.);
#1693=ORIENTED_EDGE('',*,*,#3430,.T.);
#1694=ORIENTED_EDGE('',*,*,#2794,.F.);
#1695=ORIENTED_EDGE('',*,*,#3433,.F.);
#1696=ORIENTED_EDGE('',*,*,#3100,.T.);
#1697=ORIENTED_EDGE('',*,*,#3432,.T.);
#1698=ORIENTED_EDGE('',*,*,#2793,.F.);
#1699=ORIENTED_EDGE('',*,*,#3434,.F.);
#1700=ORIENTED_EDGE('',*,*,#3101,.T.);
#1701=ORIENTED_EDGE('',*,*,#3433,.T.);
#1702=ORIENTED_EDGE('',*,*,#2792,.F.);
#1703=ORIENTED_EDGE('',*,*,#3435,.F.);
#1704=ORIENTED_EDGE('',*,*,#3102,.T.);
#1705=ORIENTED_EDGE('',*,*,#3434,.T.);
#1706=ORIENTED_EDGE('',*,*,#2791,.F.);
#1707=ORIENTED_EDGE('',*,*,#3436,.F.);
#1708=ORIENTED_EDGE('',*,*,#3103,.T.);
#1709=ORIENTED_EDGE('',*,*,#3435,.T.);
#1710=ORIENTED_EDGE('',*,*,#2790,.F.);
#1711=ORIENTED_EDGE('',*,*,#3437,.F.);
#1712=ORIENTED_EDGE('',*,*,#3104,.T.);
#1713=ORIENTED_EDGE('',*,*,#3436,.T.);
#1714=ORIENTED_EDGE('',*,*,#2780,.F.);
#1715=ORIENTED_EDGE('',*,*,#3438,.F.);
#1716=ORIENTED_EDGE('',*,*,#3106,.T.);
#1717=ORIENTED_EDGE('',*,*,#3439,.T.);
#1718=ORIENTED_EDGE('',*,*,#2787,.F.);
#1719=ORIENTED_EDGE('',*,*,#3440,.F.);
#1720=ORIENTED_EDGE('',*,*,#3107,.T.);
#1721=ORIENTED_EDGE('',*,*,#3438,.T.);
#1722=ORIENTED_EDGE('',*,*,#2786,.F.);
#1723=ORIENTED_EDGE('',*,*,#3441,.F.);
#1724=ORIENTED_EDGE('',*,*,#3108,.T.);
#1725=ORIENTED_EDGE('',*,*,#3440,.T.);
#1726=ORIENTED_EDGE('',*,*,#2785,.F.);
#1727=ORIENTED_EDGE('',*,*,#3442,.F.);
#1728=ORIENTED_EDGE('',*,*,#3109,.T.);
#1729=ORIENTED_EDGE('',*,*,#3441,.T.);
#1730=ORIENTED_EDGE('',*,*,#2784,.F.);
#1731=ORIENTED_EDGE('',*,*,#3443,.F.);
#1732=ORIENTED_EDGE('',*,*,#3110,.T.);
#1733=ORIENTED_EDGE('',*,*,#3442,.T.);
#1734=ORIENTED_EDGE('',*,*,#2783,.F.);
#1735=ORIENTED_EDGE('',*,*,#3444,.F.);
#1736=ORIENTED_EDGE('',*,*,#3111,.T.);
#1737=ORIENTED_EDGE('',*,*,#3443,.T.);
#1738=ORIENTED_EDGE('',*,*,#2782,.F.);
#1739=ORIENTED_EDGE('',*,*,#3445,.F.);
#1740=ORIENTED_EDGE('',*,*,#3112,.T.);
#1741=ORIENTED_EDGE('',*,*,#3444,.T.);
#1742=ORIENTED_EDGE('',*,*,#2772,.F.);
#1743=ORIENTED_EDGE('',*,*,#3446,.F.);
#1744=ORIENTED_EDGE('',*,*,#3114,.T.);
#1745=ORIENTED_EDGE('',*,*,#3447,.T.);
#1746=ORIENTED_EDGE('',*,*,#2779,.F.);
#1747=ORIENTED_EDGE('',*,*,#3448,.F.);
#1748=ORIENTED_EDGE('',*,*,#3115,.T.);
#1749=ORIENTED_EDGE('',*,*,#3446,.T.);
#1750=ORIENTED_EDGE('',*,*,#2778,.F.);
#1751=ORIENTED_EDGE('',*,*,#3449,.F.);
#1752=ORIENTED_EDGE('',*,*,#3116,.T.);
#1753=ORIENTED_EDGE('',*,*,#3448,.T.);
#1754=ORIENTED_EDGE('',*,*,#2777,.F.);
#1755=ORIENTED_EDGE('',*,*,#3450,.F.);
#1756=ORIENTED_EDGE('',*,*,#3117,.T.);
#1757=ORIENTED_EDGE('',*,*,#3449,.T.);
#1758=ORIENTED_EDGE('',*,*,#2776,.F.);
#1759=ORIENTED_EDGE('',*,*,#3451,.F.);
#1760=ORIENTED_EDGE('',*,*,#3118,.T.);
#1761=ORIENTED_EDGE('',*,*,#3450,.T.);
#1762=ORIENTED_EDGE('',*,*,#2775,.F.);
#1763=ORIENTED_EDGE('',*,*,#3452,.F.);
#1764=ORIENTED_EDGE('',*,*,#3119,.T.);
#1765=ORIENTED_EDGE('',*,*,#3451,.T.);
#1766=ORIENTED_EDGE('',*,*,#2774,.F.);
#1767=ORIENTED_EDGE('',*,*,#3453,.F.);
#1768=ORIENTED_EDGE('',*,*,#3120,.T.);
#1769=ORIENTED_EDGE('',*,*,#3452,.T.);
#1770=ORIENTED_EDGE('',*,*,#2764,.F.);
#1771=ORIENTED_EDGE('',*,*,#3454,.F.);
#1772=ORIENTED_EDGE('',*,*,#3122,.T.);
#1773=ORIENTED_EDGE('',*,*,#3455,.T.);
#1774=ORIENTED_EDGE('',*,*,#2771,.F.);
#1775=ORIENTED_EDGE('',*,*,#3456,.F.);
#1776=ORIENTED_EDGE('',*,*,#3123,.T.);
#1777=ORIENTED_EDGE('',*,*,#3454,.T.);
#1778=ORIENTED_EDGE('',*,*,#2770,.F.);
#1779=ORIENTED_EDGE('',*,*,#3457,.F.);
#1780=ORIENTED_EDGE('',*,*,#3124,.T.);
#1781=ORIENTED_EDGE('',*,*,#3456,.T.);
#1782=ORIENTED_EDGE('',*,*,#2769,.F.);
#1783=ORIENTED_EDGE('',*,*,#3458,.F.);
#1784=ORIENTED_EDGE('',*,*,#3125,.T.);
#1785=ORIENTED_EDGE('',*,*,#3457,.T.);
#1786=ORIENTED_EDGE('',*,*,#2768,.F.);
#1787=ORIENTED_EDGE('',*,*,#3459,.F.);
#1788=ORIENTED_EDGE('',*,*,#3126,.T.);
#1789=ORIENTED_EDGE('',*,*,#3458,.T.);
#1790=ORIENTED_EDGE('',*,*,#2767,.F.);
#1791=ORIENTED_EDGE('',*,*,#3460,.F.);
#1792=ORIENTED_EDGE('',*,*,#3127,.T.);
#1793=ORIENTED_EDGE('',*,*,#3459,.T.);
#1794=ORIENTED_EDGE('',*,*,#2766,.F.);
#1795=ORIENTED_EDGE('',*,*,#3461,.F.);
#1796=ORIENTED_EDGE('',*,*,#3128,.T.);
#1797=ORIENTED_EDGE('',*,*,#3460,.T.);
#1798=ORIENTED_EDGE('',*,*,#2756,.F.);
#1799=ORIENTED_EDGE('',*,*,#3462,.F.);
#1800=ORIENTED_EDGE('',*,*,#3130,.T.);
#1801=ORIENTED_EDGE('',*,*,#3463,.T.);
#1802=ORIENTED_EDGE('',*,*,#2763,.F.);
#1803=ORIENTED_EDGE('',*,*,#3464,.F.);
#1804=ORIENTED_EDGE('',*,*,#3131,.T.);
#1805=ORIENTED_EDGE('',*,*,#3462,.T.);
#1806=ORIENTED_EDGE('',*,*,#2762,.F.);
#1807=ORIENTED_EDGE('',*,*,#3465,.F.);
#1808=ORIENTED_EDGE('',*,*,#3132,.T.);
#1809=ORIENTED_EDGE('',*,*,#3464,.T.);
#1810=ORIENTED_EDGE('',*,*,#2761,.F.);
#1811=ORIENTED_EDGE('',*,*,#3466,.F.);
#1812=ORIENTED_EDGE('',*,*,#3133,.T.);
#1813=ORIENTED_EDGE('',*,*,#3465,.T.);
#1814=ORIENTED_EDGE('',*,*,#2760,.F.);
#1815=ORIENTED_EDGE('',*,*,#3467,.F.);
#1816=ORIENTED_EDGE('',*,*,#3134,.T.);
#1817=ORIENTED_EDGE('',*,*,#3466,.T.);
#1818=ORIENTED_EDGE('',*,*,#2759,.F.);
#1819=ORIENTED_EDGE('',*,*,#3468,.F.);
#1820=ORIENTED_EDGE('',*,*,#3135,.T.);
#1821=ORIENTED_EDGE('',*,*,#3467,.T.);
#1822=ORIENTED_EDGE('',*,*,#2758,.F.);
#1823=ORIENTED_EDGE('',*,*,#3469,.F.);
#1824=ORIENTED_EDGE('',*,*,#3136,.T.);
#1825=ORIENTED_EDGE('',*,*,#3468,.T.);
#1826=ORIENTED_EDGE('',*,*,#2748,.F.);
#1827=ORIENTED_EDGE('',*,*,#3470,.F.);
#1828=ORIENTED_EDGE('',*,*,#3138,.T.);
#1829=ORIENTED_EDGE('',*,*,#3471,.T.);
#1830=ORIENTED_EDGE('',*,*,#2755,.F.);
#1831=ORIENTED_EDGE('',*,*,#3472,.F.);
#1832=ORIENTED_EDGE('',*,*,#3139,.T.);
#1833=ORIENTED_EDGE('',*,*,#3470,.T.);
#1834=ORIENTED_EDGE('',*,*,#2754,.F.);
#1835=ORIENTED_EDGE('',*,*,#3473,.F.);
#1836=ORIENTED_EDGE('',*,*,#3140,.T.);
#1837=ORIENTED_EDGE('',*,*,#3472,.T.);
#1838=ORIENTED_EDGE('',*,*,#2753,.F.);
#1839=ORIENTED_EDGE('',*,*,#3474,.F.);
#1840=ORIENTED_EDGE('',*,*,#3141,.T.);
#1841=ORIENTED_EDGE('',*,*,#3473,.T.);
#1842=ORIENTED_EDGE('',*,*,#2752,.F.);
#1843=ORIENTED_EDGE('',*,*,#3475,.F.);
#1844=ORIENTED_EDGE('',*,*,#3142,.T.);
#1845=ORIENTED_EDGE('',*,*,#3474,.T.);
#1846=ORIENTED_EDGE('',*,*,#2751,.F.);
#1847=ORIENTED_EDGE('',*,*,#3476,.F.);
#1848=ORIENTED_EDGE('',*,*,#3143,.T.);
#1849=ORIENTED_EDGE('',*,*,#3475,.T.);
#1850=ORIENTED_EDGE('',*,*,#2750,.F.);
#1851=ORIENTED_EDGE('',*,*,#3477,.F.);
#1852=ORIENTED_EDGE('',*,*,#3144,.T.);
#1853=ORIENTED_EDGE('',*,*,#3476,.T.);
#1854=ORIENTED_EDGE('',*,*,#2740,.F.);
#1855=ORIENTED_EDGE('',*,*,#3478,.F.);
#1856=ORIENTED_EDGE('',*,*,#3146,.T.);
#1857=ORIENTED_EDGE('',*,*,#3479,.T.);
#1858=ORIENTED_EDGE('',*,*,#2747,.F.);
#1859=ORIENTED_EDGE('',*,*,#3480,.F.);
#1860=ORIENTED_EDGE('',*,*,#3147,.T.);
#1861=ORIENTED_EDGE('',*,*,#3478,.T.);
#1862=ORIENTED_EDGE('',*,*,#2746,.F.);
#1863=ORIENTED_EDGE('',*,*,#3481,.F.);
#1864=ORIENTED_EDGE('',*,*,#3148,.T.);
#1865=ORIENTED_EDGE('',*,*,#3480,.T.);
#1866=ORIENTED_EDGE('',*,*,#2745,.F.);
#1867=ORIENTED_EDGE('',*,*,#3482,.F.);
#1868=ORIENTED_EDGE('',*,*,#3149,.T.);
#1869=ORIENTED_EDGE('',*,*,#3481,.T.);
#1870=ORIENTED_EDGE('',*,*,#2744,.F.);
#1871=ORIENTED_EDGE('',*,*,#3483,.F.);
#1872=ORIENTED_EDGE('',*,*,#3150,.T.);
#1873=ORIENTED_EDGE('',*,*,#3482,.T.);
#1874=ORIENTED_EDGE('',*,*,#2743,.F.);
#1875=ORIENTED_EDGE('',*,*,#3484,.F.);
#1876=ORIENTED_EDGE('',*,*,#3151,.T.);
#1877=ORIENTED_EDGE('',*,*,#3483,.T.);
#1878=ORIENTED_EDGE('',*,*,#2742,.F.);
#1879=ORIENTED_EDGE('',*,*,#3485,.F.);
#1880=ORIENTED_EDGE('',*,*,#3152,.T.);
#1881=ORIENTED_EDGE('',*,*,#3484,.T.);
#1882=ORIENTED_EDGE('',*,*,#2732,.F.);
#1883=ORIENTED_EDGE('',*,*,#3486,.F.);
#1884=ORIENTED_EDGE('',*,*,#3154,.T.);
#1885=ORIENTED_EDGE('',*,*,#3487,.T.);
#1886=ORIENTED_EDGE('',*,*,#2739,.F.);
#1887=ORIENTED_EDGE('',*,*,#3488,.F.);
#1888=ORIENTED_EDGE('',*,*,#3155,.T.);
#1889=ORIENTED_EDGE('',*,*,#3486,.T.);
#1890=ORIENTED_EDGE('',*,*,#2738,.F.);
#1891=ORIENTED_EDGE('',*,*,#3489,.F.);
#1892=ORIENTED_EDGE('',*,*,#3156,.T.);
#1893=ORIENTED_EDGE('',*,*,#3488,.T.);
#1894=ORIENTED_EDGE('',*,*,#2737,.F.);
#1895=ORIENTED_EDGE('',*,*,#3490,.F.);
#1896=ORIENTED_EDGE('',*,*,#3157,.T.);
#1897=ORIENTED_EDGE('',*,*,#3489,.T.);
#1898=ORIENTED_EDGE('',*,*,#2736,.F.);
#1899=ORIENTED_EDGE('',*,*,#3491,.F.);
#1900=ORIENTED_EDGE('',*,*,#3158,.T.);
#1901=ORIENTED_EDGE('',*,*,#3490,.T.);
#1902=ORIENTED_EDGE('',*,*,#2735,.F.);
#1903=ORIENTED_EDGE('',*,*,#3492,.F.);
#1904=ORIENTED_EDGE('',*,*,#3159,.T.);
#1905=ORIENTED_EDGE('',*,*,#3491,.T.);
#1906=ORIENTED_EDGE('',*,*,#2734,.F.);
#1907=ORIENTED_EDGE('',*,*,#3493,.F.);
#1908=ORIENTED_EDGE('',*,*,#3160,.T.);
#1909=ORIENTED_EDGE('',*,*,#3492,.T.);
#1910=ORIENTED_EDGE('',*,*,#2940,.F.);
#1911=ORIENTED_EDGE('',*,*,#3494,.F.);
#1912=ORIENTED_EDGE('',*,*,#3295,.T.);
#1913=ORIENTED_EDGE('',*,*,#2968,.T.);
#1914=ORIENTED_EDGE('',*,*,#2939,.F.);
#1915=ORIENTED_EDGE('',*,*,#3495,.F.);
#1916=ORIENTED_EDGE('',*,*,#3296,.T.);
#1917=ORIENTED_EDGE('',*,*,#3494,.T.);
#1918=ORIENTED_EDGE('',*,*,#2938,.F.);
#1919=ORIENTED_EDGE('',*,*,#2959,.F.);
#1920=ORIENTED_EDGE('',*,*,#3297,.T.);
#1921=ORIENTED_EDGE('',*,*,#3495,.T.);
#1922=ORIENTED_EDGE('',*,*,#2724,.F.);
#1923=ORIENTED_EDGE('',*,*,#3496,.F.);
#1924=ORIENTED_EDGE('',*,*,#3162,.T.);
#1925=ORIENTED_EDGE('',*,*,#3497,.T.);
#1926=ORIENTED_EDGE('',*,*,#2731,.F.);
#1927=ORIENTED_EDGE('',*,*,#3498,.F.);
#1928=ORIENTED_EDGE('',*,*,#3163,.T.);
#1929=ORIENTED_EDGE('',*,*,#3496,.T.);
#1930=ORIENTED_EDGE('',*,*,#2730,.F.);
#1931=ORIENTED_EDGE('',*,*,#3499,.F.);
#1932=ORIENTED_EDGE('',*,*,#3164,.T.);
#1933=ORIENTED_EDGE('',*,*,#3498,.T.);
#1934=ORIENTED_EDGE('',*,*,#2729,.F.);
#1935=ORIENTED_EDGE('',*,*,#3500,.F.);
#1936=ORIENTED_EDGE('',*,*,#3165,.T.);
#1937=ORIENTED_EDGE('',*,*,#3499,.T.);
#1938=ORIENTED_EDGE('',*,*,#2728,.F.);
#1939=ORIENTED_EDGE('',*,*,#3501,.F.);
#1940=ORIENTED_EDGE('',*,*,#3166,.T.);
#1941=ORIENTED_EDGE('',*,*,#3500,.T.);
#1942=ORIENTED_EDGE('',*,*,#2727,.F.);
#1943=ORIENTED_EDGE('',*,*,#3502,.F.);
#1944=ORIENTED_EDGE('',*,*,#3167,.T.);
#1945=ORIENTED_EDGE('',*,*,#3501,.T.);
#1946=ORIENTED_EDGE('',*,*,#2726,.F.);
#1947=ORIENTED_EDGE('',*,*,#3503,.F.);
#1948=ORIENTED_EDGE('',*,*,#3168,.T.);
#1949=ORIENTED_EDGE('',*,*,#3502,.T.);
#1950=ORIENTED_EDGE('',*,*,#2716,.F.);
#1951=ORIENTED_EDGE('',*,*,#3504,.F.);
#1952=ORIENTED_EDGE('',*,*,#3170,.T.);
#1953=ORIENTED_EDGE('',*,*,#3505,.T.);
#1954=ORIENTED_EDGE('',*,*,#2723,.F.);
#1955=ORIENTED_EDGE('',*,*,#3506,.F.);
#1956=ORIENTED_EDGE('',*,*,#3171,.T.);
#1957=ORIENTED_EDGE('',*,*,#3504,.T.);
#1958=ORIENTED_EDGE('',*,*,#2722,.F.);
#1959=ORIENTED_EDGE('',*,*,#3507,.F.);
#1960=ORIENTED_EDGE('',*,*,#3172,.T.);
#1961=ORIENTED_EDGE('',*,*,#3506,.T.);
#1962=ORIENTED_EDGE('',*,*,#2721,.F.);
#1963=ORIENTED_EDGE('',*,*,#3508,.F.);
#1964=ORIENTED_EDGE('',*,*,#3173,.T.);
#1965=ORIENTED_EDGE('',*,*,#3507,.T.);
#1966=ORIENTED_EDGE('',*,*,#2720,.F.);
#1967=ORIENTED_EDGE('',*,*,#3509,.F.);
#1968=ORIENTED_EDGE('',*,*,#3174,.T.);
#1969=ORIENTED_EDGE('',*,*,#3508,.T.);
#1970=ORIENTED_EDGE('',*,*,#2719,.F.);
#1971=ORIENTED_EDGE('',*,*,#3510,.F.);
#1972=ORIENTED_EDGE('',*,*,#3175,.T.);
#1973=ORIENTED_EDGE('',*,*,#3509,.T.);
#1974=ORIENTED_EDGE('',*,*,#2718,.F.);
#1975=ORIENTED_EDGE('',*,*,#3511,.F.);
#1976=ORIENTED_EDGE('',*,*,#3176,.T.);
#1977=ORIENTED_EDGE('',*,*,#3510,.T.);
#1978=ORIENTED_EDGE('',*,*,#2708,.F.);
#1979=ORIENTED_EDGE('',*,*,#3512,.F.);
#1980=ORIENTED_EDGE('',*,*,#3178,.T.);
#1981=ORIENTED_EDGE('',*,*,#3513,.T.);
#1982=ORIENTED_EDGE('',*,*,#2715,.F.);
#1983=ORIENTED_EDGE('',*,*,#3514,.F.);
#1984=ORIENTED_EDGE('',*,*,#3179,.T.);
#1985=ORIENTED_EDGE('',*,*,#3512,.T.);
#1986=ORIENTED_EDGE('',*,*,#2714,.F.);
#1987=ORIENTED_EDGE('',*,*,#3515,.F.);
#1988=ORIENTED_EDGE('',*,*,#3180,.T.);
#1989=ORIENTED_EDGE('',*,*,#3514,.T.);
#1990=ORIENTED_EDGE('',*,*,#2713,.F.);
#1991=ORIENTED_EDGE('',*,*,#3516,.F.);
#1992=ORIENTED_EDGE('',*,*,#3181,.T.);
#1993=ORIENTED_EDGE('',*,*,#3515,.T.);
#1994=ORIENTED_EDGE('',*,*,#2712,.F.);
#1995=ORIENTED_EDGE('',*,*,#3517,.F.);
#1996=ORIENTED_EDGE('',*,*,#3182,.T.);
#1997=ORIENTED_EDGE('',*,*,#3516,.T.);
#1998=ORIENTED_EDGE('',*,*,#2711,.F.);
#1999=ORIENTED_EDGE('',*,*,#3518,.F.);
#2000=ORIENTED_EDGE('',*,*,#3183,.T.);
#2001=ORIENTED_EDGE('',*,*,#3517,.T.);
#2002=ORIENTED_EDGE('',*,*,#2710,.F.);
#2003=ORIENTED_EDGE('',*,*,#3519,.F.);
#2004=ORIENTED_EDGE('',*,*,#3184,.T.);
#2005=ORIENTED_EDGE('',*,*,#3518,.T.);
#2006=ORIENTED_EDGE('',*,*,#2700,.F.);
#2007=ORIENTED_EDGE('',*,*,#3520,.F.);
#2008=ORIENTED_EDGE('',*,*,#3186,.T.);
#2009=ORIENTED_EDGE('',*,*,#3521,.T.);
#2010=ORIENTED_EDGE('',*,*,#2707,.F.);
#2011=ORIENTED_EDGE('',*,*,#3522,.F.);
#2012=ORIENTED_EDGE('',*,*,#3187,.T.);
#2013=ORIENTED_EDGE('',*,*,#3520,.T.);
#2014=ORIENTED_EDGE('',*,*,#2706,.F.);
#2015=ORIENTED_EDGE('',*,*,#3523,.F.);
#2016=ORIENTED_EDGE('',*,*,#3188,.T.);
#2017=ORIENTED_EDGE('',*,*,#3522,.T.);
#2018=ORIENTED_EDGE('',*,*,#2705,.F.);
#2019=ORIENTED_EDGE('',*,*,#3524,.F.);
#2020=ORIENTED_EDGE('',*,*,#3189,.T.);
#2021=ORIENTED_EDGE('',*,*,#3523,.T.);
#2022=ORIENTED_EDGE('',*,*,#2704,.F.);
#2023=ORIENTED_EDGE('',*,*,#3525,.F.);
#2024=ORIENTED_EDGE('',*,*,#3190,.T.);
#2025=ORIENTED_EDGE('',*,*,#3524,.T.);
#2026=ORIENTED_EDGE('',*,*,#2703,.F.);
#2027=ORIENTED_EDGE('',*,*,#3526,.F.);
#2028=ORIENTED_EDGE('',*,*,#3191,.T.);
#2029=ORIENTED_EDGE('',*,*,#3525,.T.);
#2030=ORIENTED_EDGE('',*,*,#2702,.F.);
#2031=ORIENTED_EDGE('',*,*,#3527,.F.);
#2032=ORIENTED_EDGE('',*,*,#3192,.T.);
#2033=ORIENTED_EDGE('',*,*,#3526,.T.);
#2034=ORIENTED_EDGE('',*,*,#2692,.F.);
#2035=ORIENTED_EDGE('',*,*,#3528,.F.);
#2036=ORIENTED_EDGE('',*,*,#3194,.T.);
#2037=ORIENTED_EDGE('',*,*,#3529,.T.);
#2038=ORIENTED_EDGE('',*,*,#2699,.F.);
#2039=ORIENTED_EDGE('',*,*,#3530,.F.);
#2040=ORIENTED_EDGE('',*,*,#3195,.T.);
#2041=ORIENTED_EDGE('',*,*,#3528,.T.);
#2042=ORIENTED_EDGE('',*,*,#2698,.F.);
#2043=ORIENTED_EDGE('',*,*,#3531,.F.);
#2044=ORIENTED_EDGE('',*,*,#3196,.T.);
#2045=ORIENTED_EDGE('',*,*,#3530,.T.);
#2046=ORIENTED_EDGE('',*,*,#2697,.F.);
#2047=ORIENTED_EDGE('',*,*,#3532,.F.);
#2048=ORIENTED_EDGE('',*,*,#3197,.T.);
#2049=ORIENTED_EDGE('',*,*,#3531,.T.);
#2050=ORIENTED_EDGE('',*,*,#2696,.F.);
#2051=ORIENTED_EDGE('',*,*,#3533,.F.);
#2052=ORIENTED_EDGE('',*,*,#3198,.T.);
#2053=ORIENTED_EDGE('',*,*,#3532,.T.);
#2054=ORIENTED_EDGE('',*,*,#2695,.F.);
#2055=ORIENTED_EDGE('',*,*,#3534,.F.);
#2056=ORIENTED_EDGE('',*,*,#3199,.T.);
#2057=ORIENTED_EDGE('',*,*,#3533,.T.);
#2058=ORIENTED_EDGE('',*,*,#2694,.F.);
#2059=ORIENTED_EDGE('',*,*,#3535,.F.);
#2060=ORIENTED_EDGE('',*,*,#3200,.T.);
#2061=ORIENTED_EDGE('',*,*,#3534,.T.);
#2062=ORIENTED_EDGE('',*,*,#2684,.F.);
#2063=ORIENTED_EDGE('',*,*,#3536,.F.);
#2064=ORIENTED_EDGE('',*,*,#3202,.T.);
#2065=ORIENTED_EDGE('',*,*,#3537,.T.);
#2066=ORIENTED_EDGE('',*,*,#2691,.F.);
#2067=ORIENTED_EDGE('',*,*,#3538,.F.);
#2068=ORIENTED_EDGE('',*,*,#3203,.T.);
#2069=ORIENTED_EDGE('',*,*,#3536,.T.);
#2070=ORIENTED_EDGE('',*,*,#2690,.F.);
#2071=ORIENTED_EDGE('',*,*,#3539,.F.);
#2072=ORIENTED_EDGE('',*,*,#3204,.T.);
#2073=ORIENTED_EDGE('',*,*,#3538,.T.);
#2074=ORIENTED_EDGE('',*,*,#2689,.F.);
#2075=ORIENTED_EDGE('',*,*,#3540,.F.);
#2076=ORIENTED_EDGE('',*,*,#3205,.T.);
#2077=ORIENTED_EDGE('',*,*,#3539,.T.);
#2078=ORIENTED_EDGE('',*,*,#2688,.F.);
#2079=ORIENTED_EDGE('',*,*,#3541,.F.);
#2080=ORIENTED_EDGE('',*,*,#3206,.T.);
#2081=ORIENTED_EDGE('',*,*,#3540,.T.);
#2082=ORIENTED_EDGE('',*,*,#2687,.F.);
#2083=ORIENTED_EDGE('',*,*,#3542,.F.);
#2084=ORIENTED_EDGE('',*,*,#3207,.T.);
#2085=ORIENTED_EDGE('',*,*,#3541,.T.);
#2086=ORIENTED_EDGE('',*,*,#2686,.F.);
#2087=ORIENTED_EDGE('',*,*,#3543,.F.);
#2088=ORIENTED_EDGE('',*,*,#3208,.T.);
#2089=ORIENTED_EDGE('',*,*,#3542,.T.);
#2090=ORIENTED_EDGE('',*,*,#2676,.F.);
#2091=ORIENTED_EDGE('',*,*,#3544,.F.);
#2092=ORIENTED_EDGE('',*,*,#3210,.T.);
#2093=ORIENTED_EDGE('',*,*,#3545,.T.);
#2094=ORIENTED_EDGE('',*,*,#2683,.F.);
#2095=ORIENTED_EDGE('',*,*,#3546,.F.);
#2096=ORIENTED_EDGE('',*,*,#3211,.T.);
#2097=ORIENTED_EDGE('',*,*,#3544,.T.);
#2098=ORIENTED_EDGE('',*,*,#2682,.F.);
#2099=ORIENTED_EDGE('',*,*,#3547,.F.);
#2100=ORIENTED_EDGE('',*,*,#3212,.T.);
#2101=ORIENTED_EDGE('',*,*,#3546,.T.);
#2102=ORIENTED_EDGE('',*,*,#2681,.F.);
#2103=ORIENTED_EDGE('',*,*,#3548,.F.);
#2104=ORIENTED_EDGE('',*,*,#3213,.T.);
#2105=ORIENTED_EDGE('',*,*,#3547,.T.);
#2106=ORIENTED_EDGE('',*,*,#2680,.F.);
#2107=ORIENTED_EDGE('',*,*,#3549,.F.);
#2108=ORIENTED_EDGE('',*,*,#3214,.T.);
#2109=ORIENTED_EDGE('',*,*,#3548,.T.);
#2110=ORIENTED_EDGE('',*,*,#2679,.F.);
#2111=ORIENTED_EDGE('',*,*,#3550,.F.);
#2112=ORIENTED_EDGE('',*,*,#3215,.T.);
#2113=ORIENTED_EDGE('',*,*,#3549,.T.);
#2114=ORIENTED_EDGE('',*,*,#2678,.F.);
#2115=ORIENTED_EDGE('',*,*,#3551,.F.);
#2116=ORIENTED_EDGE('',*,*,#3216,.T.);
#2117=ORIENTED_EDGE('',*,*,#3550,.T.);
#2118=ORIENTED_EDGE('',*,*,#2668,.F.);
#2119=ORIENTED_EDGE('',*,*,#3552,.F.);
#2120=ORIENTED_EDGE('',*,*,#3218,.T.);
#2121=ORIENTED_EDGE('',*,*,#3553,.T.);
#2122=ORIENTED_EDGE('',*,*,#2675,.F.);
#2123=ORIENTED_EDGE('',*,*,#3554,.F.);
#2124=ORIENTED_EDGE('',*,*,#3219,.T.);
#2125=ORIENTED_EDGE('',*,*,#3552,.T.);
#2126=ORIENTED_EDGE('',*,*,#2674,.F.);
#2127=ORIENTED_EDGE('',*,*,#3555,.F.);
#2128=ORIENTED_EDGE('',*,*,#3220,.T.);
#2129=ORIENTED_EDGE('',*,*,#3554,.T.);
#2130=ORIENTED_EDGE('',*,*,#2673,.F.);
#2131=ORIENTED_EDGE('',*,*,#3556,.F.);
#2132=ORIENTED_EDGE('',*,*,#3221,.T.);
#2133=ORIENTED_EDGE('',*,*,#3555,.T.);
#2134=ORIENTED_EDGE('',*,*,#2672,.F.);
#2135=ORIENTED_EDGE('',*,*,#3557,.F.);
#2136=ORIENTED_EDGE('',*,*,#3222,.T.);
#2137=ORIENTED_EDGE('',*,*,#3556,.T.);
#2138=ORIENTED_EDGE('',*,*,#2671,.F.);
#2139=ORIENTED_EDGE('',*,*,#3558,.F.);
#2140=ORIENTED_EDGE('',*,*,#3223,.T.);
#2141=ORIENTED_EDGE('',*,*,#3557,.T.);
#2142=ORIENTED_EDGE('',*,*,#2670,.F.);
#2143=ORIENTED_EDGE('',*,*,#3559,.F.);
#2144=ORIENTED_EDGE('',*,*,#3224,.T.);
#2145=ORIENTED_EDGE('',*,*,#3558,.T.);
#2146=ORIENTED_EDGE('',*,*,#2934,.F.);
#2147=ORIENTED_EDGE('',*,*,#3560,.F.);
#2148=ORIENTED_EDGE('',*,*,#3299,.T.);
#2149=ORIENTED_EDGE('',*,*,#2971,.T.);
#2150=ORIENTED_EDGE('',*,*,#2933,.F.);
#2151=ORIENTED_EDGE('',*,*,#3561,.F.);
#2152=ORIENTED_EDGE('',*,*,#3300,.T.);
#2153=ORIENTED_EDGE('',*,*,#3560,.T.);
#2154=ORIENTED_EDGE('',*,*,#2932,.F.);
#2155=ORIENTED_EDGE('',*,*,#2962,.F.);
#2156=ORIENTED_EDGE('',*,*,#3301,.T.);
#2157=ORIENTED_EDGE('',*,*,#3561,.T.);
#2158=ORIENTED_EDGE('',*,*,#2660,.F.);
#2159=ORIENTED_EDGE('',*,*,#3562,.F.);
#2160=ORIENTED_EDGE('',*,*,#3226,.T.);
#2161=ORIENTED_EDGE('',*,*,#3563,.T.);
#2162=ORIENTED_EDGE('',*,*,#2667,.F.);
#2163=ORIENTED_EDGE('',*,*,#3564,.F.);
#2164=ORIENTED_EDGE('',*,*,#3227,.T.);
#2165=ORIENTED_EDGE('',*,*,#3562,.T.);
#2166=ORIENTED_EDGE('',*,*,#2666,.F.);
#2167=ORIENTED_EDGE('',*,*,#3565,.F.);
#2168=ORIENTED_EDGE('',*,*,#3228,.T.);
#2169=ORIENTED_EDGE('',*,*,#3564,.T.);
#2170=ORIENTED_EDGE('',*,*,#2665,.F.);
#2171=ORIENTED_EDGE('',*,*,#3566,.F.);
#2172=ORIENTED_EDGE('',*,*,#3229,.T.);
#2173=ORIENTED_EDGE('',*,*,#3565,.T.);
#2174=ORIENTED_EDGE('',*,*,#2664,.F.);
#2175=ORIENTED_EDGE('',*,*,#3567,.F.);
#2176=ORIENTED_EDGE('',*,*,#3230,.T.);
#2177=ORIENTED_EDGE('',*,*,#3566,.T.);
#2178=ORIENTED_EDGE('',*,*,#2663,.F.);
#2179=ORIENTED_EDGE('',*,*,#3568,.F.);
#2180=ORIENTED_EDGE('',*,*,#3231,.T.);
#2181=ORIENTED_EDGE('',*,*,#3567,.T.);
#2182=ORIENTED_EDGE('',*,*,#2662,.F.);
#2183=ORIENTED_EDGE('',*,*,#3569,.F.);
#2184=ORIENTED_EDGE('',*,*,#3232,.T.);
#2185=ORIENTED_EDGE('',*,*,#3568,.T.);
#2186=ORIENTED_EDGE('',*,*,#2652,.F.);
#2187=ORIENTED_EDGE('',*,*,#3570,.F.);
#2188=ORIENTED_EDGE('',*,*,#3234,.T.);
#2189=ORIENTED_EDGE('',*,*,#3571,.T.);
#2190=ORIENTED_EDGE('',*,*,#2659,.F.);
#2191=ORIENTED_EDGE('',*,*,#3572,.F.);
#2192=ORIENTED_EDGE('',*,*,#3235,.T.);
#2193=ORIENTED_EDGE('',*,*,#3570,.T.);
#2194=ORIENTED_EDGE('',*,*,#2658,.F.);
#2195=ORIENTED_EDGE('',*,*,#3573,.F.);
#2196=ORIENTED_EDGE('',*,*,#3236,.T.);
#2197=ORIENTED_EDGE('',*,*,#3572,.T.);
#2198=ORIENTED_EDGE('',*,*,#2657,.F.);
#2199=ORIENTED_EDGE('',*,*,#3574,.F.);
#2200=ORIENTED_EDGE('',*,*,#3237,.T.);
#2201=ORIENTED_EDGE('',*,*,#3573,.T.);
#2202=ORIENTED_EDGE('',*,*,#2656,.F.);
#2203=ORIENTED_EDGE('',*,*,#3575,.F.);
#2204=ORIENTED_EDGE('',*,*,#3238,.T.);
#2205=ORIENTED_EDGE('',*,*,#3574,.T.);
#2206=ORIENTED_EDGE('',*,*,#2655,.F.);
#2207=ORIENTED_EDGE('',*,*,#3576,.F.);
#2208=ORIENTED_EDGE('',*,*,#3239,.T.);
#2209=ORIENTED_EDGE('',*,*,#3575,.T.);
#2210=ORIENTED_EDGE('',*,*,#2654,.F.);
#2211=ORIENTED_EDGE('',*,*,#3577,.F.);
#2212=ORIENTED_EDGE('',*,*,#3240,.T.);
#2213=ORIENTED_EDGE('',*,*,#3576,.T.);
#2214=ORIENTED_EDGE('',*,*,#2644,.F.);
#2215=ORIENTED_EDGE('',*,*,#3578,.F.);
#2216=ORIENTED_EDGE('',*,*,#3242,.T.);
#2217=ORIENTED_EDGE('',*,*,#3579,.T.);
#2218=ORIENTED_EDGE('',*,*,#2651,.F.);
#2219=ORIENTED_EDGE('',*,*,#3580,.F.);
#2220=ORIENTED_EDGE('',*,*,#3243,.T.);
#2221=ORIENTED_EDGE('',*,*,#3578,.T.);
#2222=ORIENTED_EDGE('',*,*,#2650,.F.);
#2223=ORIENTED_EDGE('',*,*,#3581,.F.);
#2224=ORIENTED_EDGE('',*,*,#3244,.T.);
#2225=ORIENTED_EDGE('',*,*,#3580,.T.);
#2226=ORIENTED_EDGE('',*,*,#2649,.F.);
#2227=ORIENTED_EDGE('',*,*,#3582,.F.);
#2228=ORIENTED_EDGE('',*,*,#3245,.T.);
#2229=ORIENTED_EDGE('',*,*,#3581,.T.);
#2230=ORIENTED_EDGE('',*,*,#2648,.F.);
#2231=ORIENTED_EDGE('',*,*,#3583,.F.);
#2232=ORIENTED_EDGE('',*,*,#3246,.T.);
#2233=ORIENTED_EDGE('',*,*,#3582,.T.);
#2234=ORIENTED_EDGE('',*,*,#2647,.F.);
#2235=ORIENTED_EDGE('',*,*,#3584,.F.);
#2236=ORIENTED_EDGE('',*,*,#3247,.T.);
#2237=ORIENTED_EDGE('',*,*,#3583,.T.);
#2238=ORIENTED_EDGE('',*,*,#2646,.F.);
#2239=ORIENTED_EDGE('',*,*,#3585,.F.);
#2240=ORIENTED_EDGE('',*,*,#3248,.T.);
#2241=ORIENTED_EDGE('',*,*,#3584,.T.);
#2242=ORIENTED_EDGE('',*,*,#2636,.F.);
#2243=ORIENTED_EDGE('',*,*,#3586,.F.);
#2244=ORIENTED_EDGE('',*,*,#3250,.T.);
#2245=ORIENTED_EDGE('',*,*,#3587,.T.);
#2246=ORIENTED_EDGE('',*,*,#2643,.F.);
#2247=ORIENTED_EDGE('',*,*,#3588,.F.);
#2248=ORIENTED_EDGE('',*,*,#3251,.T.);
#2249=ORIENTED_EDGE('',*,*,#3586,.T.);
#2250=ORIENTED_EDGE('',*,*,#2642,.F.);
#2251=ORIENTED_EDGE('',*,*,#3589,.F.);
#2252=ORIENTED_EDGE('',*,*,#3252,.T.);
#2253=ORIENTED_EDGE('',*,*,#3588,.T.);
#2254=ORIENTED_EDGE('',*,*,#2641,.F.);
#2255=ORIENTED_EDGE('',*,*,#3590,.F.);
#2256=ORIENTED_EDGE('',*,*,#3253,.T.);
#2257=ORIENTED_EDGE('',*,*,#3589,.T.);
#2258=ORIENTED_EDGE('',*,*,#2640,.F.);
#2259=ORIENTED_EDGE('',*,*,#3591,.F.);
#2260=ORIENTED_EDGE('',*,*,#3254,.T.);
#2261=ORIENTED_EDGE('',*,*,#3590,.T.);
#2262=ORIENTED_EDGE('',*,*,#2639,.F.);
#2263=ORIENTED_EDGE('',*,*,#3592,.F.);
#2264=ORIENTED_EDGE('',*,*,#3255,.T.);
#2265=ORIENTED_EDGE('',*,*,#3591,.T.);
#2266=ORIENTED_EDGE('',*,*,#2638,.F.);
#2267=ORIENTED_EDGE('',*,*,#3593,.F.);
#2268=ORIENTED_EDGE('',*,*,#3256,.T.);
#2269=ORIENTED_EDGE('',*,*,#3592,.T.);
#2270=ORIENTED_EDGE('',*,*,#2628,.F.);
#2271=ORIENTED_EDGE('',*,*,#3594,.F.);
#2272=ORIENTED_EDGE('',*,*,#3258,.T.);
#2273=ORIENTED_EDGE('',*,*,#3595,.T.);
#2274=ORIENTED_EDGE('',*,*,#2635,.F.);
#2275=ORIENTED_EDGE('',*,*,#3596,.F.);
#2276=ORIENTED_EDGE('',*,*,#3259,.T.);
#2277=ORIENTED_EDGE('',*,*,#3594,.T.);
#2278=ORIENTED_EDGE('',*,*,#2634,.F.);
#2279=ORIENTED_EDGE('',*,*,#3597,.F.);
#2280=ORIENTED_EDGE('',*,*,#3260,.T.);
#2281=ORIENTED_EDGE('',*,*,#3596,.T.);
#2282=ORIENTED_EDGE('',*,*,#2633,.F.);
#2283=ORIENTED_EDGE('',*,*,#3598,.F.);
#2284=ORIENTED_EDGE('',*,*,#3261,.T.);
#2285=ORIENTED_EDGE('',*,*,#3597,.T.);
#2286=ORIENTED_EDGE('',*,*,#2632,.F.);
#2287=ORIENTED_EDGE('',*,*,#3599,.F.);
#2288=ORIENTED_EDGE('',*,*,#3262,.T.);
#2289=ORIENTED_EDGE('',*,*,#3598,.T.);
#2290=ORIENTED_EDGE('',*,*,#2631,.F.);
#2291=ORIENTED_EDGE('',*,*,#3600,.F.);
#2292=ORIENTED_EDGE('',*,*,#3263,.T.);
#2293=ORIENTED_EDGE('',*,*,#3599,.T.);
#2294=ORIENTED_EDGE('',*,*,#2630,.F.);
#2295=ORIENTED_EDGE('',*,*,#3601,.F.);
#2296=ORIENTED_EDGE('',*,*,#3264,.T.);
#2297=ORIENTED_EDGE('',*,*,#3600,.T.);
#2298=ORIENTED_EDGE('',*,*,#2620,.F.);
#2299=ORIENTED_EDGE('',*,*,#3602,.F.);
#2300=ORIENTED_EDGE('',*,*,#3266,.T.);
#2301=ORIENTED_EDGE('',*,*,#3603,.T.);
#2302=ORIENTED_EDGE('',*,*,#2627,.F.);
#2303=ORIENTED_EDGE('',*,*,#3604,.F.);
#2304=ORIENTED_EDGE('',*,*,#3267,.T.);
#2305=ORIENTED_EDGE('',*,*,#3602,.T.);
#2306=ORIENTED_EDGE('',*,*,#2626,.F.);
#2307=ORIENTED_EDGE('',*,*,#3605,.F.);
#2308=ORIENTED_EDGE('',*,*,#3268,.T.);
#2309=ORIENTED_EDGE('',*,*,#3604,.T.);
#2310=ORIENTED_EDGE('',*,*,#2625,.F.);
#2311=ORIENTED_EDGE('',*,*,#3606,.F.);
#2312=ORIENTED_EDGE('',*,*,#3269,.T.);
#2313=ORIENTED_EDGE('',*,*,#3605,.T.);
#2314=ORIENTED_EDGE('',*,*,#2624,.F.);
#2315=ORIENTED_EDGE('',*,*,#3607,.F.);
#2316=ORIENTED_EDGE('',*,*,#3270,.T.);
#2317=ORIENTED_EDGE('',*,*,#3606,.T.);
#2318=ORIENTED_EDGE('',*,*,#2623,.F.);
#2319=ORIENTED_EDGE('',*,*,#3608,.F.);
#2320=ORIENTED_EDGE('',*,*,#3271,.T.);
#2321=ORIENTED_EDGE('',*,*,#3607,.T.);
#2322=ORIENTED_EDGE('',*,*,#2622,.F.);
#2323=ORIENTED_EDGE('',*,*,#3609,.F.);
#2324=ORIENTED_EDGE('',*,*,#3272,.T.);
#2325=ORIENTED_EDGE('',*,*,#3608,.T.);
#2326=ORIENTED_EDGE('',*,*,#2612,.F.);
#2327=ORIENTED_EDGE('',*,*,#3610,.F.);
#2328=ORIENTED_EDGE('',*,*,#3274,.T.);
#2329=ORIENTED_EDGE('',*,*,#3611,.T.);
#2330=ORIENTED_EDGE('',*,*,#2619,.F.);
#2331=ORIENTED_EDGE('',*,*,#3612,.F.);
#2332=ORIENTED_EDGE('',*,*,#3275,.T.);
#2333=ORIENTED_EDGE('',*,*,#3610,.T.);
#2334=ORIENTED_EDGE('',*,*,#2618,.F.);
#2335=ORIENTED_EDGE('',*,*,#3613,.F.);
#2336=ORIENTED_EDGE('',*,*,#3276,.T.);
#2337=ORIENTED_EDGE('',*,*,#3612,.T.);
#2338=ORIENTED_EDGE('',*,*,#2617,.F.);
#2339=ORIENTED_EDGE('',*,*,#3614,.F.);
#2340=ORIENTED_EDGE('',*,*,#3277,.T.);
#2341=ORIENTED_EDGE('',*,*,#3613,.T.);
#2342=ORIENTED_EDGE('',*,*,#2616,.F.);
#2343=ORIENTED_EDGE('',*,*,#3615,.F.);
#2344=ORIENTED_EDGE('',*,*,#3278,.T.);
#2345=ORIENTED_EDGE('',*,*,#3614,.T.);
#2346=ORIENTED_EDGE('',*,*,#2615,.F.);
#2347=ORIENTED_EDGE('',*,*,#3616,.F.);
#2348=ORIENTED_EDGE('',*,*,#3279,.T.);
#2349=ORIENTED_EDGE('',*,*,#3615,.T.);
#2350=ORIENTED_EDGE('',*,*,#2614,.F.);
#2351=ORIENTED_EDGE('',*,*,#3617,.F.);
#2352=ORIENTED_EDGE('',*,*,#3280,.T.);
#2353=ORIENTED_EDGE('',*,*,#3616,.T.);
#2354=ORIENTED_EDGE('',*,*,#2604,.F.);
#2355=ORIENTED_EDGE('',*,*,#3618,.F.);
#2356=ORIENTED_EDGE('',*,*,#3282,.T.);
#2357=ORIENTED_EDGE('',*,*,#3619,.T.);
#2358=ORIENTED_EDGE('',*,*,#2611,.F.);
#2359=ORIENTED_EDGE('',*,*,#3620,.F.);
#2360=ORIENTED_EDGE('',*,*,#3283,.T.);
#2361=ORIENTED_EDGE('',*,*,#3618,.T.);
#2362=ORIENTED_EDGE('',*,*,#2610,.F.);
#2363=ORIENTED_EDGE('',*,*,#3621,.F.);
#2364=ORIENTED_EDGE('',*,*,#3284,.T.);
#2365=ORIENTED_EDGE('',*,*,#3620,.T.);
#2366=ORIENTED_EDGE('',*,*,#2609,.F.);
#2367=ORIENTED_EDGE('',*,*,#3622,.F.);
#2368=ORIENTED_EDGE('',*,*,#3285,.T.);
#2369=ORIENTED_EDGE('',*,*,#3621,.T.);
#2370=ORIENTED_EDGE('',*,*,#2608,.F.);
#2371=ORIENTED_EDGE('',*,*,#3623,.F.);
#2372=ORIENTED_EDGE('',*,*,#3286,.T.);
#2373=ORIENTED_EDGE('',*,*,#3622,.T.);
#2374=ORIENTED_EDGE('',*,*,#2607,.F.);
#2375=ORIENTED_EDGE('',*,*,#3624,.F.);
#2376=ORIENTED_EDGE('',*,*,#3287,.T.);
#2377=ORIENTED_EDGE('',*,*,#3623,.T.);
#2378=ORIENTED_EDGE('',*,*,#2606,.F.);
#2379=ORIENTED_EDGE('',*,*,#3625,.F.);
#2380=ORIENTED_EDGE('',*,*,#3288,.T.);
#2381=ORIENTED_EDGE('',*,*,#3624,.T.);
#2382=ORIENTED_EDGE('',*,*,#2972,.T.);
#2383=ORIENTED_EDGE('',*,*,#2921,.F.);
#2384=ORIENTED_EDGE('',*,*,#2973,.T.);
#2385=ORIENTED_EDGE('',*,*,#2920,.F.);
#2386=ORIENTED_EDGE('',*,*,#2974,.T.);
#2387=ORIENTED_EDGE('',*,*,#2919,.F.);
#2388=ORIENTED_EDGE('',*,*,#2975,.T.);
#2389=ORIENTED_EDGE('',*,*,#2918,.F.);
#2390=ORIENTED_EDGE('',*,*,#2976,.T.);
#2391=ORIENTED_EDGE('',*,*,#2917,.F.);
#2392=ORIENTED_EDGE('',*,*,#2977,.T.);
#2393=ORIENTED_EDGE('',*,*,#2916,.F.);
#2394=ORIENTED_EDGE('',*,*,#2909,.F.);
#2395=ORIENTED_EDGE('',*,*,#3309,.F.);
#2396=ORIENTED_EDGE('',*,*,#2985,.T.);
#2397=ORIENTED_EDGE('',*,*,#3315,.T.);
#2398=ORIENTED_EDGE('',*,*,#2901,.F.);
#2399=ORIENTED_EDGE('',*,*,#3317,.F.);
#2400=ORIENTED_EDGE('',*,*,#2993,.T.);
#2401=ORIENTED_EDGE('',*,*,#3323,.T.);
#2402=ORIENTED_EDGE('',*,*,#2893,.F.);
#2403=ORIENTED_EDGE('',*,*,#3325,.F.);
#2404=ORIENTED_EDGE('',*,*,#3001,.T.);
#2405=ORIENTED_EDGE('',*,*,#3331,.T.);
#2406=ORIENTED_EDGE('',*,*,#2885,.F.);
#2407=ORIENTED_EDGE('',*,*,#3333,.F.);
#2408=ORIENTED_EDGE('',*,*,#3009,.T.);
#2409=ORIENTED_EDGE('',*,*,#3339,.T.);
#2410=ORIENTED_EDGE('',*,*,#2877,.F.);
#2411=ORIENTED_EDGE('',*,*,#3341,.F.);
#2412=ORIENTED_EDGE('',*,*,#3017,.T.);
#2413=ORIENTED_EDGE('',*,*,#3347,.T.);
#2414=ORIENTED_EDGE('',*,*,#2869,.F.);
#2415=ORIENTED_EDGE('',*,*,#3349,.F.);
#2416=ORIENTED_EDGE('',*,*,#3025,.T.);
#2417=ORIENTED_EDGE('',*,*,#3355,.T.);
#2418=ORIENTED_EDGE('',*,*,#2861,.F.);
#2419=ORIENTED_EDGE('',*,*,#3357,.F.);
#2420=ORIENTED_EDGE('',*,*,#3033,.T.);
#2421=ORIENTED_EDGE('',*,*,#3363,.T.);
#2422=ORIENTED_EDGE('',*,*,#2853,.F.);
#2423=ORIENTED_EDGE('',*,*,#3365,.F.);
#2424=ORIENTED_EDGE('',*,*,#3041,.T.);
#2425=ORIENTED_EDGE('',*,*,#3371,.T.);
#2426=ORIENTED_EDGE('',*,*,#2845,.F.);
#2427=ORIENTED_EDGE('',*,*,#3375,.F.);
#2428=ORIENTED_EDGE('',*,*,#3049,.T.);
#2429=ORIENTED_EDGE('',*,*,#3381,.T.);
#2430=ORIENTED_EDGE('',*,*,#2837,.F.);
#2431=ORIENTED_EDGE('',*,*,#3383,.F.);
#2432=ORIENTED_EDGE('',*,*,#3057,.T.);
#2433=ORIENTED_EDGE('',*,*,#3389,.T.);
#2434=ORIENTED_EDGE('',*,*,#2829,.F.);
#2435=ORIENTED_EDGE('',*,*,#3391,.F.);
#2436=ORIENTED_EDGE('',*,*,#3065,.T.);
#2437=ORIENTED_EDGE('',*,*,#3397,.T.);
#2438=ORIENTED_EDGE('',*,*,#2821,.F.);
#2439=ORIENTED_EDGE('',*,*,#3399,.F.);
#2440=ORIENTED_EDGE('',*,*,#3073,.T.);
#2441=ORIENTED_EDGE('',*,*,#3405,.T.);
#2442=ORIENTED_EDGE('',*,*,#2813,.F.);
#2443=ORIENTED_EDGE('',*,*,#3407,.F.);
#2444=ORIENTED_EDGE('',*,*,#3081,.T.);
#2445=ORIENTED_EDGE('',*,*,#3413,.T.);
#2446=ORIENTED_EDGE('',*,*,#2805,.F.);
#2447=ORIENTED_EDGE('',*,*,#3415,.F.);
#2448=ORIENTED_EDGE('',*,*,#3089,.T.);
#2449=ORIENTED_EDGE('',*,*,#3421,.T.);
#2450=ORIENTED_EDGE('',*,*,#2797,.F.);
#2451=ORIENTED_EDGE('',*,*,#3423,.F.);
#2452=ORIENTED_EDGE('',*,*,#3097,.T.);
#2453=ORIENTED_EDGE('',*,*,#3429,.T.);
#2454=ORIENTED_EDGE('',*,*,#2789,.F.);
#2455=ORIENTED_EDGE('',*,*,#3431,.F.);
#2456=ORIENTED_EDGE('',*,*,#3105,.T.);
#2457=ORIENTED_EDGE('',*,*,#3437,.T.);
#2458=ORIENTED_EDGE('',*,*,#2781,.F.);
#2459=ORIENTED_EDGE('',*,*,#3439,.F.);
#2460=ORIENTED_EDGE('',*,*,#3113,.T.);
#2461=ORIENTED_EDGE('',*,*,#3445,.T.);
#2462=ORIENTED_EDGE('',*,*,#2773,.F.);
#2463=ORIENTED_EDGE('',*,*,#3447,.F.);
#2464=ORIENTED_EDGE('',*,*,#3121,.T.);
#2465=ORIENTED_EDGE('',*,*,#3453,.T.);
#2466=ORIENTED_EDGE('',*,*,#2765,.F.);
#2467=ORIENTED_EDGE('',*,*,#3455,.F.);
#2468=ORIENTED_EDGE('',*,*,#3129,.T.);
#2469=ORIENTED_EDGE('',*,*,#3461,.T.);
#2470=ORIENTED_EDGE('',*,*,#2757,.F.);
#2471=ORIENTED_EDGE('',*,*,#3463,.F.);
#2472=ORIENTED_EDGE('',*,*,#3137,.T.);
#2473=ORIENTED_EDGE('',*,*,#3469,.T.);
#2474=ORIENTED_EDGE('',*,*,#2749,.F.);
#2475=ORIENTED_EDGE('',*,*,#3471,.F.);
#2476=ORIENTED_EDGE('',*,*,#3145,.T.);
#2477=ORIENTED_EDGE('',*,*,#3477,.T.);
#2478=ORIENTED_EDGE('',*,*,#2741,.F.);
#2479=ORIENTED_EDGE('',*,*,#3479,.F.);
#2480=ORIENTED_EDGE('',*,*,#3153,.T.);
#2481=ORIENTED_EDGE('',*,*,#3485,.T.);
#2482=ORIENTED_EDGE('',*,*,#2733,.F.);
#2483=ORIENTED_EDGE('',*,*,#3487,.F.);
#2484=ORIENTED_EDGE('',*,*,#3161,.T.);
#2485=ORIENTED_EDGE('',*,*,#3493,.T.);
#2486=ORIENTED_EDGE('',*,*,#2725,.F.);
#2487=ORIENTED_EDGE('',*,*,#3497,.F.);
#2488=ORIENTED_EDGE('',*,*,#3169,.T.);
#2489=ORIENTED_EDGE('',*,*,#3503,.T.);
#2490=ORIENTED_EDGE('',*,*,#2717,.F.);
#2491=ORIENTED_EDGE('',*,*,#3505,.F.);
#2492=ORIENTED_EDGE('',*,*,#3177,.T.);
#2493=ORIENTED_EDGE('',*,*,#3511,.T.);
#2494=ORIENTED_EDGE('',*,*,#2709,.F.);
#2495=ORIENTED_EDGE('',*,*,#3513,.F.);
#2496=ORIENTED_EDGE('',*,*,#3185,.T.);
#2497=ORIENTED_EDGE('',*,*,#3519,.T.);
#2498=ORIENTED_EDGE('',*,*,#2701,.F.);
#2499=ORIENTED_EDGE('',*,*,#3521,.F.);
#2500=ORIENTED_EDGE('',*,*,#3193,.T.);
#2501=ORIENTED_EDGE('',*,*,#3527,.T.);
#2502=ORIENTED_EDGE('',*,*,#2693,.F.);
#2503=ORIENTED_EDGE('',*,*,#3529,.F.);
#2504=ORIENTED_EDGE('',*,*,#3201,.T.);
#2505=ORIENTED_EDGE('',*,*,#3535,.T.);
#2506=ORIENTED_EDGE('',*,*,#2685,.F.);
#2507=ORIENTED_EDGE('',*,*,#3537,.F.);
#2508=ORIENTED_EDGE('',*,*,#3209,.T.);
#2509=ORIENTED_EDGE('',*,*,#3543,.T.);
#2510=ORIENTED_EDGE('',*,*,#2677,.F.);
#2511=ORIENTED_EDGE('',*,*,#3545,.F.);
#2512=ORIENTED_EDGE('',*,*,#3217,.T.);
#2513=ORIENTED_EDGE('',*,*,#3551,.T.);
#2514=ORIENTED_EDGE('',*,*,#2669,.F.);
#2515=ORIENTED_EDGE('',*,*,#3553,.F.);
#2516=ORIENTED_EDGE('',*,*,#3225,.T.);
#2517=ORIENTED_EDGE('',*,*,#3559,.T.);
#2518=ORIENTED_EDGE('',*,*,#2661,.F.);
#2519=ORIENTED_EDGE('',*,*,#3563,.F.);
#2520=ORIENTED_EDGE('',*,*,#3233,.T.);
#2521=ORIENTED_EDGE('',*,*,#3569,.T.);
#2522=ORIENTED_EDGE('',*,*,#2653,.F.);
#2523=ORIENTED_EDGE('',*,*,#3571,.F.);
#2524=ORIENTED_EDGE('',*,*,#3241,.T.);
#2525=ORIENTED_EDGE('',*,*,#3577,.T.);
#2526=ORIENTED_EDGE('',*,*,#2645,.F.);
#2527=ORIENTED_EDGE('',*,*,#3579,.F.);
#2528=ORIENTED_EDGE('',*,*,#3249,.T.);
#2529=ORIENTED_EDGE('',*,*,#3585,.T.);
#2530=ORIENTED_EDGE('',*,*,#2637,.F.);
#2531=ORIENTED_EDGE('',*,*,#3587,.F.);
#2532=ORIENTED_EDGE('',*,*,#3257,.T.);
#2533=ORIENTED_EDGE('',*,*,#3593,.T.);
#2534=ORIENTED_EDGE('',*,*,#2629,.F.);
#2535=ORIENTED_EDGE('',*,*,#3595,.F.);
#2536=ORIENTED_EDGE('',*,*,#3265,.T.);
#2537=ORIENTED_EDGE('',*,*,#3601,.T.);
#2538=ORIENTED_EDGE('',*,*,#2621,.F.);
#2539=ORIENTED_EDGE('',*,*,#3603,.F.);
#2540=ORIENTED_EDGE('',*,*,#3273,.T.);
#2541=ORIENTED_EDGE('',*,*,#3609,.T.);
#2542=ORIENTED_EDGE('',*,*,#2613,.F.);
#2543=ORIENTED_EDGE('',*,*,#3611,.F.);
#2544=ORIENTED_EDGE('',*,*,#3281,.T.);
#2545=ORIENTED_EDGE('',*,*,#3617,.T.);
#2546=ORIENTED_EDGE('',*,*,#2605,.F.);
#2547=ORIENTED_EDGE('',*,*,#3619,.F.);
#2548=ORIENTED_EDGE('',*,*,#3289,.T.);
#2549=ORIENTED_EDGE('',*,*,#3625,.T.);
#2550=ORIENTED_EDGE('',*,*,#2925,.T.);
#2551=ORIENTED_EDGE('',*,*,#2953,.F.);
#2552=ORIENTED_EDGE('',*,*,#3305,.F.);
#2553=ORIENTED_EDGE('',*,*,#3307,.T.);
#2554=ORIENTED_EDGE('',*,*,#3626,.F.);
#2555=ORIENTED_EDGE('',*,*,#3627,.F.);
#2556=ORIENTED_EDGE('',*,*,#2603,.F.);
#2557=ORIENTED_EDGE('',*,*,#3302,.F.);
#2558=ORIENTED_EDGE('',*,*,#2960,.F.);
#2559=ORIENTED_EDGE('',*,*,#2930,.T.);
#2560=ORIENTED_EDGE('',*,*,#3298,.F.);
#2561=ORIENTED_EDGE('',*,*,#2957,.F.);
#2562=ORIENTED_EDGE('',*,*,#2936,.T.);
#2563=ORIENTED_EDGE('',*,*,#2970,.F.);
#2564=ORIENTED_EDGE('',*,*,#3294,.F.);
#2565=ORIENTED_EDGE('',*,*,#2954,.F.);
#2566=ORIENTED_EDGE('',*,*,#2942,.T.);
#2567=ORIENTED_EDGE('',*,*,#2967,.F.);
#2568=ORIENTED_EDGE('',*,*,#3628,.F.);
#2569=ORIENTED_EDGE('',*,*,#3629,.T.);
#2570=ORIENTED_EDGE('',*,*,#2948,.T.);
#2571=ORIENTED_EDGE('',*,*,#2964,.F.);
#2572=ORIENTED_EDGE('',*,*,#3290,.F.);
#2573=ORIENTED_EDGE('',*,*,#2951,.T.);
#2574=ORIENTED_EDGE('',*,*,#3626,.T.);
#2575=ORIENTED_EDGE('',*,*,#2929,.F.);
#2576=ORIENTED_EDGE('',*,*,#3630,.F.);
#2577=ORIENTED_EDGE('',*,*,#3631,.T.);
#2578=ORIENTED_EDGE('',*,*,#3627,.T.);
#2579=ORIENTED_EDGE('',*,*,#3631,.F.);
#2580=ORIENTED_EDGE('',*,*,#3632,.F.);
#2581=ORIENTED_EDGE('',*,*,#2598,.T.);
#2582=ORIENTED_EDGE('',*,*,#3630,.T.);
#2583=ORIENTED_EDGE('',*,*,#2928,.T.);
#2584=ORIENTED_EDGE('',*,*,#2599,.F.);
#2585=ORIENTED_EDGE('',*,*,#3632,.T.);
#2586=ORIENTED_EDGE('',*,*,#3628,.T.);
#2587=ORIENTED_EDGE('',*,*,#2950,.F.);
#2588=ORIENTED_EDGE('',*,*,#3633,.F.);
#2589=ORIENTED_EDGE('',*,*,#3634,.T.);
#2590=ORIENTED_EDGE('',*,*,#3629,.F.);
#2591=ORIENTED_EDGE('',*,*,#3634,.F.);
#2592=ORIENTED_EDGE('',*,*,#3635,.T.);
#2593=ORIENTED_EDGE('',*,*,#2922,.T.);
#2594=ORIENTED_EDGE('',*,*,#3633,.T.);
#2595=ORIENTED_EDGE('',*,*,#2949,.T.);
#2596=ORIENTED_EDGE('',*,*,#2923,.F.);
#2597=ORIENTED_EDGE('',*,*,#3635,.F.);
#2598=EDGE_CURVE('',#3636,#3637,#4332,.T.);
#2599=EDGE_CURVE('',#3636,#3638,#4333,.T.);
#2600=EDGE_CURVE('',#3639,#3638,#4334,.T.);
#2601=EDGE_CURVE('',#3640,#3639,#4335,.T.);
#2602=EDGE_CURVE('',#3640,#3641,#4336,.T.);
#2603=EDGE_CURVE('',#3641,#3637,#4337,.T.);
#2604=EDGE_CURVE('',#3642,#3643,#182,.T.);
#2605=EDGE_CURVE('',#3643,#3644,#4338,.T.);
#2606=EDGE_CURVE('',#3644,#3645,#183,.T.);
#2607=EDGE_CURVE('',#3645,#3646,#4339,.T.);
#2608=EDGE_CURVE('',#3646,#3647,#184,.T.);
#2609=EDGE_CURVE('',#3647,#3648,#4340,.T.);
#2610=EDGE_CURVE('',#3648,#3649,#185,.T.);
#2611=EDGE_CURVE('',#3649,#3642,#4341,.T.);
#2612=EDGE_CURVE('',#3650,#3651,#186,.T.);
#2613=EDGE_CURVE('',#3651,#3652,#4342,.T.);
#2614=EDGE_CURVE('',#3652,#3653,#187,.T.);
#2615=EDGE_CURVE('',#3653,#3654,#4343,.T.);
#2616=EDGE_CURVE('',#3654,#3655,#188,.T.);
#2617=EDGE_CURVE('',#3655,#3656,#4344,.T.);
#2618=EDGE_CURVE('',#3656,#3657,#189,.T.);
#2619=EDGE_CURVE('',#3657,#3650,#4345,.T.);
#2620=EDGE_CURVE('',#3658,#3659,#190,.T.);
#2621=EDGE_CURVE('',#3659,#3660,#4346,.T.);
#2622=EDGE_CURVE('',#3660,#3661,#191,.T.);
#2623=EDGE_CURVE('',#3661,#3662,#4347,.T.);
#2624=EDGE_CURVE('',#3662,#3663,#192,.T.);
#2625=EDGE_CURVE('',#3663,#3664,#4348,.T.);
#2626=EDGE_CURVE('',#3664,#3665,#193,.T.);
#2627=EDGE_CURVE('',#3665,#3658,#4349,.T.);
#2628=EDGE_CURVE('',#3666,#3667,#194,.T.);
#2629=EDGE_CURVE('',#3667,#3668,#4350,.T.);
#2630=EDGE_CURVE('',#3668,#3669,#195,.T.);
#2631=EDGE_CURVE('',#3669,#3670,#4351,.T.);
#2632=EDGE_CURVE('',#3670,#3671,#196,.T.);
#2633=EDGE_CURVE('',#3671,#3672,#4352,.T.);
#2634=EDGE_CURVE('',#3672,#3673,#197,.T.);
#2635=EDGE_CURVE('',#3673,#3666,#4353,.T.);
#2636=EDGE_CURVE('',#3674,#3675,#198,.T.);
#2637=EDGE_CURVE('',#3675,#3676,#4354,.T.);
#2638=EDGE_CURVE('',#3676,#3677,#199,.T.);
#2639=EDGE_CURVE('',#3677,#3678,#4355,.T.);
#2640=EDGE_CURVE('',#3678,#3679,#200,.T.);
#2641=EDGE_CURVE('',#3679,#3680,#4356,.T.);
#2642=EDGE_CURVE('',#3680,#3681,#201,.T.);
#2643=EDGE_CURVE('',#3681,#3674,#4357,.T.);
#2644=EDGE_CURVE('',#3682,#3683,#202,.T.);
#2645=EDGE_CURVE('',#3683,#3684,#4358,.T.);
#2646=EDGE_CURVE('',#3684,#3685,#203,.T.);
#2647=EDGE_CURVE('',#3685,#3686,#4359,.T.);
#2648=EDGE_CURVE('',#3686,#3687,#204,.T.);
#2649=EDGE_CURVE('',#3687,#3688,#4360,.T.);
#2650=EDGE_CURVE('',#3688,#3689,#205,.T.);
#2651=EDGE_CURVE('',#3689,#3682,#4361,.T.);
#2652=EDGE_CURVE('',#3690,#3691,#206,.T.);
#2653=EDGE_CURVE('',#3691,#3692,#4362,.T.);
#2654=EDGE_CURVE('',#3692,#3693,#207,.T.);
#2655=EDGE_CURVE('',#3693,#3694,#4363,.T.);
#2656=EDGE_CURVE('',#3694,#3695,#208,.T.);
#2657=EDGE_CURVE('',#3695,#3696,#4364,.T.);
#2658=EDGE_CURVE('',#3696,#3697,#209,.T.);
#2659=EDGE_CURVE('',#3697,#3690,#4365,.T.);
#2660=EDGE_CURVE('',#3698,#3699,#210,.T.);
#2661=EDGE_CURVE('',#3699,#3700,#4366,.T.);
#2662=EDGE_CURVE('',#3700,#3701,#211,.T.);
#2663=EDGE_CURVE('',#3701,#3702,#4367,.T.);
#2664=EDGE_CURVE('',#3702,#3703,#212,.T.);
#2665=EDGE_CURVE('',#3703,#3704,#4368,.T.);
#2666=EDGE_CURVE('',#3704,#3705,#213,.T.);
#2667=EDGE_CURVE('',#3705,#3698,#4369,.T.);
#2668=EDGE_CURVE('',#3706,#3707,#214,.T.);
#2669=EDGE_CURVE('',#3707,#3708,#4370,.T.);
#2670=EDGE_CURVE('',#3708,#3709,#215,.T.);
#2671=EDGE_CURVE('',#3709,#3710,#4371,.T.);
#2672=EDGE_CURVE('',#3710,#3711,#216,.T.);
#2673=EDGE_CURVE('',#3711,#3712,#4372,.T.);
#2674=EDGE_CURVE('',#3712,#3713,#217,.T.);
#2675=EDGE_CURVE('',#3713,#3706,#4373,.T.);
#2676=EDGE_CURVE('',#3714,#3715,#218,.T.);
#2677=EDGE_CURVE('',#3715,#3716,#4374,.T.);
#2678=EDGE_CURVE('',#3716,#3717,#219,.T.);
#2679=EDGE_CURVE('',#3717,#3718,#4375,.T.);
#2680=EDGE_CURVE('',#3718,#3719,#220,.T.);
#2681=EDGE_CURVE('',#3719,#3720,#4376,.T.);
#2682=EDGE_CURVE('',#3720,#3721,#221,.T.);
#2683=EDGE_CURVE('',#3721,#3714,#4377,.T.);
#2684=EDGE_CURVE('',#3722,#3723,#222,.T.);
#2685=EDGE_CURVE('',#3723,#3724,#4378,.T.);
#2686=EDGE_CURVE('',#3724,#3725,#223,.T.);
#2687=EDGE_CURVE('',#3725,#3726,#4379,.T.);
#2688=EDGE_CURVE('',#3726,#3727,#224,.T.);
#2689=EDGE_CURVE('',#3727,#3728,#4380,.T.);
#2690=EDGE_CURVE('',#3728,#3729,#225,.T.);
#2691=EDGE_CURVE('',#3729,#3722,#4381,.T.);
#2692=EDGE_CURVE('',#3730,#3731,#226,.T.);
#2693=EDGE_CURVE('',#3731,#3732,#4382,.T.);
#2694=EDGE_CURVE('',#3732,#3733,#227,.T.);
#2695=EDGE_CURVE('',#3733,#3734,#4383,.T.);
#2696=EDGE_CURVE('',#3734,#3735,#228,.T.);
#2697=EDGE_CURVE('',#3735,#3736,#4384,.T.);
#2698=EDGE_CURVE('',#3736,#3737,#229,.T.);
#2699=EDGE_CURVE('',#3737,#3730,#4385,.T.);
#2700=EDGE_CURVE('',#3738,#3739,#230,.T.);
#2701=EDGE_CURVE('',#3739,#3740,#4386,.T.);
#2702=EDGE_CURVE('',#3740,#3741,#231,.T.);
#2703=EDGE_CURVE('',#3741,#3742,#4387,.T.);
#2704=EDGE_CURVE('',#3742,#3743,#232,.T.);
#2705=EDGE_CURVE('',#3743,#3744,#4388,.T.);
#2706=EDGE_CURVE('',#3744,#3745,#233,.T.);
#2707=EDGE_CURVE('',#3745,#3738,#4389,.T.);
#2708=EDGE_CURVE('',#3746,#3747,#234,.T.);
#2709=EDGE_CURVE('',#3747,#3748,#4390,.T.);
#2710=EDGE_CURVE('',#3748,#3749,#235,.T.);
#2711=EDGE_CURVE('',#3749,#3750,#4391,.T.);
#2712=EDGE_CURVE('',#3750,#3751,#236,.T.);
#2713=EDGE_CURVE('',#3751,#3752,#4392,.T.);
#2714=EDGE_CURVE('',#3752,#3753,#237,.T.);
#2715=EDGE_CURVE('',#3753,#3746,#4393,.T.);
#2716=EDGE_CURVE('',#3754,#3755,#238,.T.);
#2717=EDGE_CURVE('',#3755,#3756,#4394,.T.);
#2718=EDGE_CURVE('',#3756,#3757,#239,.T.);
#2719=EDGE_CURVE('',#3757,#3758,#4395,.T.);
#2720=EDGE_CURVE('',#3758,#3759,#240,.T.);
#2721=EDGE_CURVE('',#3759,#3760,#4396,.T.);
#2722=EDGE_CURVE('',#3760,#3761,#241,.T.);
#2723=EDGE_CURVE('',#3761,#3754,#4397,.T.);
#2724=EDGE_CURVE('',#3762,#3763,#242,.T.);
#2725=EDGE_CURVE('',#3763,#3764,#4398,.T.);
#2726=EDGE_CURVE('',#3764,#3765,#243,.T.);
#2727=EDGE_CURVE('',#3765,#3766,#4399,.T.);
#2728=EDGE_CURVE('',#3766,#3767,#244,.T.);
#2729=EDGE_CURVE('',#3767,#3768,#4400,.T.);
#2730=EDGE_CURVE('',#3768,#3769,#245,.T.);
#2731=EDGE_CURVE('',#3769,#3762,#4401,.T.);
#2732=EDGE_CURVE('',#3770,#3771,#246,.T.);
#2733=EDGE_CURVE('',#3771,#3772,#4402,.T.);
#2734=EDGE_CURVE('',#3772,#3773,#247,.T.);
#2735=EDGE_CURVE('',#3773,#3774,#4403,.T.);
#2736=EDGE_CURVE('',#3774,#3775,#248,.T.);
#2737=EDGE_CURVE('',#3775,#3776,#4404,.T.);
#2738=EDGE_CURVE('',#3776,#3777,#249,.T.);
#2739=EDGE_CURVE('',#3777,#3770,#4405,.T.);
#2740=EDGE_CURVE('',#3778,#3779,#250,.T.);
#2741=EDGE_CURVE('',#3779,#3780,#4406,.T.);
#2742=EDGE_CURVE('',#3780,#3781,#251,.T.);
#2743=EDGE_CURVE('',#3781,#3782,#4407,.T.);
#2744=EDGE_CURVE('',#3782,#3783,#252,.T.);
#2745=EDGE_CURVE('',#3783,#3784,#4408,.T.);
#2746=EDGE_CURVE('',#3784,#3785,#253,.T.);
#2747=EDGE_CURVE('',#3785,#3778,#4409,.T.);
#2748=EDGE_CURVE('',#3786,#3787,#254,.T.);
#2749=EDGE_CURVE('',#3787,#3788,#4410,.T.);
#2750=EDGE_CURVE('',#3788,#3789,#255,.T.);
#2751=EDGE_CURVE('',#3789,#3790,#4411,.T.);
#2752=EDGE_CURVE('',#3790,#3791,#256,.T.);
#2753=EDGE_CURVE('',#3791,#3792,#4412,.T.);
#2754=EDGE_CURVE('',#3792,#3793,#257,.T.);
#2755=EDGE_CURVE('',#3793,#3786,#4413,.T.);
#2756=EDGE_CURVE('',#3794,#3795,#258,.T.);
#2757=EDGE_CURVE('',#3795,#3796,#4414,.T.);
#2758=EDGE_CURVE('',#3796,#3797,#259,.T.);
#2759=EDGE_CURVE('',#3797,#3798,#4415,.T.);
#2760=EDGE_CURVE('',#3798,#3799,#260,.T.);
#2761=EDGE_CURVE('',#3799,#3800,#4416,.T.);
#2762=EDGE_CURVE('',#3800,#3801,#261,.T.);
#2763=EDGE_CURVE('',#3801,#3794,#4417,.T.);
#2764=EDGE_CURVE('',#3802,#3803,#262,.T.);
#2765=EDGE_CURVE('',#3803,#3804,#4418,.T.);
#2766=EDGE_CURVE('',#3804,#3805,#263,.T.);
#2767=EDGE_CURVE('',#3805,#3806,#4419,.T.);
#2768=EDGE_CURVE('',#3806,#3807,#264,.T.);
#2769=EDGE_CURVE('',#3807,#3808,#4420,.T.);
#2770=EDGE_CURVE('',#3808,#3809,#265,.T.);
#2771=EDGE_CURVE('',#3809,#3802,#4421,.T.);
#2772=EDGE_CURVE('',#3810,#3811,#266,.T.);
#2773=EDGE_CURVE('',#3811,#3812,#4422,.T.);
#2774=EDGE_CURVE('',#3812,#3813,#267,.T.);
#2775=EDGE_CURVE('',#3813,#3814,#4423,.T.);
#2776=EDGE_CURVE('',#3814,#3815,#268,.T.);
#2777=EDGE_CURVE('',#3815,#3816,#4424,.T.);
#2778=EDGE_CURVE('',#3816,#3817,#269,.T.);
#2779=EDGE_CURVE('',#3817,#3810,#4425,.T.);
#2780=EDGE_CURVE('',#3818,#3819,#270,.T.);
#2781=EDGE_CURVE('',#3819,#3820,#4426,.T.);
#2782=EDGE_CURVE('',#3820,#3821,#271,.T.);
#2783=EDGE_CURVE('',#3821,#3822,#4427,.T.);
#2784=EDGE_CURVE('',#3822,#3823,#272,.T.);
#2785=EDGE_CURVE('',#3823,#3824,#4428,.T.);
#2786=EDGE_CURVE('',#3824,#3825,#273,.T.);
#2787=EDGE_CURVE('',#3825,#3818,#4429,.T.);
#2788=EDGE_CURVE('',#3826,#3827,#274,.T.);
#2789=EDGE_CURVE('',#3827,#3828,#4430,.T.);
#2790=EDGE_CURVE('',#3828,#3829,#275,.T.);
#2791=EDGE_CURVE('',#3829,#3830,#4431,.T.);
#2792=EDGE_CURVE('',#3830,#3831,#276,.T.);
#2793=EDGE_CURVE('',#3831,#3832,#4432,.T.);
#2794=EDGE_CURVE('',#3832,#3833,#277,.T.);
#2795=EDGE_CURVE('',#3833,#3826,#4433,.T.);
#2796=EDGE_CURVE('',#3834,#3835,#278,.T.);
#2797=EDGE_CURVE('',#3835,#3836,#4434,.T.);
#2798=EDGE_CURVE('',#3836,#3837,#279,.T.);
#2799=EDGE_CURVE('',#3837,#3838,#4435,.T.);
#2800=EDGE_CURVE('',#3838,#3839,#280,.T.);
#2801=EDGE_CURVE('',#3839,#3840,#4436,.T.);
#2802=EDGE_CURVE('',#3840,#3841,#281,.T.);
#2803=EDGE_CURVE('',#3841,#3834,#4437,.T.);
#2804=EDGE_CURVE('',#3842,#3843,#282,.T.);
#2805=EDGE_CURVE('',#3843,#3844,#4438,.T.);
#2806=EDGE_CURVE('',#3844,#3845,#283,.T.);
#2807=EDGE_CURVE('',#3845,#3846,#4439,.T.);
#2808=EDGE_CURVE('',#3846,#3847,#284,.T.);
#2809=EDGE_CURVE('',#3847,#3848,#4440,.T.);
#2810=EDGE_CURVE('',#3848,#3849,#285,.T.);
#2811=EDGE_CURVE('',#3849,#3842,#4441,.T.);
#2812=EDGE_CURVE('',#3850,#3851,#286,.T.);
#2813=EDGE_CURVE('',#3851,#3852,#4442,.T.);
#2814=EDGE_CURVE('',#3852,#3853,#287,.T.);
#2815=EDGE_CURVE('',#3853,#3854,#4443,.T.);
#2816=EDGE_CURVE('',#3854,#3855,#288,.T.);
#2817=EDGE_CURVE('',#3855,#3856,#4444,.T.);
#2818=EDGE_CURVE('',#3856,#3857,#289,.T.);
#2819=EDGE_CURVE('',#3857,#3850,#4445,.T.);
#2820=EDGE_CURVE('',#3858,#3859,#290,.T.);
#2821=EDGE_CURVE('',#3859,#3860,#4446,.T.);
#2822=EDGE_CURVE('',#3860,#3861,#291,.T.);
#2823=EDGE_CURVE('',#3861,#3862,#4447,.T.);
#2824=EDGE_CURVE('',#3862,#3863,#292,.T.);
#2825=EDGE_CURVE('',#3863,#3864,#4448,.T.);
#2826=EDGE_CURVE('',#3864,#3865,#293,.T.);
#2827=EDGE_CURVE('',#3865,#3858,#4449,.T.);
#2828=EDGE_CURVE('',#3866,#3867,#294,.T.);
#2829=EDGE_CURVE('',#3867,#3868,#4450,.T.);
#2830=EDGE_CURVE('',#3868,#3869,#295,.T.);
#2831=EDGE_CURVE('',#3869,#3870,#4451,.T.);
#2832=EDGE_CURVE('',#3870,#3871,#296,.T.);
#2833=EDGE_CURVE('',#3871,#3872,#4452,.T.);
#2834=EDGE_CURVE('',#3872,#3873,#297,.T.);
#2835=EDGE_CURVE('',#3873,#3866,#4453,.T.);
#2836=EDGE_CURVE('',#3874,#3875,#298,.T.);
#2837=EDGE_CURVE('',#3875,#3876,#4454,.T.);
#2838=EDGE_CURVE('',#3876,#3877,#299,.T.);
#2839=EDGE_CURVE('',#3877,#3878,#4455,.T.);
#2840=EDGE_CURVE('',#3878,#3879,#300,.T.);
#2841=EDGE_CURVE('',#3879,#3880,#4456,.T.);
#2842=EDGE_CURVE('',#3880,#3881,#301,.T.);
#2843=EDGE_CURVE('',#3881,#3874,#4457,.T.);
#2844=EDGE_CURVE('',#3882,#3883,#302,.T.);
#2845=EDGE_CURVE('',#3883,#3884,#4458,.T.);
#2846=EDGE_CURVE('',#3884,#3885,#303,.T.);
#2847=EDGE_CURVE('',#3885,#3886,#4459,.T.);
#2848=EDGE_CURVE('',#3886,#3887,#304,.T.);
#2849=EDGE_CURVE('',#3887,#3888,#4460,.T.);
#2850=EDGE_CURVE('',#3888,#3889,#305,.T.);
#2851=EDGE_CURVE('',#3889,#3882,#4461,.T.);
#2852=EDGE_CURVE('',#3890,#3891,#306,.T.);
#2853=EDGE_CURVE('',#3891,#3892,#4462,.T.);
#2854=EDGE_CURVE('',#3892,#3893,#307,.T.);
#2855=EDGE_CURVE('',#3893,#3894,#4463,.T.);
#2856=EDGE_CURVE('',#3894,#3895,#308,.T.);
#2857=EDGE_CURVE('',#3895,#3896,#4464,.T.);
#2858=EDGE_CURVE('',#3896,#3897,#309,.T.);
#2859=EDGE_CURVE('',#3897,#3890,#4465,.T.);
#2860=EDGE_CURVE('',#3898,#3899,#310,.T.);
#2861=EDGE_CURVE('',#3899,#3900,#4466,.T.);
#2862=EDGE_CURVE('',#3900,#3901,#311,.T.);
#2863=EDGE_CURVE('',#3901,#3902,#4467,.T.);
#2864=EDGE_CURVE('',#3902,#3903,#312,.T.);
#2865=EDGE_CURVE('',#3903,#3904,#4468,.T.);
#2866=EDGE_CURVE('',#3904,#3905,#313,.T.);
#2867=EDGE_CURVE('',#3905,#3898,#4469,.T.);
#2868=EDGE_CURVE('',#3906,#3907,#314,.T.);
#2869=EDGE_CURVE('',#3907,#3908,#4470,.T.);
#2870=EDGE_CURVE('',#3908,#3909,#315,.T.);
#2871=EDGE_CURVE('',#3909,#3910,#4471,.T.);
#2872=EDGE_CURVE('',#3910,#3911,#316,.T.);
#2873=EDGE_CURVE('',#3911,#3912,#4472,.T.);
#2874=EDGE_CURVE('',#3912,#3913,#317,.T.);
#2875=EDGE_CURVE('',#3913,#3906,#4473,.T.);
#2876=EDGE_CURVE('',#3914,#3915,#318,.T.);
#2877=EDGE_CURVE('',#3915,#3916,#4474,.T.);
#2878=EDGE_CURVE('',#3916,#3917,#319,.T.);
#2879=EDGE_CURVE('',#3917,#3918,#4475,.T.);
#2880=EDGE_CURVE('',#3918,#3919,#320,.T.);
#2881=EDGE_CURVE('',#3919,#3920,#4476,.T.);
#2882=EDGE_CURVE('',#3920,#3921,#321,.T.);
#2883=EDGE_CURVE('',#3921,#3914,#4477,.T.);
#2884=EDGE_CURVE('',#3922,#3923,#322,.T.);
#2885=EDGE_CURVE('',#3923,#3924,#4478,.T.);
#2886=EDGE_CURVE('',#3924,#3925,#323,.T.);
#2887=EDGE_CURVE('',#3925,#3926,#4479,.T.);
#2888=EDGE_CURVE('',#3926,#3927,#324,.T.);
#2889=EDGE_CURVE('',#3927,#3928,#4480,.T.);
#2890=EDGE_CURVE('',#3928,#3929,#325,.T.);
#2891=EDGE_CURVE('',#3929,#3922,#4481,.T.);
#2892=EDGE_CURVE('',#3930,#3931,#326,.T.);
#2893=EDGE_CURVE('',#3931,#3932,#4482,.T.);
#2894=EDGE_CURVE('',#3932,#3933,#327,.T.);
#2895=EDGE_CURVE('',#3933,#3934,#4483,.T.);
#2896=EDGE_CURVE('',#3934,#3935,#328,.T.);
#2897=EDGE_CURVE('',#3935,#3936,#4484,.T.);
#2898=EDGE_CURVE('',#3936,#3937,#329,.T.);
#2899=EDGE_CURVE('',#3937,#3930,#4485,.T.);
#2900=EDGE_CURVE('',#3938,#3939,#330,.T.);
#2901=EDGE_CURVE('',#3939,#3940,#4486,.T.);
#2902=EDGE_CURVE('',#3940,#3941,#331,.T.);
#2903=EDGE_CURVE('',#3941,#3942,#4487,.T.);
#2904=EDGE_CURVE('',#3942,#3943,#332,.T.);
#2905=EDGE_CURVE('',#3943,#3944,#4488,.T.);
#2906=EDGE_CURVE('',#3944,#3945,#333,.T.);
#2907=EDGE_CURVE('',#3945,#3938,#4489,.T.);
#2908=EDGE_CURVE('',#3946,#3947,#334,.T.);
#2909=EDGE_CURVE('',#3947,#3948,#4490,.T.);
#2910=EDGE_CURVE('',#3948,#3949,#335,.T.);
#2911=EDGE_CURVE('',#3949,#3950,#4491,.T.);
#2912=EDGE_CURVE('',#3950,#3951,#336,.T.);
#2913=EDGE_CURVE('',#3951,#3952,#4492,.T.);
#2914=EDGE_CURVE('',#3952,#3953,#337,.T.);
#2915=EDGE_CURVE('',#3953,#3946,#4493,.T.);
#2916=EDGE_CURVE('',#3954,#3954,#338,.T.);
#2917=EDGE_CURVE('',#3955,#3955,#339,.T.);
#2918=EDGE_CURVE('',#3956,#3956,#340,.T.);
#2919=EDGE_CURVE('',#3957,#3957,#341,.T.);
#2920=EDGE_CURVE('',#3958,#3958,#342,.T.);
#2921=EDGE_CURVE('',#3959,#3959,#343,.T.);
#2922=EDGE_CURVE('',#3960,#3961,#4494,.T.);
#2923=EDGE_CURVE('',#3960,#3962,#4495,.T.);
#2924=EDGE_CURVE('',#3963,#3962,#4496,.T.);
#2925=EDGE_CURVE('',#3964,#3963,#344,.T.);
#2926=EDGE_CURVE('',#3965,#3964,#4497,.T.);
#2927=EDGE_CURVE('',#3639,#3965,#345,.T.);
#2928=EDGE_CURVE('',#3966,#3638,#4498,.T.);
#2929=EDGE_CURVE('',#3966,#3967,#4499,.T.);
#2930=EDGE_CURVE('',#3968,#3967,#4500,.T.);
#2931=EDGE_CURVE('',#3968,#3969,#4501,.T.);
#2932=EDGE_CURVE('',#3969,#3970,#346,.T.);
#2933=EDGE_CURVE('',#3970,#3971,#4502,.T.);
#2934=EDGE_CURVE('',#3971,#3972,#347,.T.);
#2935=EDGE_CURVE('',#3972,#3973,#4503,.T.);
#2936=EDGE_CURVE('',#3974,#3973,#4504,.T.);
#2937=EDGE_CURVE('',#3974,#3975,#4505,.T.);
#2938=EDGE_CURVE('',#3975,#3976,#348,.T.);
#2939=EDGE_CURVE('',#3976,#3977,#4506,.T.);
#2940=EDGE_CURVE('',#3977,#3978,#349,.T.);
#2941=EDGE_CURVE('',#3978,#3979,#4507,.T.);
#2942=EDGE_CURVE('',#3980,#3979,#4508,.T.);
#2943=EDGE_CURVE('',#3980,#3981,#4509,.T.);
#2944=EDGE_CURVE('',#3981,#3982,#350,.T.);
#2945=EDGE_CURVE('',#3982,#3983,#4510,.T.);
#2946=EDGE_CURVE('',#3983,#3984,#351,.T.);
#2947=EDGE_CURVE('',#3984,#3985,#4511,.T.);
#2948=EDGE_CURVE('',#3961,#3985,#4512,.T.);
#2949=EDGE_CURVE('',#3986,#3962,#4513,.T.);
#2950=EDGE_CURVE('',#3986,#3987,#4514,.T.);
#2951=EDGE_CURVE('',#3988,#3987,#4515,.T.);
#2952=EDGE_CURVE('',#3989,#3988,#4516,.T.);
#2953=EDGE_CURVE('',#3989,#3963,#4517,.T.);
#2954=EDGE_CURVE('',#3980,#3990,#4518,.T.);
#2955=EDGE_CURVE('',#3990,#3991,#4519,.T.);
#2956=EDGE_CURVE('',#3991,#3981,#4520,.T.);
#2957=EDGE_CURVE('',#3974,#3992,#4521,.T.);
#2958=EDGE_CURVE('',#3992,#3993,#4522,.T.);
#2959=EDGE_CURVE('',#3993,#3975,#4523,.T.);
#2960=EDGE_CURVE('',#3968,#3994,#4524,.T.);
#2961=EDGE_CURVE('',#3994,#3995,#4525,.T.);
#2962=EDGE_CURVE('',#3995,#3969,#4526,.T.);
#2963=EDGE_CURVE('',#3996,#3997,#4527,.T.);
#2964=EDGE_CURVE('',#3997,#3985,#4528,.T.);
#2965=EDGE_CURVE('',#3996,#3984,#4529,.T.);
#2966=EDGE_CURVE('',#3998,#3999,#4530,.T.);
#2967=EDGE_CURVE('',#3999,#3979,#4531,.T.);
#2968=EDGE_CURVE('',#3998,#3978,#4532,.T.);
#2969=EDGE_CURVE('',#4000,#4001,#4533,.T.);
#2970=EDGE_CURVE('',#4001,#3973,#4534,.T.);
#2971=EDGE_CURVE('',#4000,#3972,#4535,.T.);
#2972=EDGE_CURVE('',#4002,#4002,#352,.T.);
#2973=EDGE_CURVE('',#4003,#4003,#353,.T.);
#2974=EDGE_CURVE('',#4004,#4004,#354,.T.);
#2975=EDGE_CURVE('',#4005,#4005,#355,.T.);
#2976=EDGE_CURVE('',#4006,#4006,#356,.T.);
#2977=EDGE_CURVE('',#4007,#4007,#357,.T.);
#2978=EDGE_CURVE('',#4008,#4009,#358,.T.);
#2979=EDGE_CURVE('',#4010,#4008,#4536,.T.);
#2980=EDGE_CURVE('',#4011,#4010,#359,.T.);
#2981=EDGE_CURVE('',#4012,#4011,#4537,.T.);
#2982=EDGE_CURVE('',#4013,#4012,#360,.T.);
#2983=EDGE_CURVE('',#4014,#4013,#4538,.T.);
#2984=EDGE_CURVE('',#4015,#4014,#361,.T.);
#2985=EDGE_CURVE('',#4009,#4015,#4539,.T.);
#2986=EDGE_CURVE('',#4016,#4017,#362,.T.);
#2987=EDGE_CURVE('',#4018,#4016,#4540,.T.);
#2988=EDGE_CURVE('',#4019,#4018,#363,.T.);
#2989=EDGE_CURVE('',#4020,#4019,#4541,.T.);
#2990=EDGE_CURVE('',#4021,#4020,#364,.T.);
#2991=EDGE_CURVE('',#4022,#4021,#4542,.T.);
#2992=EDGE_CURVE('',#4023,#4022,#365,.T.);
#2993=EDGE_CURVE('',#4017,#4023,#4543,.T.);
#2994=EDGE_CURVE('',#4024,#4025,#366,.T.);
#2995=EDGE_CURVE('',#4026,#4024,#4544,.T.);
#2996=EDGE_CURVE('',#4027,#4026,#367,.T.);
#2997=EDGE_CURVE('',#4028,#4027,#4545,.T.);
#2998=EDGE_CURVE('',#4029,#4028,#368,.T.);
#2999=EDGE_CURVE('',#4030,#4029,#4546,.T.);
#3000=EDGE_CURVE('',#4031,#4030,#369,.T.);
#3001=EDGE_CURVE('',#4025,#4031,#4547,.T.);
#3002=EDGE_CURVE('',#4032,#4033,#370,.T.);
#3003=EDGE_CURVE('',#4034,#4032,#4548,.T.);
#3004=EDGE_CURVE('',#4035,#4034,#371,.T.);
#3005=EDGE_CURVE('',#4036,#4035,#4549,.T.);
#3006=EDGE_CURVE('',#4037,#4036,#372,.T.);
#3007=EDGE_CURVE('',#4038,#4037,#4550,.T.);
#3008=EDGE_CURVE('',#4039,#4038,#373,.T.);
#3009=EDGE_CURVE('',#4033,#4039,#4551,.T.);
#3010=EDGE_CURVE('',#4040,#4041,#374,.T.);
#3011=EDGE_CURVE('',#4042,#4040,#4552,.T.);
#3012=EDGE_CURVE('',#4043,#4042,#375,.T.);
#3013=EDGE_CURVE('',#4044,#4043,#4553,.T.);
#3014=EDGE_CURVE('',#4045,#4044,#376,.T.);
#3015=EDGE_CURVE('',#4046,#4045,#4554,.T.);
#3016=EDGE_CURVE('',#4047,#4046,#377,.T.);
#3017=EDGE_CURVE('',#4041,#4047,#4555,.T.);
#3018=EDGE_CURVE('',#4048,#4049,#378,.T.);
#3019=EDGE_CURVE('',#4050,#4048,#4556,.T.);
#3020=EDGE_CURVE('',#4051,#4050,#379,.T.);
#3021=EDGE_CURVE('',#4052,#4051,#4557,.T.);
#3022=EDGE_CURVE('',#4053,#4052,#380,.T.);
#3023=EDGE_CURVE('',#4054,#4053,#4558,.T.);
#3024=EDGE_CURVE('',#4055,#4054,#381,.T.);
#3025=EDGE_CURVE('',#4049,#4055,#4559,.T.);
#3026=EDGE_CURVE('',#4056,#4057,#382,.T.);
#3027=EDGE_CURVE('',#4058,#4056,#4560,.T.);
#3028=EDGE_CURVE('',#4059,#4058,#383,.T.);
#3029=EDGE_CURVE('',#4060,#4059,#4561,.T.);
#3030=EDGE_CURVE('',#4061,#4060,#384,.T.);
#3031=EDGE_CURVE('',#4062,#4061,#4562,.T.);
#3032=EDGE_CURVE('',#4063,#4062,#385,.T.);
#3033=EDGE_CURVE('',#4057,#4063,#4563,.T.);
#3034=EDGE_CURVE('',#4064,#4065,#386,.T.);
#3035=EDGE_CURVE('',#4066,#4064,#4564,.T.);
#3036=EDGE_CURVE('',#4067,#4066,#387,.T.);
#3037=EDGE_CURVE('',#4068,#4067,#4565,.T.);
#3038=EDGE_CURVE('',#4069,#4068,#388,.T.);
#3039=EDGE_CURVE('',#4070,#4069,#4566,.T.);
#3040=EDGE_CURVE('',#4071,#4070,#389,.T.);
#3041=EDGE_CURVE('',#4065,#4071,#4567,.T.);
#3042=EDGE_CURVE('',#4072,#4073,#390,.T.);
#3043=EDGE_CURVE('',#4074,#4072,#4568,.T.);
#3044=EDGE_CURVE('',#4075,#4074,#391,.T.);
#3045=EDGE_CURVE('',#4076,#4075,#4569,.T.);
#3046=EDGE_CURVE('',#4077,#4076,#392,.T.);
#3047=EDGE_CURVE('',#4078,#4077,#4570,.T.);
#3048=EDGE_CURVE('',#4079,#4078,#393,.T.);
#3049=EDGE_CURVE('',#4073,#4079,#4571,.T.);
#3050=EDGE_CURVE('',#4080,#4081,#394,.T.);
#3051=EDGE_CURVE('',#4082,#4080,#4572,.T.);
#3052=EDGE_CURVE('',#4083,#4082,#395,.T.);
#3053=EDGE_CURVE('',#4084,#4083,#4573,.T.);
#3054=EDGE_CURVE('',#4085,#4084,#396,.T.);
#3055=EDGE_CURVE('',#4086,#4085,#4574,.T.);
#3056=EDGE_CURVE('',#4087,#4086,#397,.T.);
#3057=EDGE_CURVE('',#4081,#4087,#4575,.T.);
#3058=EDGE_CURVE('',#4088,#4089,#398,.T.);
#3059=EDGE_CURVE('',#4090,#4088,#4576,.T.);
#3060=EDGE_CURVE('',#4091,#4090,#399,.T.);
#3061=EDGE_CURVE('',#4092,#4091,#4577,.T.);
#3062=EDGE_CURVE('',#4093,#4092,#400,.T.);
#3063=EDGE_CURVE('',#4094,#4093,#4578,.T.);
#3064=EDGE_CURVE('',#4095,#4094,#401,.T.);
#3065=EDGE_CURVE('',#4089,#4095,#4579,.T.);
#3066=EDGE_CURVE('',#4096,#4097,#402,.T.);
#3067=EDGE_CURVE('',#4098,#4096,#4580,.T.);
#3068=EDGE_CURVE('',#4099,#4098,#403,.T.);
#3069=EDGE_CURVE('',#4100,#4099,#4581,.T.);
#3070=EDGE_CURVE('',#4101,#4100,#404,.T.);
#3071=EDGE_CURVE('',#4102,#4101,#4582,.T.);
#3072=EDGE_CURVE('',#4103,#4102,#405,.T.);
#3073=EDGE_CURVE('',#4097,#4103,#4583,.T.);
#3074=EDGE_CURVE('',#4104,#4105,#406,.T.);
#3075=EDGE_CURVE('',#4106,#4104,#4584,.T.);
#3076=EDGE_CURVE('',#4107,#4106,#407,.T.);
#3077=EDGE_CURVE('',#4108,#4107,#4585,.T.);
#3078=EDGE_CURVE('',#4109,#4108,#408,.T.);
#3079=EDGE_CURVE('',#4110,#4109,#4586,.T.);
#3080=EDGE_CURVE('',#4111,#4110,#409,.T.);
#3081=EDGE_CURVE('',#4105,#4111,#4587,.T.);
#3082=EDGE_CURVE('',#4112,#4113,#410,.T.);
#3083=EDGE_CURVE('',#4114,#4112,#4588,.T.);
#3084=EDGE_CURVE('',#4115,#4114,#411,.T.);
#3085=EDGE_CURVE('',#4116,#4115,#4589,.T.);
#3086=EDGE_CURVE('',#4117,#4116,#412,.T.);
#3087=EDGE_CURVE('',#4118,#4117,#4590,.T.);
#3088=EDGE_CURVE('',#4119,#4118,#413,.T.);
#3089=EDGE_CURVE('',#4113,#4119,#4591,.T.);
#3090=EDGE_CURVE('',#4120,#4121,#414,.T.);
#3091=EDGE_CURVE('',#4122,#4120,#4592,.T.);
#3092=EDGE_CURVE('',#4123,#4122,#415,.T.);
#3093=EDGE_CURVE('',#4124,#4123,#4593,.T.);
#3094=EDGE_CURVE('',#4125,#4124,#416,.T.);
#3095=EDGE_CURVE('',#4126,#4125,#4594,.T.);
#3096=EDGE_CURVE('',#4127,#4126,#417,.T.);
#3097=EDGE_CURVE('',#4121,#4127,#4595,.T.);
#3098=EDGE_CURVE('',#4128,#4129,#418,.T.);
#3099=EDGE_CURVE('',#4130,#4128,#4596,.T.);
#3100=EDGE_CURVE('',#4131,#4130,#419,.T.);
#3101=EDGE_CURVE('',#4132,#4131,#4597,.T.);
#3102=EDGE_CURVE('',#4133,#4132,#420,.T.);
#3103=EDGE_CURVE('',#4134,#4133,#4598,.T.);
#3104=EDGE_CURVE('',#4135,#4134,#421,.T.);
#3105=EDGE_CURVE('',#4129,#4135,#4599,.T.);
#3106=EDGE_CURVE('',#4136,#4137,#422,.T.);
#3107=EDGE_CURVE('',#4138,#4136,#4600,.T.);
#3108=EDGE_CURVE('',#4139,#4138,#423,.T.);
#3109=EDGE_CURVE('',#4140,#4139,#4601,.T.);
#3110=EDGE_CURVE('',#4141,#4140,#424,.T.);
#3111=EDGE_CURVE('',#4142,#4141,#4602,.T.);
#3112=EDGE_CURVE('',#4143,#4142,#425,.T.);
#3113=EDGE_CURVE('',#4137,#4143,#4603,.T.);
#3114=EDGE_CURVE('',#4144,#4145,#426,.T.);
#3115=EDGE_CURVE('',#4146,#4144,#4604,.T.);
#3116=EDGE_CURVE('',#4147,#4146,#427,.T.);
#3117=EDGE_CURVE('',#4148,#4147,#4605,.T.);
#3118=EDGE_CURVE('',#4149,#4148,#428,.T.);
#3119=EDGE_CURVE('',#4150,#4149,#4606,.T.);
#3120=EDGE_CURVE('',#4151,#4150,#429,.T.);
#3121=EDGE_CURVE('',#4145,#4151,#4607,.T.);
#3122=EDGE_CURVE('',#4152,#4153,#430,.T.);
#3123=EDGE_CURVE('',#4154,#4152,#4608,.T.);
#3124=EDGE_CURVE('',#4155,#4154,#431,.T.);
#3125=EDGE_CURVE('',#4156,#4155,#4609,.T.);
#3126=EDGE_CURVE('',#4157,#4156,#432,.T.);
#3127=EDGE_CURVE('',#4158,#4157,#4610,.T.);
#3128=EDGE_CURVE('',#4159,#4158,#433,.T.);
#3129=EDGE_CURVE('',#4153,#4159,#4611,.T.);
#3130=EDGE_CURVE('',#4160,#4161,#434,.T.);
#3131=EDGE_CURVE('',#4162,#4160,#4612,.T.);
#3132=EDGE_CURVE('',#4163,#4162,#435,.T.);
#3133=EDGE_CURVE('',#4164,#4163,#4613,.T.);
#3134=EDGE_CURVE('',#4165,#4164,#436,.T.);
#3135=EDGE_CURVE('',#4166,#4165,#4614,.T.);
#3136=EDGE_CURVE('',#4167,#4166,#437,.T.);
#3137=EDGE_CURVE('',#4161,#4167,#4615,.T.);
#3138=EDGE_CURVE('',#4168,#4169,#438,.T.);
#3139=EDGE_CURVE('',#4170,#4168,#4616,.T.);
#3140=EDGE_CURVE('',#4171,#4170,#439,.T.);
#3141=EDGE_CURVE('',#4172,#4171,#4617,.T.);
#3142=EDGE_CURVE('',#4173,#4172,#440,.T.);
#3143=EDGE_CURVE('',#4174,#4173,#4618,.T.);
#3144=EDGE_CURVE('',#4175,#4174,#441,.T.);
#3145=EDGE_CURVE('',#4169,#4175,#4619,.T.);
#3146=EDGE_CURVE('',#4176,#4177,#442,.T.);
#3147=EDGE_CURVE('',#4178,#4176,#4620,.T.);
#3148=EDGE_CURVE('',#4179,#4178,#443,.T.);
#3149=EDGE_CURVE('',#4180,#4179,#4621,.T.);
#3150=EDGE_CURVE('',#4181,#4180,#444,.T.);
#3151=EDGE_CURVE('',#4182,#4181,#4622,.T.);
#3152=EDGE_CURVE('',#4183,#4182,#445,.T.);
#3153=EDGE_CURVE('',#4177,#4183,#4623,.T.);
#3154=EDGE_CURVE('',#4184,#4185,#446,.T.);
#3155=EDGE_CURVE('',#4186,#4184,#4624,.T.);
#3156=EDGE_CURVE('',#4187,#4186,#447,.T.);
#3157=EDGE_CURVE('',#4188,#4187,#4625,.T.);
#3158=EDGE_CURVE('',#4189,#4188,#448,.T.);
#3159=EDGE_CURVE('',#4190,#4189,#4626,.T.);
#3160=EDGE_CURVE('',#4191,#4190,#449,.T.);
#3161=EDGE_CURVE('',#4185,#4191,#4627,.T.);
#3162=EDGE_CURVE('',#4192,#4193,#450,.T.);
#3163=EDGE_CURVE('',#4194,#4192,#4628,.T.);
#3164=EDGE_CURVE('',#4195,#4194,#451,.T.);
#3165=EDGE_CURVE('',#4196,#4195,#4629,.T.);
#3166=EDGE_CURVE('',#4197,#4196,#452,.T.);
#3167=EDGE_CURVE('',#4198,#4197,#4630,.T.);
#3168=EDGE_CURVE('',#4199,#4198,#453,.T.);
#3169=EDGE_CURVE('',#4193,#4199,#4631,.T.);
#3170=EDGE_CURVE('',#4200,#4201,#454,.T.);
#3171=EDGE_CURVE('',#4202,#4200,#4632,.T.);
#3172=EDGE_CURVE('',#4203,#4202,#455,.T.);
#3173=EDGE_CURVE('',#4204,#4203,#4633,.T.);
#3174=EDGE_CURVE('',#4205,#4204,#456,.T.);
#3175=EDGE_CURVE('',#4206,#4205,#4634,.T.);
#3176=EDGE_CURVE('',#4207,#4206,#457,.T.);
#3177=EDGE_CURVE('',#4201,#4207,#4635,.T.);
#3178=EDGE_CURVE('',#4208,#4209,#458,.T.);
#3179=EDGE_CURVE('',#4210,#4208,#4636,.T.);
#3180=EDGE_CURVE('',#4211,#4210,#459,.T.);
#3181=EDGE_CURVE('',#4212,#4211,#4637,.T.);
#3182=EDGE_CURVE('',#4213,#4212,#460,.T.);
#3183=EDGE_CURVE('',#4214,#4213,#4638,.T.);
#3184=EDGE_CURVE('',#4215,#4214,#461,.T.);
#3185=EDGE_CURVE('',#4209,#4215,#4639,.T.);
#3186=EDGE_CURVE('',#4216,#4217,#462,.T.);
#3187=EDGE_CURVE('',#4218,#4216,#4640,.T.);
#3188=EDGE_CURVE('',#4219,#4218,#463,.T.);
#3189=EDGE_CURVE('',#4220,#4219,#4641,.T.);
#3190=EDGE_CURVE('',#4221,#4220,#464,.T.);
#3191=EDGE_CURVE('',#4222,#4221,#4642,.T.);
#3192=EDGE_CURVE('',#4223,#4222,#465,.T.);
#3193=EDGE_CURVE('',#4217,#4223,#4643,.T.);
#3194=EDGE_CURVE('',#4224,#4225,#466,.T.);
#3195=EDGE_CURVE('',#4226,#4224,#4644,.T.);
#3196=EDGE_CURVE('',#4227,#4226,#467,.T.);
#3197=EDGE_CURVE('',#4228,#4227,#4645,.T.);
#3198=EDGE_CURVE('',#4229,#4228,#468,.T.);
#3199=EDGE_CURVE('',#4230,#4229,#4646,.T.);
#3200=EDGE_CURVE('',#4231,#4230,#469,.T.);
#3201=EDGE_CURVE('',#4225,#4231,#4647,.T.);
#3202=EDGE_CURVE('',#4232,#4233,#470,.T.);
#3203=EDGE_CURVE('',#4234,#4232,#4648,.T.);
#3204=EDGE_CURVE('',#4235,#4234,#471,.T.);
#3205=EDGE_CURVE('',#4236,#4235,#4649,.T.);
#3206=EDGE_CURVE('',#4237,#4236,#472,.T.);
#3207=EDGE_CURVE('',#4238,#4237,#4650,.T.);
#3208=EDGE_CURVE('',#4239,#4238,#473,.T.);
#3209=EDGE_CURVE('',#4233,#4239,#4651,.T.);
#3210=EDGE_CURVE('',#4240,#4241,#474,.T.);
#3211=EDGE_CURVE('',#4242,#4240,#4652,.T.);
#3212=EDGE_CURVE('',#4243,#4242,#475,.T.);
#3213=EDGE_CURVE('',#4244,#4243,#4653,.T.);
#3214=EDGE_CURVE('',#4245,#4244,#476,.T.);
#3215=EDGE_CURVE('',#4246,#4245,#4654,.T.);
#3216=EDGE_CURVE('',#4247,#4246,#477,.T.);
#3217=EDGE_CURVE('',#4241,#4247,#4655,.T.);
#3218=EDGE_CURVE('',#4248,#4249,#478,.T.);
#3219=EDGE_CURVE('',#4250,#4248,#4656,.T.);
#3220=EDGE_CURVE('',#4251,#4250,#479,.T.);
#3221=EDGE_CURVE('',#4252,#4251,#4657,.T.);
#3222=EDGE_CURVE('',#4253,#4252,#480,.T.);
#3223=EDGE_CURVE('',#4254,#4253,#4658,.T.);
#3224=EDGE_CURVE('',#4255,#4254,#481,.T.);
#3225=EDGE_CURVE('',#4249,#4255,#4659,.T.);
#3226=EDGE_CURVE('',#4256,#4257,#482,.T.);
#3227=EDGE_CURVE('',#4258,#4256,#4660,.T.);
#3228=EDGE_CURVE('',#4259,#4258,#483,.T.);
#3229=EDGE_CURVE('',#4260,#4259,#4661,.T.);
#3230=EDGE_CURVE('',#4261,#4260,#484,.T.);
#3231=EDGE_CURVE('',#4262,#4261,#4662,.T.);
#3232=EDGE_CURVE('',#4263,#4262,#485,.T.);
#3233=EDGE_CURVE('',#4257,#4263,#4663,.T.);
#3234=EDGE_CURVE('',#4264,#4265,#486,.T.);
#3235=EDGE_CURVE('',#4266,#4264,#4664,.T.);
#3236=EDGE_CURVE('',#4267,#4266,#487,.T.);
#3237=EDGE_CURVE('',#4268,#4267,#4665,.T.);
#3238=EDGE_CURVE('',#4269,#4268,#488,.T.);
#3239=EDGE_CURVE('',#4270,#4269,#4666,.T.);
#3240=EDGE_CURVE('',#4271,#4270,#489,.T.);
#3241=EDGE_CURVE('',#4265,#4271,#4667,.T.);
#3242=EDGE_CURVE('',#4272,#4273,#490,.T.);
#3243=EDGE_CURVE('',#4274,#4272,#4668,.T.);
#3244=EDGE_CURVE('',#4275,#4274,#491,.T.);
#3245=EDGE_CURVE('',#4276,#4275,#4669,.T.);
#3246=EDGE_CURVE('',#4277,#4276,#492,.T.);
#3247=EDGE_CURVE('',#4278,#4277,#4670,.T.);
#3248=EDGE_CURVE('',#4279,#4278,#493,.T.);
#3249=EDGE_CURVE('',#4273,#4279,#4671,.T.);
#3250=EDGE_CURVE('',#4280,#4281,#494,.T.);
#3251=EDGE_CURVE('',#4282,#4280,#4672,.T.);
#3252=EDGE_CURVE('',#4283,#4282,#495,.T.);
#3253=EDGE_CURVE('',#4284,#4283,#4673,.T.);
#3254=EDGE_CURVE('',#4285,#4284,#496,.T.);
#3255=EDGE_CURVE('',#4286,#4285,#4674,.T.);
#3256=EDGE_CURVE('',#4287,#4286,#497,.T.);
#3257=EDGE_CURVE('',#4281,#4287,#4675,.T.);
#3258=EDGE_CURVE('',#4288,#4289,#498,.T.);
#3259=EDGE_CURVE('',#4290,#4288,#4676,.T.);
#3260=EDGE_CURVE('',#4291,#4290,#499,.T.);
#3261=EDGE_CURVE('',#4292,#4291,#4677,.T.);
#3262=EDGE_CURVE('',#4293,#4292,#500,.T.);
#3263=EDGE_CURVE('',#4294,#4293,#4678,.T.);
#3264=EDGE_CURVE('',#4295,#4294,#501,.T.);
#3265=EDGE_CURVE('',#4289,#4295,#4679,.T.);
#3266=EDGE_CURVE('',#4296,#4297,#502,.T.);
#3267=EDGE_CURVE('',#4298,#4296,#4680,.T.);
#3268=EDGE_CURVE('',#4299,#4298,#503,.T.);
#3269=EDGE_CURVE('',#4300,#4299,#4681,.T.);
#3270=EDGE_CURVE('',#4301,#4300,#504,.T.);
#3271=EDGE_CURVE('',#4302,#4301,#4682,.T.);
#3272=EDGE_CURVE('',#4303,#4302,#505,.T.);
#3273=EDGE_CURVE('',#4297,#4303,#4683,.T.);
#3274=EDGE_CURVE('',#4304,#4305,#506,.T.);
#3275=EDGE_CURVE('',#4306,#4304,#4684,.T.);
#3276=EDGE_CURVE('',#4307,#4306,#507,.T.);
#3277=EDGE_CURVE('',#4308,#4307,#4685,.T.);
#3278=EDGE_CURVE('',#4309,#4308,#508,.T.);
#3279=EDGE_CURVE('',#4310,#4309,#4686,.T.);
#3280=EDGE_CURVE('',#4311,#4310,#509,.T.);
#3281=EDGE_CURVE('',#4305,#4311,#4687,.T.);
#3282=EDGE_CURVE('',#4312,#4313,#510,.T.);
#3283=EDGE_CURVE('',#4314,#4312,#4688,.T.);
#3284=EDGE_CURVE('',#4315,#4314,#511,.T.);
#3285=EDGE_CURVE('',#4316,#4315,#4689,.T.);
#3286=EDGE_CURVE('',#4317,#4316,#512,.T.);
#3287=EDGE_CURVE('',#4318,#4317,#4690,.T.);
#3288=EDGE_CURVE('',#4319,#4318,#513,.T.);
#3289=EDGE_CURVE('',#4313,#4319,#4691,.T.);
#3290=EDGE_CURVE('',#3988,#3997,#4692,.T.);
#3291=EDGE_CURVE('',#4320,#3996,#514,.T.);
#3292=EDGE_CURVE('',#4321,#4320,#4693,.T.);
#3293=EDGE_CURVE('',#3991,#4321,#515,.T.);
#3294=EDGE_CURVE('',#3990,#3999,#4694,.T.);
#3295=EDGE_CURVE('',#4322,#3998,#516,.T.);
#3296=EDGE_CURVE('',#4323,#4322,#4695,.T.);
#3297=EDGE_CURVE('',#3993,#4323,#517,.T.);
#3298=EDGE_CURVE('',#3992,#4001,#4696,.T.);
#3299=EDGE_CURVE('',#4324,#4000,#518,.T.);
#3300=EDGE_CURVE('',#4325,#4324,#4697,.T.);
#3301=EDGE_CURVE('',#3995,#4325,#519,.T.);
#3302=EDGE_CURVE('',#3994,#3641,#4698,.T.);
#3303=EDGE_CURVE('',#3640,#4326,#520,.T.);
#3304=EDGE_CURVE('',#4326,#4327,#4699,.T.);
#3305=EDGE_CURVE('',#4327,#3989,#521,.T.);
#3306=EDGE_CURVE('',#4326,#3965,#4700,.T.);
#3307=EDGE_CURVE('',#4327,#3964,#4701,.T.);
#3308=EDGE_CURVE('',#4008,#3946,#4702,.T.);
#3309=EDGE_CURVE('',#4009,#3947,#4703,.T.);
#3310=EDGE_CURVE('',#4010,#3953,#4704,.T.);
#3311=EDGE_CURVE('',#4011,#3952,#4705,.T.);
#3312=EDGE_CURVE('',#4012,#3951,#4706,.T.);
#3313=EDGE_CURVE('',#4013,#3950,#4707,.T.);
#3314=EDGE_CURVE('',#4014,#3949,#4708,.T.);
#3315=EDGE_CURVE('',#4015,#3948,#4709,.T.);
#3316=EDGE_CURVE('',#4016,#3938,#4710,.T.);
#3317=EDGE_CURVE('',#4017,#3939,#4711,.T.);
#3318=EDGE_CURVE('',#4018,#3945,#4712,.T.);
#3319=EDGE_CURVE('',#4019,#3944,#4713,.T.);
#3320=EDGE_CURVE('',#4020,#3943,#4714,.T.);
#3321=EDGE_CURVE('',#4021,#3942,#4715,.T.);
#3322=EDGE_CURVE('',#4022,#3941,#4716,.T.);
#3323=EDGE_CURVE('',#4023,#3940,#4717,.T.);
#3324=EDGE_CURVE('',#4024,#3930,#4718,.T.);
#3325=EDGE_CURVE('',#4025,#3931,#4719,.T.);
#3326=EDGE_CURVE('',#4026,#3937,#4720,.T.);
#3327=EDGE_CURVE('',#4027,#3936,#4721,.T.);
#3328=EDGE_CURVE('',#4028,#3935,#4722,.T.);
#3329=EDGE_CURVE('',#4029,#3934,#4723,.T.);
#3330=EDGE_CURVE('',#4030,#3933,#4724,.T.);
#3331=EDGE_CURVE('',#4031,#3932,#4725,.T.);
#3332=EDGE_CURVE('',#4032,#3922,#4726,.T.);
#3333=EDGE_CURVE('',#4033,#3923,#4727,.T.);
#3334=EDGE_CURVE('',#4034,#3929,#4728,.T.);
#3335=EDGE_CURVE('',#4035,#3928,#4729,.T.);
#3336=EDGE_CURVE('',#4036,#3927,#4730,.T.);
#3337=EDGE_CURVE('',#4037,#3926,#4731,.T.);
#3338=EDGE_CURVE('',#4038,#3925,#4732,.T.);
#3339=EDGE_CURVE('',#4039,#3924,#4733,.T.);
#3340=EDGE_CURVE('',#4040,#3914,#4734,.T.);
#3341=EDGE_CURVE('',#4041,#3915,#4735,.T.);
#3342=EDGE_CURVE('',#4042,#3921,#4736,.T.);
#3343=EDGE_CURVE('',#4043,#3920,#4737,.T.);
#3344=EDGE_CURVE('',#4044,#3919,#4738,.T.);
#3345=EDGE_CURVE('',#4045,#3918,#4739,.T.);
#3346=EDGE_CURVE('',#4046,#3917,#4740,.T.);
#3347=EDGE_CURVE('',#4047,#3916,#4741,.T.);
#3348=EDGE_CURVE('',#4048,#3906,#4742,.T.);
#3349=EDGE_CURVE('',#4049,#3907,#4743,.T.);
#3350=EDGE_CURVE('',#4050,#3913,#4744,.T.);
#3351=EDGE_CURVE('',#4051,#3912,#4745,.T.);
#3352=EDGE_CURVE('',#4052,#3911,#4746,.T.);
#3353=EDGE_CURVE('',#4053,#3910,#4747,.T.);
#3354=EDGE_CURVE('',#4054,#3909,#4748,.T.);
#3355=EDGE_CURVE('',#4055,#3908,#4749,.T.);
#3356=EDGE_CURVE('',#4056,#3898,#4750,.T.);
#3357=EDGE_CURVE('',#4057,#3899,#4751,.T.);
#3358=EDGE_CURVE('',#4058,#3905,#4752,.T.);
#3359=EDGE_CURVE('',#4059,#3904,#4753,.T.);
#3360=EDGE_CURVE('',#4060,#3903,#4754,.T.);
#3361=EDGE_CURVE('',#4061,#3902,#4755,.T.);
#3362=EDGE_CURVE('',#4062,#3901,#4756,.T.);
#3363=EDGE_CURVE('',#4063,#3900,#4757,.T.);
#3364=EDGE_CURVE('',#4064,#3890,#4758,.T.);
#3365=EDGE_CURVE('',#4065,#3891,#4759,.T.);
#3366=EDGE_CURVE('',#4066,#3897,#4760,.T.);
#3367=EDGE_CURVE('',#4067,#3896,#4761,.T.);
#3368=EDGE_CURVE('',#4068,#3895,#4762,.T.);
#3369=EDGE_CURVE('',#4069,#3894,#4763,.T.);
#3370=EDGE_CURVE('',#4070,#3893,#4764,.T.);
#3371=EDGE_CURVE('',#4071,#3892,#4765,.T.);
#3372=EDGE_CURVE('',#4320,#3983,#4766,.T.);
#3373=EDGE_CURVE('',#4321,#3982,#4767,.T.);
#3374=EDGE_CURVE('',#4072,#3882,#4768,.T.);
#3375=EDGE_CURVE('',#4073,#3883,#4769,.T.);
#3376=EDGE_CURVE('',#4074,#3889,#4770,.T.);
#3377=EDGE_CURVE('',#4075,#3888,#4771,.T.);
#3378=EDGE_CURVE('',#4076,#3887,#4772,.T.);
#3379=EDGE_CURVE('',#4077,#3886,#4773,.T.);
#3380=EDGE_CURVE('',#4078,#3885,#4774,.T.);
#3381=EDGE_CURVE('',#4079,#3884,#4775,.T.);
#3382=EDGE_CURVE('',#4080,#3874,#4776,.T.);
#3383=EDGE_CURVE('',#4081,#3875,#4777,.T.);
#3384=EDGE_CURVE('',#4082,#3881,#4778,.T.);
#3385=EDGE_CURVE('',#4083,#3880,#4779,.T.);
#3386=EDGE_CURVE('',#4084,#3879,#4780,.T.);
#3387=EDGE_CURVE('',#4085,#3878,#4781,.T.);
#3388=EDGE_CURVE('',#4086,#3877,#4782,.T.);
#3389=EDGE_CURVE('',#4087,#3876,#4783,.T.);
#3390=EDGE_CURVE('',#4088,#3866,#4784,.T.);
#3391=EDGE_CURVE('',#4089,#3867,#4785,.T.);
#3392=EDGE_CURVE('',#4090,#3873,#4786,.T.);
#3393=EDGE_CURVE('',#4091,#3872,#4787,.T.);
#3394=EDGE_CURVE('',#4092,#3871,#4788,.T.);
#3395=EDGE_CURVE('',#4093,#3870,#4789,.T.);
#3396=EDGE_CURVE('',#4094,#3869,#4790,.T.);
#3397=EDGE_CURVE('',#4095,#3868,#4791,.T.);
#3398=EDGE_CURVE('',#4096,#3858,#4792,.T.);
#3399=EDGE_CURVE('',#4097,#3859,#4793,.T.);
#3400=EDGE_CURVE('',#4098,#3865,#4794,.T.);
#3401=EDGE_CURVE('',#4099,#3864,#4795,.T.);
#3402=EDGE_CURVE('',#4100,#3863,#4796,.T.);
#3403=EDGE_CURVE('',#4101,#3862,#4797,.T.);
#3404=EDGE_CURVE('',#4102,#3861,#4798,.T.);
#3405=EDGE_CURVE('',#4103,#3860,#4799,.T.);
#3406=EDGE_CURVE('',#4104,#3850,#4800,.T.);
#3407=EDGE_CURVE('',#4105,#3851,#4801,.T.);
#3408=EDGE_CURVE('',#4106,#3857,#4802,.T.);
#3409=EDGE_CURVE('',#4107,#3856,#4803,.T.);
#3410=EDGE_CURVE('',#4108,#3855,#4804,.T.);
#3411=EDGE_CURVE('',#4109,#3854,#4805,.T.);
#3412=EDGE_CURVE('',#4110,#3853,#4806,.T.);
#3413=EDGE_CURVE('',#4111,#3852,#4807,.T.);
#3414=EDGE_CURVE('',#4112,#3842,#4808,.T.);
#3415=EDGE_CURVE('',#4113,#3843,#4809,.T.);
#3416=EDGE_CURVE('',#4114,#3849,#4810,.T.);
#3417=EDGE_CURVE('',#4115,#3848,#4811,.T.);
#3418=EDGE_CURVE('',#4116,#3847,#4812,.T.);
#3419=EDGE_CURVE('',#4117,#3846,#4813,.T.);
#3420=EDGE_CURVE('',#4118,#3845,#4814,.T.);
#3421=EDGE_CURVE('',#4119,#3844,#4815,.T.);
#3422=EDGE_CURVE('',#4120,#3834,#4816,.T.);
#3423=EDGE_CURVE('',#4121,#3835,#4817,.T.);
#3424=EDGE_CURVE('',#4122,#3841,#4818,.T.);
#3425=EDGE_CURVE('',#4123,#3840,#4819,.T.);
#3426=EDGE_CURVE('',#4124,#3839,#4820,.T.);
#3427=EDGE_CURVE('',#4125,#3838,#4821,.T.);
#3428=EDGE_CURVE('',#4126,#3837,#4822,.T.);
#3429=EDGE_CURVE('',#4127,#3836,#4823,.T.);
#3430=EDGE_CURVE('',#4128,#3826,#4824,.T.);
#3431=EDGE_CURVE('',#4129,#3827,#4825,.T.);
#3432=EDGE_CURVE('',#4130,#3833,#4826,.T.);
#3433=EDGE_CURVE('',#4131,#3832,#4827,.T.);
#3434=EDGE_CURVE('',#4132,#3831,#4828,.T.);
#3435=EDGE_CURVE('',#4133,#3830,#4829,.T.);
#3436=EDGE_CURVE('',#4134,#3829,#4830,.T.);
#3437=EDGE_CURVE('',#4135,#3828,#4831,.T.);
#3438=EDGE_CURVE('',#4136,#3818,#4832,.T.);
#3439=EDGE_CURVE('',#4137,#3819,#4833,.T.);
#3440=EDGE_CURVE('',#4138,#3825,#4834,.T.);
#3441=EDGE_CURVE('',#4139,#3824,#4835,.T.);
#3442=EDGE_CURVE('',#4140,#3823,#4836,.T.);
#3443=EDGE_CURVE('',#4141,#3822,#4837,.T.);
#3444=EDGE_CURVE('',#4142,#3821,#4838,.T.);
#3445=EDGE_CURVE('',#4143,#3820,#4839,.T.);
#3446=EDGE_CURVE('',#4144,#3810,#4840,.T.);
#3447=EDGE_CURVE('',#4145,#3811,#4841,.T.);
#3448=EDGE_CURVE('',#4146,#3817,#4842,.T.);
#3449=EDGE_CURVE('',#4147,#3816,#4843,.T.);
#3450=EDGE_CURVE('',#4148,#3815,#4844,.T.);
#3451=EDGE_CURVE('',#4149,#3814,#4845,.T.);
#3452=EDGE_CURVE('',#4150,#3813,#4846,.T.);
#3453=EDGE_CURVE('',#4151,#3812,#4847,.T.);
#3454=EDGE_CURVE('',#4152,#3802,#4848,.T.);
#3455=EDGE_CURVE('',#4153,#3803,#4849,.T.);
#3456=EDGE_CURVE('',#4154,#3809,#4850,.T.);
#3457=EDGE_CURVE('',#4155,#3808,#4851,.T.);
#3458=EDGE_CURVE('',#4156,#3807,#4852,.T.);
#3459=EDGE_CURVE('',#4157,#3806,#4853,.T.);
#3460=EDGE_CURVE('',#4158,#3805,#4854,.T.);
#3461=EDGE_CURVE('',#4159,#3804,#4855,.T.);
#3462=EDGE_CURVE('',#4160,#3794,#4856,.T.);
#3463=EDGE_CURVE('',#4161,#3795,#4857,.T.);
#3464=EDGE_CURVE('',#4162,#3801,#4858,.T.);
#3465=EDGE_CURVE('',#4163,#3800,#4859,.T.);
#3466=EDGE_CURVE('',#4164,#3799,#4860,.T.);
#3467=EDGE_CURVE('',#4165,#3798,#4861,.T.);
#3468=EDGE_CURVE('',#4166,#3797,#4862,.T.);
#3469=EDGE_CURVE('',#4167,#3796,#4863,.T.);
#3470=EDGE_CURVE('',#4168,#3786,#4864,.T.);
#3471=EDGE_CURVE('',#4169,#3787,#4865,.T.);
#3472=EDGE_CURVE('',#4170,#3793,#4866,.T.);
#3473=EDGE_CURVE('',#4171,#3792,#4867,.T.);
#3474=EDGE_CURVE('',#4172,#3791,#4868,.T.);
#3475=EDGE_CURVE('',#4173,#3790,#4869,.T.);
#3476=EDGE_CURVE('',#4174,#3789,#4870,.T.);
#3477=EDGE_CURVE('',#4175,#3788,#4871,.T.);
#3478=EDGE_CURVE('',#4176,#3778,#4872,.T.);
#3479=EDGE_CURVE('',#4177,#3779,#4873,.T.);
#3480=EDGE_CURVE('',#4178,#3785,#4874,.T.);
#3481=EDGE_CURVE('',#4179,#3784,#4875,.T.);
#3482=EDGE_CURVE('',#4180,#3783,#4876,.T.);
#3483=EDGE_CURVE('',#4181,#3782,#4877,.T.);
#3484=EDGE_CURVE('',#4182,#3781,#4878,.T.);
#3485=EDGE_CURVE('',#4183,#3780,#4879,.T.);
#3486=EDGE_CURVE('',#4184,#3770,#4880,.T.);
#3487=EDGE_CURVE('',#4185,#3771,#4881,.T.);
#3488=EDGE_CURVE('',#4186,#3777,#4882,.T.);
#3489=EDGE_CURVE('',#4187,#3776,#4883,.T.);
#3490=EDGE_CURVE('',#4188,#3775,#4884,.T.);
#3491=EDGE_CURVE('',#4189,#3774,#4885,.T.);
#3492=EDGE_CURVE('',#4190,#3773,#4886,.T.);
#3493=EDGE_CURVE('',#4191,#3772,#4887,.T.);
#3494=EDGE_CURVE('',#4322,#3977,#4888,.T.);
#3495=EDGE_CURVE('',#4323,#3976,#4889,.T.);
#3496=EDGE_CURVE('',#4192,#3762,#4890,.T.);
#3497=EDGE_CURVE('',#4193,#3763,#4891,.T.);
#3498=EDGE_CURVE('',#4194,#3769,#4892,.T.);
#3499=EDGE_CURVE('',#4195,#3768,#4893,.T.);
#3500=EDGE_CURVE('',#4196,#3767,#4894,.T.);
#3501=EDGE_CURVE('',#4197,#3766,#4895,.T.);
#3502=EDGE_CURVE('',#4198,#3765,#4896,.T.);
#3503=EDGE_CURVE('',#4199,#3764,#4897,.T.);
#3504=EDGE_CURVE('',#4200,#3754,#4898,.T.);
#3505=EDGE_CURVE('',#4201,#3755,#4899,.T.);
#3506=EDGE_CURVE('',#4202,#3761,#4900,.T.);
#3507=EDGE_CURVE('',#4203,#3760,#4901,.T.);
#3508=EDGE_CURVE('',#4204,#3759,#4902,.T.);
#3509=EDGE_CURVE('',#4205,#3758,#4903,.T.);
#3510=EDGE_CURVE('',#4206,#3757,#4904,.T.);
#3511=EDGE_CURVE('',#4207,#3756,#4905,.T.);
#3512=EDGE_CURVE('',#4208,#3746,#4906,.T.);
#3513=EDGE_CURVE('',#4209,#3747,#4907,.T.);
#3514=EDGE_CURVE('',#4210,#3753,#4908,.T.);
#3515=EDGE_CURVE('',#4211,#3752,#4909,.T.);
#3516=EDGE_CURVE('',#4212,#3751,#4910,.T.);
#3517=EDGE_CURVE('',#4213,#3750,#4911,.T.);
#3518=EDGE_CURVE('',#4214,#3749,#4912,.T.);
#3519=EDGE_CURVE('',#4215,#3748,#4913,.T.);
#3520=EDGE_CURVE('',#4216,#3738,#4914,.T.);
#3521=EDGE_CURVE('',#4217,#3739,#4915,.T.);
#3522=EDGE_CURVE('',#4218,#3745,#4916,.T.);
#3523=EDGE_CURVE('',#4219,#3744,#4917,.T.);
#3524=EDGE_CURVE('',#4220,#3743,#4918,.T.);
#3525=EDGE_CURVE('',#4221,#3742,#4919,.T.);
#3526=EDGE_CURVE('',#4222,#3741,#4920,.T.);
#3527=EDGE_CURVE('',#4223,#3740,#4921,.T.);
#3528=EDGE_CURVE('',#4224,#3730,#4922,.T.);
#3529=EDGE_CURVE('',#4225,#3731,#4923,.T.);
#3530=EDGE_CURVE('',#4226,#3737,#4924,.T.);
#3531=EDGE_CURVE('',#4227,#3736,#4925,.T.);
#3532=EDGE_CURVE('',#4228,#3735,#4926,.T.);
#3533=EDGE_CURVE('',#4229,#3734,#4927,.T.);
#3534=EDGE_CURVE('',#4230,#3733,#4928,.T.);
#3535=EDGE_CURVE('',#4231,#3732,#4929,.T.);
#3536=EDGE_CURVE('',#4232,#3722,#4930,.T.);
#3537=EDGE_CURVE('',#4233,#3723,#4931,.T.);
#3538=EDGE_CURVE('',#4234,#3729,#4932,.T.);
#3539=EDGE_CURVE('',#4235,#3728,#4933,.T.);
#3540=EDGE_CURVE('',#4236,#3727,#4934,.T.);
#3541=EDGE_CURVE('',#4237,#3726,#4935,.T.);
#3542=EDGE_CURVE('',#4238,#3725,#4936,.T.);
#3543=EDGE_CURVE('',#4239,#3724,#4937,.T.);
#3544=EDGE_CURVE('',#4240,#3714,#4938,.T.);
#3545=EDGE_CURVE('',#4241,#3715,#4939,.T.);
#3546=EDGE_CURVE('',#4242,#3721,#4940,.T.);
#3547=EDGE_CURVE('',#4243,#3720,#4941,.T.);
#3548=EDGE_CURVE('',#4244,#3719,#4942,.T.);
#3549=EDGE_CURVE('',#4245,#3718,#4943,.T.);
#3550=EDGE_CURVE('',#4246,#3717,#4944,.T.);
#3551=EDGE_CURVE('',#4247,#3716,#4945,.T.);
#3552=EDGE_CURVE('',#4248,#3706,#4946,.T.);
#3553=EDGE_CURVE('',#4249,#3707,#4947,.T.);
#3554=EDGE_CURVE('',#4250,#3713,#4948,.T.);
#3555=EDGE_CURVE('',#4251,#3712,#4949,.T.);
#3556=EDGE_CURVE('',#4252,#3711,#4950,.T.);
#3557=EDGE_CURVE('',#4253,#3710,#4951,.T.);
#3558=EDGE_CURVE('',#4254,#3709,#4952,.T.);
#3559=EDGE_CURVE('',#4255,#3708,#4953,.T.);
#3560=EDGE_CURVE('',#4324,#3971,#4954,.T.);
#3561=EDGE_CURVE('',#4325,#3970,#4955,.T.);
#3562=EDGE_CURVE('',#4256,#3698,#4956,.T.);
#3563=EDGE_CURVE('',#4257,#3699,#4957,.T.);
#3564=EDGE_CURVE('',#4258,#3705,#4958,.T.);
#3565=EDGE_CURVE('',#4259,#3704,#4959,.T.);
#3566=EDGE_CURVE('',#4260,#3703,#4960,.T.);
#3567=EDGE_CURVE('',#4261,#3702,#4961,.T.);
#3568=EDGE_CURVE('',#4262,#3701,#4962,.T.);
#3569=EDGE_CURVE('',#4263,#3700,#4963,.T.);
#3570=EDGE_CURVE('',#4264,#3690,#4964,.T.);
#3571=EDGE_CURVE('',#4265,#3691,#4965,.T.);
#3572=EDGE_CURVE('',#4266,#3697,#4966,.T.);
#3573=EDGE_CURVE('',#4267,#3696,#4967,.T.);
#3574=EDGE_CURVE('',#4268,#3695,#4968,.T.);
#3575=EDGE_CURVE('',#4269,#3694,#4969,.T.);
#3576=EDGE_CURVE('',#4270,#3693,#4970,.T.);
#3577=EDGE_CURVE('',#4271,#3692,#4971,.T.);
#3578=EDGE_CURVE('',#4272,#3682,#4972,.T.);
#3579=EDGE_CURVE('',#4273,#3683,#4973,.T.);
#3580=EDGE_CURVE('',#4274,#3689,#4974,.T.);
#3581=EDGE_CURVE('',#4275,#3688,#4975,.T.);
#3582=EDGE_CURVE('',#4276,#3687,#4976,.T.);
#3583=EDGE_CURVE('',#4277,#3686,#4977,.T.);
#3584=EDGE_CURVE('',#4278,#3685,#4978,.T.);
#3585=EDGE_CURVE('',#4279,#3684,#4979,.T.);
#3586=EDGE_CURVE('',#4280,#3674,#4980,.T.);
#3587=EDGE_CURVE('',#4281,#3675,#4981,.T.);
#3588=EDGE_CURVE('',#4282,#3681,#4982,.T.);
#3589=EDGE_CURVE('',#4283,#3680,#4983,.T.);
#3590=EDGE_CURVE('',#4284,#3679,#4984,.T.);
#3591=EDGE_CURVE('',#4285,#3678,#4985,.T.);
#3592=EDGE_CURVE('',#4286,#3677,#4986,.T.);
#3593=EDGE_CURVE('',#4287,#3676,#4987,.T.);
#3594=EDGE_CURVE('',#4288,#3666,#4988,.T.);
#3595=EDGE_CURVE('',#4289,#3667,#4989,.T.);
#3596=EDGE_CURVE('',#4290,#3673,#4990,.T.);
#3597=EDGE_CURVE('',#4291,#3672,#4991,.T.);
#3598=EDGE_CURVE('',#4292,#3671,#4992,.T.);
#3599=EDGE_CURVE('',#4293,#3670,#4993,.T.);
#3600=EDGE_CURVE('',#4294,#3669,#4994,.T.);
#3601=EDGE_CURVE('',#4295,#3668,#4995,.T.);
#3602=EDGE_CURVE('',#4296,#3658,#4996,.T.);
#3603=EDGE_CURVE('',#4297,#3659,#4997,.T.);
#3604=EDGE_CURVE('',#4298,#3665,#4998,.T.);
#3605=EDGE_CURVE('',#4299,#3664,#4999,.T.);
#3606=EDGE_CURVE('',#4300,#3663,#5000,.T.);
#3607=EDGE_CURVE('',#4301,#3662,#5001,.T.);
#3608=EDGE_CURVE('',#4302,#3661,#5002,.T.);
#3609=EDGE_CURVE('',#4303,#3660,#5003,.T.);
#3610=EDGE_CURVE('',#4304,#3650,#5004,.T.);
#3611=EDGE_CURVE('',#4305,#3651,#5005,.T.);
#3612=EDGE_CURVE('',#4306,#3657,#5006,.T.);
#3613=EDGE_CURVE('',#4307,#3656,#5007,.T.);
#3614=EDGE_CURVE('',#4308,#3655,#5008,.T.);
#3615=EDGE_CURVE('',#4309,#3654,#5009,.T.);
#3616=EDGE_CURVE('',#4310,#3653,#5010,.T.);
#3617=EDGE_CURVE('',#4311,#3652,#5011,.T.);
#3618=EDGE_CURVE('',#4312,#3642,#5012,.T.);
#3619=EDGE_CURVE('',#4313,#3643,#5013,.T.);
#3620=EDGE_CURVE('',#4314,#3649,#5014,.T.);
#3621=EDGE_CURVE('',#4315,#3648,#5015,.T.);
#3622=EDGE_CURVE('',#4316,#3647,#5016,.T.);
#3623=EDGE_CURVE('',#4317,#3646,#5017,.T.);
#3624=EDGE_CURVE('',#4318,#3645,#5018,.T.);
#3625=EDGE_CURVE('',#4319,#3644,#5019,.T.);
#3626=EDGE_CURVE('',#4328,#3967,#5020,.T.);
#3627=EDGE_CURVE('',#3637,#4328,#5021,.T.);
#3628=EDGE_CURVE('',#4329,#3987,#5022,.T.);
#3629=EDGE_CURVE('',#4329,#3961,#5023,.T.);
#3630=EDGE_CURVE('',#4330,#3966,#5024,.T.);
#3631=EDGE_CURVE('',#4330,#4328,#5025,.T.);
#3632=EDGE_CURVE('',#3636,#4330,#5026,.T.);
#3633=EDGE_CURVE('',#4331,#3986,#5027,.T.);
#3634=EDGE_CURVE('',#4331,#4329,#5028,.T.);
#3635=EDGE_CURVE('',#4331,#3960,#5029,.T.);
#3636=VERTEX_POINT('',#9936);
#3637=VERTEX_POINT('',#9937);
#3638=VERTEX_POINT('',#9939);
#3639=VERTEX_POINT('',#9941);
#3640=VERTEX_POINT('',#9943);
#3641=VERTEX_POINT('',#9945);
#3642=VERTEX_POINT('',#9949);
#3643=VERTEX_POINT('',#9950);
#3644=VERTEX_POINT('',#9952);
#3645=VERTEX_POINT('',#9954);
#3646=VERTEX_POINT('',#9956);
#3647=VERTEX_POINT('',#9958);
#3648=VERTEX_POINT('',#9960);
#3649=VERTEX_POINT('',#9962);
#3650=VERTEX_POINT('',#9965);
#3651=VERTEX_POINT('',#9966);
#3652=VERTEX_POINT('',#9968);
#3653=VERTEX_POINT('',#9970);
#3654=VERTEX_POINT('',#9972);
#3655=VERTEX_POINT('',#9974);
#3656=VERTEX_POINT('',#9976);
#3657=VERTEX_POINT('',#9978);
#3658=VERTEX_POINT('',#9981);
#3659=VERTEX_POINT('',#9982);
#3660=VERTEX_POINT('',#9984);
#3661=VERTEX_POINT('',#9986);
#3662=VERTEX_POINT('',#9988);
#3663=VERTEX_POINT('',#9990);
#3664=VERTEX_POINT('',#9992);
#3665=VERTEX_POINT('',#9994);
#3666=VERTEX_POINT('',#9997);
#3667=VERTEX_POINT('',#9998);
#3668=VERTEX_POINT('',#10000);
#3669=VERTEX_POINT('',#10002);
#3670=VERTEX_POINT('',#10004);
#3671=VERTEX_POINT('',#10006);
#3672=VERTEX_POINT('',#10008);
#3673=VERTEX_POINT('',#10010);
#3674=VERTEX_POINT('',#10013);
#3675=VERTEX_POINT('',#10014);
#3676=VERTEX_POINT('',#10016);
#3677=VERTEX_POINT('',#10018);
#3678=VERTEX_POINT('',#10020);
#3679=VERTEX_POINT('',#10022);
#3680=VERTEX_POINT('',#10024);
#3681=VERTEX_POINT('',#10026);
#3682=VERTEX_POINT('',#10029);
#3683=VERTEX_POINT('',#10030);
#3684=VERTEX_POINT('',#10032);
#3685=VERTEX_POINT('',#10034);
#3686=VERTEX_POINT('',#10036);
#3687=VERTEX_POINT('',#10038);
#3688=VERTEX_POINT('',#10040);
#3689=VERTEX_POINT('',#10042);
#3690=VERTEX_POINT('',#10045);
#3691=VERTEX_POINT('',#10046);
#3692=VERTEX_POINT('',#10048);
#3693=VERTEX_POINT('',#10050);
#3694=VERTEX_POINT('',#10052);
#3695=VERTEX_POINT('',#10054);
#3696=VERTEX_POINT('',#10056);
#3697=VERTEX_POINT('',#10058);
#3698=VERTEX_POINT('',#10061);
#3699=VERTEX_POINT('',#10062);
#3700=VERTEX_POINT('',#10064);
#3701=VERTEX_POINT('',#10066);
#3702=VERTEX_POINT('',#10068);
#3703=VERTEX_POINT('',#10070);
#3704=VERTEX_POINT('',#10072);
#3705=VERTEX_POINT('',#10074);
#3706=VERTEX_POINT('',#10077);
#3707=VERTEX_POINT('',#10078);
#3708=VERTEX_POINT('',#10080);
#3709=VERTEX_POINT('',#10082);
#3710=VERTEX_POINT('',#10084);
#3711=VERTEX_POINT('',#10086);
#3712=VERTEX_POINT('',#10088);
#3713=VERTEX_POINT('',#10090);
#3714=VERTEX_POINT('',#10093);
#3715=VERTEX_POINT('',#10094);
#3716=VERTEX_POINT('',#10096);
#3717=VERTEX_POINT('',#10098);
#3718=VERTEX_POINT('',#10100);
#3719=VERTEX_POINT('',#10102);
#3720=VERTEX_POINT('',#10104);
#3721=VERTEX_POINT('',#10106);
#3722=VERTEX_POINT('',#10109);
#3723=VERTEX_POINT('',#10110);
#3724=VERTEX_POINT('',#10112);
#3725=VERTEX_POINT('',#10114);
#3726=VERTEX_POINT('',#10116);
#3727=VERTEX_POINT('',#10118);
#3728=VERTEX_POINT('',#10120);
#3729=VERTEX_POINT('',#10122);
#3730=VERTEX_POINT('',#10125);
#3731=VERTEX_POINT('',#10126);
#3732=VERTEX_POINT('',#10128);
#3733=VERTEX_POINT('',#10130);
#3734=VERTEX_POINT('',#10132);
#3735=VERTEX_POINT('',#10134);
#3736=VERTEX_POINT('',#10136);
#3737=VERTEX_POINT('',#10138);
#3738=VERTEX_POINT('',#10141);
#3739=VERTEX_POINT('',#10142);
#3740=VERTEX_POINT('',#10144);
#3741=VERTEX_POINT('',#10146);
#3742=VERTEX_POINT('',#10148);
#3743=VERTEX_POINT('',#10150);
#3744=VERTEX_POINT('',#10152);
#3745=VERTEX_POINT('',#10154);
#3746=VERTEX_POINT('',#10157);
#3747=VERTEX_POINT('',#10158);
#3748=VERTEX_POINT('',#10160);
#3749=VERTEX_POINT('',#10162);
#3750=VERTEX_POINT('',#10164);
#3751=VERTEX_POINT('',#10166);
#3752=VERTEX_POINT('',#10168);
#3753=VERTEX_POINT('',#10170);
#3754=VERTEX_POINT('',#10173);
#3755=VERTEX_POINT('',#10174);
#3756=VERTEX_POINT('',#10176);
#3757=VERTEX_POINT('',#10178);
#3758=VERTEX_POINT('',#10180);
#3759=VERTEX_POINT('',#10182);
#3760=VERTEX_POINT('',#10184);
#3761=VERTEX_POINT('',#10186);
#3762=VERTEX_POINT('',#10189);
#3763=VERTEX_POINT('',#10190);
#3764=VERTEX_POINT('',#10192);
#3765=VERTEX_POINT('',#10194);
#3766=VERTEX_POINT('',#10196);
#3767=VERTEX_POINT('',#10198);
#3768=VERTEX_POINT('',#10200);
#3769=VERTEX_POINT('',#10202);
#3770=VERTEX_POINT('',#10205);
#3771=VERTEX_POINT('',#10206);
#3772=VERTEX_POINT('',#10208);
#3773=VERTEX_POINT('',#10210);
#3774=VERTEX_POINT('',#10212);
#3775=VERTEX_POINT('',#10214);
#3776=VERTEX_POINT('',#10216);
#3777=VERTEX_POINT('',#10218);
#3778=VERTEX_POINT('',#10221);
#3779=VERTEX_POINT('',#10222);
#3780=VERTEX_POINT('',#10224);
#3781=VERTEX_POINT('',#10226);
#3782=VERTEX_POINT('',#10228);
#3783=VERTEX_POINT('',#10230);
#3784=VERTEX_POINT('',#10232);
#3785=VERTEX_POINT('',#10234);
#3786=VERTEX_POINT('',#10237);
#3787=VERTEX_POINT('',#10238);
#3788=VERTEX_POINT('',#10240);
#3789=VERTEX_POINT('',#10242);
#3790=VERTEX_POINT('',#10244);
#3791=VERTEX_POINT('',#10246);
#3792=VERTEX_POINT('',#10248);
#3793=VERTEX_POINT('',#10250);
#3794=VERTEX_POINT('',#10253);
#3795=VERTEX_POINT('',#10254);
#3796=VERTEX_POINT('',#10256);
#3797=VERTEX_POINT('',#10258);
#3798=VERTEX_POINT('',#10260);
#3799=VERTEX_POINT('',#10262);
#3800=VERTEX_POINT('',#10264);
#3801=VERTEX_POINT('',#10266);
#3802=VERTEX_POINT('',#10269);
#3803=VERTEX_POINT('',#10270);
#3804=VERTEX_POINT('',#10272);
#3805=VERTEX_POINT('',#10274);
#3806=VERTEX_POINT('',#10276);
#3807=VERTEX_POINT('',#10278);
#3808=VERTEX_POINT('',#10280);
#3809=VERTEX_POINT('',#10282);
#3810=VERTEX_POINT('',#10285);
#3811=VERTEX_POINT('',#10286);
#3812=VERTEX_POINT('',#10288);
#3813=VERTEX_POINT('',#10290);
#3814=VERTEX_POINT('',#10292);
#3815=VERTEX_POINT('',#10294);
#3816=VERTEX_POINT('',#10296);
#3817=VERTEX_POINT('',#10298);
#3818=VERTEX_POINT('',#10301);
#3819=VERTEX_POINT('',#10302);
#3820=VERTEX_POINT('',#10304);
#3821=VERTEX_POINT('',#10306);
#3822=VERTEX_POINT('',#10308);
#3823=VERTEX_POINT('',#10310);
#3824=VERTEX_POINT('',#10312);
#3825=VERTEX_POINT('',#10314);
#3826=VERTEX_POINT('',#10317);
#3827=VERTEX_POINT('',#10318);
#3828=VERTEX_POINT('',#10320);
#3829=VERTEX_POINT('',#10322);
#3830=VERTEX_POINT('',#10324);
#3831=VERTEX_POINT('',#10326);
#3832=VERTEX_POINT('',#10328);
#3833=VERTEX_POINT('',#10330);
#3834=VERTEX_POINT('',#10333);
#3835=VERTEX_POINT('',#10334);
#3836=VERTEX_POINT('',#10336);
#3837=VERTEX_POINT('',#10338);
#3838=VERTEX_POINT('',#10340);
#3839=VERTEX_POINT('',#10342);
#3840=VERTEX_POINT('',#10344);
#3841=VERTEX_POINT('',#10346);
#3842=VERTEX_POINT('',#10349);
#3843=VERTEX_POINT('',#10350);
#3844=VERTEX_POINT('',#10352);
#3845=VERTEX_POINT('',#10354);
#3846=VERTEX_POINT('',#10356);
#3847=VERTEX_POINT('',#10358);
#3848=VERTEX_POINT('',#10360);
#3849=VERTEX_POINT('',#10362);
#3850=VERTEX_POINT('',#10365);
#3851=VERTEX_POINT('',#10366);
#3852=VERTEX_POINT('',#10368);
#3853=VERTEX_POINT('',#10370);
#3854=VERTEX_POINT('',#10372);
#3855=VERTEX_POINT('',#10374);
#3856=VERTEX_POINT('',#10376);
#3857=VERTEX_POINT('',#10378);
#3858=VERTEX_POINT('',#10381);
#3859=VERTEX_POINT('',#10382);
#3860=VERTEX_POINT('',#10384);
#3861=VERTEX_POINT('',#10386);
#3862=VERTEX_POINT('',#10388);
#3863=VERTEX_POINT('',#10390);
#3864=VERTEX_POINT('',#10392);
#3865=VERTEX_POINT('',#10394);
#3866=VERTEX_POINT('',#10397);
#3867=VERTEX_POINT('',#10398);
#3868=VERTEX_POINT('',#10400);
#3869=VERTEX_POINT('',#10402);
#3870=VERTEX_POINT('',#10404);
#3871=VERTEX_POINT('',#10406);
#3872=VERTEX_POINT('',#10408);
#3873=VERTEX_POINT('',#10410);
#3874=VERTEX_POINT('',#10413);
#3875=VERTEX_POINT('',#10414);
#3876=VERTEX_POINT('',#10416);
#3877=VERTEX_POINT('',#10418);
#3878=VERTEX_POINT('',#10420);
#3879=VERTEX_POINT('',#10422);
#3880=VERTEX_POINT('',#10424);
#3881=VERTEX_POINT('',#10426);
#3882=VERTEX_POINT('',#10429);
#3883=VERTEX_POINT('',#10430);
#3884=VERTEX_POINT('',#10432);
#3885=VERTEX_POINT('',#10434);
#3886=VERTEX_POINT('',#10436);
#3887=VERTEX_POINT('',#10438);
#3888=VERTEX_POINT('',#10440);
#3889=VERTEX_POINT('',#10442);
#3890=VERTEX_POINT('',#10445);
#3891=VERTEX_POINT('',#10446);
#3892=VERTEX_POINT('',#10448);
#3893=VERTEX_POINT('',#10450);
#3894=VERTEX_POINT('',#10452);
#3895=VERTEX_POINT('',#10454);
#3896=VERTEX_POINT('',#10456);
#3897=VERTEX_POINT('',#10458);
#3898=VERTEX_POINT('',#10461);
#3899=VERTEX_POINT('',#10462);
#3900=VERTEX_POINT('',#10464);
#3901=VERTEX_POINT('',#10466);
#3902=VERTEX_POINT('',#10468);
#3903=VERTEX_POINT('',#10470);
#3904=VERTEX_POINT('',#10472);
#3905=VERTEX_POINT('',#10474);
#3906=VERTEX_POINT('',#10477);
#3907=VERTEX_POINT('',#10478);
#3908=VERTEX_POINT('',#10480);
#3909=VERTEX_POINT('',#10482);
#3910=VERTEX_POINT('',#10484);
#3911=VERTEX_POINT('',#10486);
#3912=VERTEX_POINT('',#10488);
#3913=VERTEX_POINT('',#10490);
#3914=VERTEX_POINT('',#10493);
#3915=VERTEX_POINT('',#10494);
#3916=VERTEX_POINT('',#10496);
#3917=VERTEX_POINT('',#10498);
#3918=VERTEX_POINT('',#10500);
#3919=VERTEX_POINT('',#10502);
#3920=VERTEX_POINT('',#10504);
#3921=VERTEX_POINT('',#10506);
#3922=VERTEX_POINT('',#10509);
#3923=VERTEX_POINT('',#10510);
#3924=VERTEX_POINT('',#10512);
#3925=VERTEX_POINT('',#10514);
#3926=VERTEX_POINT('',#10516);
#3927=VERTEX_POINT('',#10518);
#3928=VERTEX_POINT('',#10520);
#3929=VERTEX_POINT('',#10522);
#3930=VERTEX_POINT('',#10525);
#3931=VERTEX_POINT('',#10526);
#3932=VERTEX_POINT('',#10528);
#3933=VERTEX_POINT('',#10530);
#3934=VERTEX_POINT('',#10532);
#3935=VERTEX_POINT('',#10534);
#3936=VERTEX_POINT('',#10536);
#3937=VERTEX_POINT('',#10538);
#3938=VERTEX_POINT('',#10541);
#3939=VERTEX_POINT('',#10542);
#3940=VERTEX_POINT('',#10544);
#3941=VERTEX_POINT('',#10546);
#3942=VERTEX_POINT('',#10548);
#3943=VERTEX_POINT('',#10550);
#3944=VERTEX_POINT('',#10552);
#3945=VERTEX_POINT('',#10554);
#3946=VERTEX_POINT('',#10557);
#3947=VERTEX_POINT('',#10558);
#3948=VERTEX_POINT('',#10560);
#3949=VERTEX_POINT('',#10562);
#3950=VERTEX_POINT('',#10564);
#3951=VERTEX_POINT('',#10566);
#3952=VERTEX_POINT('',#10568);
#3953=VERTEX_POINT('',#10570);
#3954=VERTEX_POINT('',#10573);
#3955=VERTEX_POINT('',#10575);
#3956=VERTEX_POINT('',#10577);
#3957=VERTEX_POINT('',#10579);
#3958=VERTEX_POINT('',#10581);
#3959=VERTEX_POINT('',#10583);
#3960=VERTEX_POINT('',#10585);
#3961=VERTEX_POINT('',#10586);
#3962=VERTEX_POINT('',#10588);
#3963=VERTEX_POINT('',#10590);
#3964=VERTEX_POINT('',#10592);
#3965=VERTEX_POINT('',#10594);
#3966=VERTEX_POINT('',#10597);
#3967=VERTEX_POINT('',#10599);
#3968=VERTEX_POINT('',#10601);
#3969=VERTEX_POINT('',#10603);
#3970=VERTEX_POINT('',#10605);
#3971=VERTEX_POINT('',#10607);
#3972=VERTEX_POINT('',#10609);
#3973=VERTEX_POINT('',#10611);
#3974=VERTEX_POINT('',#10613);
#3975=VERTEX_POINT('',#10615);
#3976=VERTEX_POINT('',#10617);
#3977=VERTEX_POINT('',#10619);
#3978=VERTEX_POINT('',#10621);
#3979=VERTEX_POINT('',#10623);
#3980=VERTEX_POINT('',#10625);
#3981=VERTEX_POINT('',#10627);
#3982=VERTEX_POINT('',#10629);
#3983=VERTEX_POINT('',#10631);
#3984=VERTEX_POINT('',#10633);
#3985=VERTEX_POINT('',#10635);
#3986=VERTEX_POINT('',#10639);
#3987=VERTEX_POINT('',#10641);
#3988=VERTEX_POINT('',#10643);
#3989=VERTEX_POINT('',#10645);
#3990=VERTEX_POINT('',#10649);
#3991=VERTEX_POINT('',#10651);
#3992=VERTEX_POINT('',#10655);
#3993=VERTEX_POINT('',#10657);
#3994=VERTEX_POINT('',#10661);
#3995=VERTEX_POINT('',#10663);
#3996=VERTEX_POINT('',#10667);
#3997=VERTEX_POINT('',#10668);
#3998=VERTEX_POINT('',#10673);
#3999=VERTEX_POINT('',#10674);
#4000=VERTEX_POINT('',#10679);
#4001=VERTEX_POINT('',#10680);
#4002=VERTEX_POINT('',#10685);
#4003=VERTEX_POINT('',#10687);
#4004=VERTEX_POINT('',#10689);
#4005=VERTEX_POINT('',#10691);
#4006=VERTEX_POINT('',#10693);
#4007=VERTEX_POINT('',#10695);
#4008=VERTEX_POINT('',#10697);
#4009=VERTEX_POINT('',#10698);
#4010=VERTEX_POINT('',#10700);
#4011=VERTEX_POINT('',#10702);
#4012=VERTEX_POINT('',#10704);
#4013=VERTEX_POINT('',#10706);
#4014=VERTEX_POINT('',#10708);
#4015=VERTEX_POINT('',#10710);
#4016=VERTEX_POINT('',#10713);
#4017=VERTEX_POINT('',#10714);
#4018=VERTEX_POINT('',#10716);
#4019=VERTEX_POINT('',#10718);
#4020=VERTEX_POINT('',#10720);
#4021=VERTEX_POINT('',#10722);
#4022=VERTEX_POINT('',#10724);
#4023=VERTEX_POINT('',#10726);
#4024=VERTEX_POINT('',#10729);
#4025=VERTEX_POINT('',#10730);
#4026=VERTEX_POINT('',#10732);
#4027=VERTEX_POINT('',#10734);
#4028=VERTEX_POINT('',#10736);
#4029=VERTEX_POINT('',#10738);
#4030=VERTEX_POINT('',#10740);
#4031=VERTEX_POINT('',#10742);
#4032=VERTEX_POINT('',#10745);
#4033=VERTEX_POINT('',#10746);
#4034=VERTEX_POINT('',#10748);
#4035=VERTEX_POINT('',#10750);
#4036=VERTEX_POINT('',#10752);
#4037=VERTEX_POINT('',#10754);
#4038=VERTEX_POINT('',#10756);
#4039=VERTEX_POINT('',#10758);
#4040=VERTEX_POINT('',#10761);
#4041=VERTEX_POINT('',#10762);
#4042=VERTEX_POINT('',#10764);
#4043=VERTEX_POINT('',#10766);
#4044=VERTEX_POINT('',#10768);
#4045=VERTEX_POINT('',#10770);
#4046=VERTEX_POINT('',#10772);
#4047=VERTEX_POINT('',#10774);
#4048=VERTEX_POINT('',#10777);
#4049=VERTEX_POINT('',#10778);
#4050=VERTEX_POINT('',#10780);
#4051=VERTEX_POINT('',#10782);
#4052=VERTEX_POINT('',#10784);
#4053=VERTEX_POINT('',#10786);
#4054=VERTEX_POINT('',#10788);
#4055=VERTEX_POINT('',#10790);
#4056=VERTEX_POINT('',#10793);
#4057=VERTEX_POINT('',#10794);
#4058=VERTEX_POINT('',#10796);
#4059=VERTEX_POINT('',#10798);
#4060=VERTEX_POINT('',#10800);
#4061=VERTEX_POINT('',#10802);
#4062=VERTEX_POINT('',#10804);
#4063=VERTEX_POINT('',#10806);
#4064=VERTEX_POINT('',#10809);
#4065=VERTEX_POINT('',#10810);
#4066=VERTEX_POINT('',#10812);
#4067=VERTEX_POINT('',#10814);
#4068=VERTEX_POINT('',#10816);
#4069=VERTEX_POINT('',#10818);
#4070=VERTEX_POINT('',#10820);
#4071=VERTEX_POINT('',#10822);
#4072=VERTEX_POINT('',#10825);
#4073=VERTEX_POINT('',#10826);
#4074=VERTEX_POINT('',#10828);
#4075=VERTEX_POINT('',#10830);
#4076=VERTEX_POINT('',#10832);
#4077=VERTEX_POINT('',#10834);
#4078=VERTEX_POINT('',#10836);
#4079=VERTEX_POINT('',#10838);
#4080=VERTEX_POINT('',#10841);
#4081=VERTEX_POINT('',#10842);
#4082=VERTEX_POINT('',#10844);
#4083=VERTEX_POINT('',#10846);
#4084=VERTEX_POINT('',#10848);
#4085=VERTEX_POINT('',#10850);
#4086=VERTEX_POINT('',#10852);
#4087=VERTEX_POINT('',#10854);
#4088=VERTEX_POINT('',#10857);
#4089=VERTEX_POINT('',#10858);
#4090=VERTEX_POINT('',#10860);
#4091=VERTEX_POINT('',#10862);
#4092=VERTEX_POINT('',#10864);
#4093=VERTEX_POINT('',#10866);
#4094=VERTEX_POINT('',#10868);
#4095=VERTEX_POINT('',#10870);
#4096=VERTEX_POINT('',#10873);
#4097=VERTEX_POINT('',#10874);
#4098=VERTEX_POINT('',#10876);
#4099=VERTEX_POINT('',#10878);
#4100=VERTEX_POINT('',#10880);
#4101=VERTEX_POINT('',#10882);
#4102=VERTEX_POINT('',#10884);
#4103=VERTEX_POINT('',#10886);
#4104=VERTEX_POINT('',#10889);
#4105=VERTEX_POINT('',#10890);
#4106=VERTEX_POINT('',#10892);
#4107=VERTEX_POINT('',#10894);
#4108=VERTEX_POINT('',#10896);
#4109=VERTEX_POINT('',#10898);
#4110=VERTEX_POINT('',#10900);
#4111=VERTEX_POINT('',#10902);
#4112=VERTEX_POINT('',#10905);
#4113=VERTEX_POINT('',#10906);
#4114=VERTEX_POINT('',#10908);
#4115=VERTEX_POINT('',#10910);
#4116=VERTEX_POINT('',#10912);
#4117=VERTEX_POINT('',#10914);
#4118=VERTEX_POINT('',#10916);
#4119=VERTEX_POINT('',#10918);
#4120=VERTEX_POINT('',#10921);
#4121=VERTEX_POINT('',#10922);
#4122=VERTEX_POINT('',#10924);
#4123=VERTEX_POINT('',#10926);
#4124=VERTEX_POINT('',#10928);
#4125=VERTEX_POINT('',#10930);
#4126=VERTEX_POINT('',#10932);
#4127=VERTEX_POINT('',#10934);
#4128=VERTEX_POINT('',#10937);
#4129=VERTEX_POINT('',#10938);
#4130=VERTEX_POINT('',#10940);
#4131=VERTEX_POINT('',#10942);
#4132=VERTEX_POINT('',#10944);
#4133=VERTEX_POINT('',#10946);
#4134=VERTEX_POINT('',#10948);
#4135=VERTEX_POINT('',#10950);
#4136=VERTEX_POINT('',#10953);
#4137=VERTEX_POINT('',#10954);
#4138=VERTEX_POINT('',#10956);
#4139=VERTEX_POINT('',#10958);
#4140=VERTEX_POINT('',#10960);
#4141=VERTEX_POINT('',#10962);
#4142=VERTEX_POINT('',#10964);
#4143=VERTEX_POINT('',#10966);
#4144=VERTEX_POINT('',#10969);
#4145=VERTEX_POINT('',#10970);
#4146=VERTEX_POINT('',#10972);
#4147=VERTEX_POINT('',#10974);
#4148=VERTEX_POINT('',#10976);
#4149=VERTEX_POINT('',#10978);
#4150=VERTEX_POINT('',#10980);
#4151=VERTEX_POINT('',#10982);
#4152=VERTEX_POINT('',#10985);
#4153=VERTEX_POINT('',#10986);
#4154=VERTEX_POINT('',#10988);
#4155=VERTEX_POINT('',#10990);
#4156=VERTEX_POINT('',#10992);
#4157=VERTEX_POINT('',#10994);
#4158=VERTEX_POINT('',#10996);
#4159=VERTEX_POINT('',#10998);
#4160=VERTEX_POINT('',#11001);
#4161=VERTEX_POINT('',#11002);
#4162=VERTEX_POINT('',#11004);
#4163=VERTEX_POINT('',#11006);
#4164=VERTEX_POINT('',#11008);
#4165=VERTEX_POINT('',#11010);
#4166=VERTEX_POINT('',#11012);
#4167=VERTEX_POINT('',#11014);
#4168=VERTEX_POINT('',#11017);
#4169=VERTEX_POINT('',#11018);
#4170=VERTEX_POINT('',#11020);
#4171=VERTEX_POINT('',#11022);
#4172=VERTEX_POINT('',#11024);
#4173=VERTEX_POINT('',#11026);
#4174=VERTEX_POINT('',#11028);
#4175=VERTEX_POINT('',#11030);
#4176=VERTEX_POINT('',#11033);
#4177=VERTEX_POINT('',#11034);
#4178=VERTEX_POINT('',#11036);
#4179=VERTEX_POINT('',#11038);
#4180=VERTEX_POINT('',#11040);
#4181=VERTEX_POINT('',#11042);
#4182=VERTEX_POINT('',#11044);
#4183=VERTEX_POINT('',#11046);
#4184=VERTEX_POINT('',#11049);
#4185=VERTEX_POINT('',#11050);
#4186=VERTEX_POINT('',#11052);
#4187=VERTEX_POINT('',#11054);
#4188=VERTEX_POINT('',#11056);
#4189=VERTEX_POINT('',#11058);
#4190=VERTEX_POINT('',#11060);
#4191=VERTEX_POINT('',#11062);
#4192=VERTEX_POINT('',#11065);
#4193=VERTEX_POINT('',#11066);
#4194=VERTEX_POINT('',#11068);
#4195=VERTEX_POINT('',#11070);
#4196=VERTEX_POINT('',#11072);
#4197=VERTEX_POINT('',#11074);
#4198=VERTEX_POINT('',#11076);
#4199=VERTEX_POINT('',#11078);
#4200=VERTEX_POINT('',#11081);
#4201=VERTEX_POINT('',#11082);
#4202=VERTEX_POINT('',#11084);
#4203=VERTEX_POINT('',#11086);
#4204=VERTEX_POINT('',#11088);
#4205=VERTEX_POINT('',#11090);
#4206=VERTEX_POINT('',#11092);
#4207=VERTEX_POINT('',#11094);
#4208=VERTEX_POINT('',#11097);
#4209=VERTEX_POINT('',#11098);
#4210=VERTEX_POINT('',#11100);
#4211=VERTEX_POINT('',#11102);
#4212=VERTEX_POINT('',#11104);
#4213=VERTEX_POINT('',#11106);
#4214=VERTEX_POINT('',#11108);
#4215=VERTEX_POINT('',#11110);
#4216=VERTEX_POINT('',#11113);
#4217=VERTEX_POINT('',#11114);
#4218=VERTEX_POINT('',#11116);
#4219=VERTEX_POINT('',#11118);
#4220=VERTEX_POINT('',#11120);
#4221=VERTEX_POINT('',#11122);
#4222=VERTEX_POINT('',#11124);
#4223=VERTEX_POINT('',#11126);
#4224=VERTEX_POINT('',#11129);
#4225=VERTEX_POINT('',#11130);
#4226=VERTEX_POINT('',#11132);
#4227=VERTEX_POINT('',#11134);
#4228=VERTEX_POINT('',#11136);
#4229=VERTEX_POINT('',#11138);
#4230=VERTEX_POINT('',#11140);
#4231=VERTEX_POINT('',#11142);
#4232=VERTEX_POINT('',#11145);
#4233=VERTEX_POINT('',#11146);
#4234=VERTEX_POINT('',#11148);
#4235=VERTEX_POINT('',#11150);
#4236=VERTEX_POINT('',#11152);
#4237=VERTEX_POINT('',#11154);
#4238=VERTEX_POINT('',#11156);
#4239=VERTEX_POINT('',#11158);
#4240=VERTEX_POINT('',#11161);
#4241=VERTEX_POINT('',#11162);
#4242=VERTEX_POINT('',#11164);
#4243=VERTEX_POINT('',#11166);
#4244=VERTEX_POINT('',#11168);
#4245=VERTEX_POINT('',#11170);
#4246=VERTEX_POINT('',#11172);
#4247=VERTEX_POINT('',#11174);
#4248=VERTEX_POINT('',#11177);
#4249=VERTEX_POINT('',#11178);
#4250=VERTEX_POINT('',#11180);
#4251=VERTEX_POINT('',#11182);
#4252=VERTEX_POINT('',#11184);
#4253=VERTEX_POINT('',#11186);
#4254=VERTEX_POINT('',#11188);
#4255=VERTEX_POINT('',#11190);
#4256=VERTEX_POINT('',#11193);
#4257=VERTEX_POINT('',#11194);
#4258=VERTEX_POINT('',#11196);
#4259=VERTEX_POINT('',#11198);
#4260=VERTEX_POINT('',#11200);
#4261=VERTEX_POINT('',#11202);
#4262=VERTEX_POINT('',#11204);
#4263=VERTEX_POINT('',#11206);
#4264=VERTEX_POINT('',#11209);
#4265=VERTEX_POINT('',#11210);
#4266=VERTEX_POINT('',#11212);
#4267=VERTEX_POINT('',#11214);
#4268=VERTEX_POINT('',#11216);
#4269=VERTEX_POINT('',#11218);
#4270=VERTEX_POINT('',#11220);
#4271=VERTEX_POINT('',#11222);
#4272=VERTEX_POINT('',#11225);
#4273=VERTEX_POINT('',#11226);
#4274=VERTEX_POINT('',#11228);
#4275=VERTEX_POINT('',#11230);
#4276=VERTEX_POINT('',#11232);
#4277=VERTEX_POINT('',#11234);
#4278=VERTEX_POINT('',#11236);
#4279=VERTEX_POINT('',#11238);
#4280=VERTEX_POINT('',#11241);
#4281=VERTEX_POINT('',#11242);
#4282=VERTEX_POINT('',#11244);
#4283=VERTEX_POINT('',#11246);
#4284=VERTEX_POINT('',#11248);
#4285=VERTEX_POINT('',#11250);
#4286=VERTEX_POINT('',#11252);
#4287=VERTEX_POINT('',#11254);
#4288=VERTEX_POINT('',#11257);
#4289=VERTEX_POINT('',#11258);
#4290=VERTEX_POINT('',#11260);
#4291=VERTEX_POINT('',#11262);
#4292=VERTEX_POINT('',#11264);
#4293=VERTEX_POINT('',#11266);
#4294=VERTEX_POINT('',#11268);
#4295=VERTEX_POINT('',#11270);
#4296=VERTEX_POINT('',#11273);
#4297=VERTEX_POINT('',#11274);
#4298=VERTEX_POINT('',#11276);
#4299=VERTEX_POINT('',#11278);
#4300=VERTEX_POINT('',#11280);
#4301=VERTEX_POINT('',#11282);
#4302=VERTEX_POINT('',#11284);
#4303=VERTEX_POINT('',#11286);
#4304=VERTEX_POINT('',#11289);
#4305=VERTEX_POINT('',#11290);
#4306=VERTEX_POINT('',#11292);
#4307=VERTEX_POINT('',#11294);
#4308=VERTEX_POINT('',#11296);
#4309=VERTEX_POINT('',#11298);
#4310=VERTEX_POINT('',#11300);
#4311=VERTEX_POINT('',#11302);
#4312=VERTEX_POINT('',#11305);
#4313=VERTEX_POINT('',#11306);
#4314=VERTEX_POINT('',#11308);
#4315=VERTEX_POINT('',#11310);
#4316=VERTEX_POINT('',#11312);
#4317=VERTEX_POINT('',#11314);
#4318=VERTEX_POINT('',#11316);
#4319=VERTEX_POINT('',#11318);
#4320=VERTEX_POINT('',#11322);
#4321=VERTEX_POINT('',#11324);
#4322=VERTEX_POINT('',#11328);
#4323=VERTEX_POINT('',#11330);
#4324=VERTEX_POINT('',#11334);
#4325=VERTEX_POINT('',#11336);
#4326=VERTEX_POINT('',#11340);
#4327=VERTEX_POINT('',#11342);
#4328=VERTEX_POINT('',#11996);
#4329=VERTEX_POINT('',#12002);
#4330=VERTEX_POINT('',#12006);
#4331=VERTEX_POINT('',#12013);
#4332=LINE('',#9935,#5030);
#4333=LINE('',#9938,#5031);
#4334=LINE('',#9940,#5032);
#4335=LINE('',#9942,#5033);
#4336=LINE('',#9944,#5034);
#4337=LINE('',#9946,#5035);
#4338=LINE('',#9951,#5036);
#4339=LINE('',#9955,#5037);
#4340=LINE('',#9959,#5038);
#4341=LINE('',#9963,#5039);
#4342=LINE('',#9967,#5040);
#4343=LINE('',#9971,#5041);
#4344=LINE('',#9975,#5042);
#4345=LINE('',#9979,#5043);
#4346=LINE('',#9983,#5044);
#4347=LINE('',#9987,#5045);
#4348=LINE('',#9991,#5046);
#4349=LINE('',#9995,#5047);
#4350=LINE('',#9999,#5048);
#4351=LINE('',#10003,#5049);
#4352=LINE('',#10007,#5050);
#4353=LINE('',#10011,#5051);
#4354=LINE('',#10015,#5052);
#4355=LINE('',#10019,#5053);
#4356=LINE('',#10023,#5054);
#4357=LINE('',#10027,#5055);
#4358=LINE('',#10031,#5056);
#4359=LINE('',#10035,#5057);
#4360=LINE('',#10039,#5058);
#4361=LINE('',#10043,#5059);
#4362=LINE('',#10047,#5060);
#4363=LINE('',#10051,#5061);
#4364=LINE('',#10055,#5062);
#4365=LINE('',#10059,#5063);
#4366=LINE('',#10063,#5064);
#4367=LINE('',#10067,#5065);
#4368=LINE('',#10071,#5066);
#4369=LINE('',#10075,#5067);
#4370=LINE('',#10079,#5068);
#4371=LINE('',#10083,#5069);
#4372=LINE('',#10087,#5070);
#4373=LINE('',#10091,#5071);
#4374=LINE('',#10095,#5072);
#4375=LINE('',#10099,#5073);
#4376=LINE('',#10103,#5074);
#4377=LINE('',#10107,#5075);
#4378=LINE('',#10111,#5076);
#4379=LINE('',#10115,#5077);
#4380=LINE('',#10119,#5078);
#4381=LINE('',#10123,#5079);
#4382=LINE('',#10127,#5080);
#4383=LINE('',#10131,#5081);
#4384=LINE('',#10135,#5082);
#4385=LINE('',#10139,#5083);
#4386=LINE('',#10143,#5084);
#4387=LINE('',#10147,#5085);
#4388=LINE('',#10151,#5086);
#4389=LINE('',#10155,#5087);
#4390=LINE('',#10159,#5088);
#4391=LINE('',#10163,#5089);
#4392=LINE('',#10167,#5090);
#4393=LINE('',#10171,#5091);
#4394=LINE('',#10175,#5092);
#4395=LINE('',#10179,#5093);
#4396=LINE('',#10183,#5094);
#4397=LINE('',#10187,#5095);
#4398=LINE('',#10191,#5096);
#4399=LINE('',#10195,#5097);
#4400=LINE('',#10199,#5098);
#4401=LINE('',#10203,#5099);
#4402=LINE('',#10207,#5100);
#4403=LINE('',#10211,#5101);
#4404=LINE('',#10215,#5102);
#4405=LINE('',#10219,#5103);
#4406=LINE('',#10223,#5104);
#4407=LINE('',#10227,#5105);
#4408=LINE('',#10231,#5106);
#4409=LINE('',#10235,#5107);
#4410=LINE('',#10239,#5108);
#4411=LINE('',#10243,#5109);
#4412=LINE('',#10247,#5110);
#4413=LINE('',#10251,#5111);
#4414=LINE('',#10255,#5112);
#4415=LINE('',#10259,#5113);
#4416=LINE('',#10263,#5114);
#4417=LINE('',#10267,#5115);
#4418=LINE('',#10271,#5116);
#4419=LINE('',#10275,#5117);
#4420=LINE('',#10279,#5118);
#4421=LINE('',#10283,#5119);
#4422=LINE('',#10287,#5120);
#4423=LINE('',#10291,#5121);
#4424=LINE('',#10295,#5122);
#4425=LINE('',#10299,#5123);
#4426=LINE('',#10303,#5124);
#4427=LINE('',#10307,#5125);
#4428=LINE('',#10311,#5126);
#4429=LINE('',#10315,#5127);
#4430=LINE('',#10319,#5128);
#4431=LINE('',#10323,#5129);
#4432=LINE('',#10327,#5130);
#4433=LINE('',#10331,#5131);
#4434=LINE('',#10335,#5132);
#4435=LINE('',#10339,#5133);
#4436=LINE('',#10343,#5134);
#4437=LINE('',#10347,#5135);
#4438=LINE('',#10351,#5136);
#4439=LINE('',#10355,#5137);
#4440=LINE('',#10359,#5138);
#4441=LINE('',#10363,#5139);
#4442=LINE('',#10367,#5140);
#4443=LINE('',#10371,#5141);
#4444=LINE('',#10375,#5142);
#4445=LINE('',#10379,#5143);
#4446=LINE('',#10383,#5144);
#4447=LINE('',#10387,#5145);
#4448=LINE('',#10391,#5146);
#4449=LINE('',#10395,#5147);
#4450=LINE('',#10399,#5148);
#4451=LINE('',#10403,#5149);
#4452=LINE('',#10407,#5150);
#4453=LINE('',#10411,#5151);
#4454=LINE('',#10415,#5152);
#4455=LINE('',#10419,#5153);
#4456=LINE('',#10423,#5154);
#4457=LINE('',#10427,#5155);
#4458=LINE('',#10431,#5156);
#4459=LINE('',#10435,#5157);
#4460=LINE('',#10439,#5158);
#4461=LINE('',#10443,#5159);
#4462=LINE('',#10447,#5160);
#4463=LINE('',#10451,#5161);
#4464=LINE('',#10455,#5162);
#4465=LINE('',#10459,#5163);
#4466=LINE('',#10463,#5164);
#4467=LINE('',#10467,#5165);
#4468=LINE('',#10471,#5166);
#4469=LINE('',#10475,#5167);
#4470=LINE('',#10479,#5168);
#4471=LINE('',#10483,#5169);
#4472=LINE('',#10487,#5170);
#4473=LINE('',#10491,#5171);
#4474=LINE('',#10495,#5172);
#4475=LINE('',#10499,#5173);
#4476=LINE('',#10503,#5174);
#4477=LINE('',#10507,#5175);
#4478=LINE('',#10511,#5176);
#4479=LINE('',#10515,#5177);
#4480=LINE('',#10519,#5178);
#4481=LINE('',#10523,#5179);
#4482=LINE('',#10527,#5180);
#4483=LINE('',#10531,#5181);
#4484=LINE('',#10535,#5182);
#4485=LINE('',#10539,#5183);
#4486=LINE('',#10543,#5184);
#4487=LINE('',#10547,#5185);
#4488=LINE('',#10551,#5186);
#4489=LINE('',#10555,#5187);
#4490=LINE('',#10559,#5188);
#4491=LINE('',#10563,#5189);
#4492=LINE('',#10567,#5190);
#4493=LINE('',#10571,#5191);
#4494=LINE('',#10584,#5192);
#4495=LINE('',#10587,#5193);
#4496=LINE('',#10589,#5194);
#4497=LINE('',#10593,#5195);
#4498=LINE('',#10596,#5196);
#4499=LINE('',#10598,#5197);
#4500=LINE('',#10600,#5198);
#4501=LINE('',#10602,#5199);
#4502=LINE('',#10606,#5200);
#4503=LINE('',#10610,#5201);
#4504=LINE('',#10612,#5202);
#4505=LINE('',#10614,#5203);
#4506=LINE('',#10618,#5204);
#4507=LINE('',#10622,#5205);
#4508=LINE('',#10624,#5206);
#4509=LINE('',#10626,#5207);
#4510=LINE('',#10630,#5208);
#4511=LINE('',#10634,#5209);
#4512=LINE('',#10636,#5210);
#4513=LINE('',#10638,#5211);
#4514=LINE('',#10640,#5212);
#4515=LINE('',#10642,#5213);
#4516=LINE('',#10644,#5214);
#4517=LINE('',#10646,#5215);
#4518=LINE('',#10648,#5216);
#4519=LINE('',#10650,#5217);
#4520=LINE('',#10652,#5218);
#4521=LINE('',#10654,#5219);
#4522=LINE('',#10656,#5220);
#4523=LINE('',#10658,#5221);
#4524=LINE('',#10660,#5222);
#4525=LINE('',#10662,#5223);
#4526=LINE('',#10664,#5224);
#4527=LINE('',#10666,#5225);
#4528=LINE('',#10669,#5226);
#4529=LINE('',#10670,#5227);
#4530=LINE('',#10672,#5228);
#4531=LINE('',#10675,#5229);
#4532=LINE('',#10676,#5230);
#4533=LINE('',#10678,#5231);
#4534=LINE('',#10681,#5232);
#4535=LINE('',#10682,#5233);
#4536=LINE('',#10699,#5234);
#4537=LINE('',#10703,#5235);
#4538=LINE('',#10707,#5236);
#4539=LINE('',#10711,#5237);
#4540=LINE('',#10715,#5238);
#4541=LINE('',#10719,#5239);
#4542=LINE('',#10723,#5240);
#4543=LINE('',#10727,#5241);
#4544=LINE('',#10731,#5242);
#4545=LINE('',#10735,#5243);
#4546=LINE('',#10739,#5244);
#4547=LINE('',#10743,#5245);
#4548=LINE('',#10747,#5246);
#4549=LINE('',#10751,#5247);
#4550=LINE('',#10755,#5248);
#4551=LINE('',#10759,#5249);
#4552=LINE('',#10763,#5250);
#4553=LINE('',#10767,#5251);
#4554=LINE('',#10771,#5252);
#4555=LINE('',#10775,#5253);
#4556=LINE('',#10779,#5254);
#4557=LINE('',#10783,#5255);
#4558=LINE('',#10787,#5256);
#4559=LINE('',#10791,#5257);
#4560=LINE('',#10795,#5258);
#4561=LINE('',#10799,#5259);
#4562=LINE('',#10803,#5260);
#4563=LINE('',#10807,#5261);
#4564=LINE('',#10811,#5262);
#4565=LINE('',#10815,#5263);
#4566=LINE('',#10819,#5264);
#4567=LINE('',#10823,#5265);
#4568=LINE('',#10827,#5266);
#4569=LINE('',#10831,#5267);
#4570=LINE('',#10835,#5268);
#4571=LINE('',#10839,#5269);
#4572=LINE('',#10843,#5270);
#4573=LINE('',#10847,#5271);
#4574=LINE('',#10851,#5272);
#4575=LINE('',#10855,#5273);
#4576=LINE('',#10859,#5274);
#4577=LINE('',#10863,#5275);
#4578=LINE('',#10867,#5276);
#4579=LINE('',#10871,#5277);
#4580=LINE('',#10875,#5278);
#4581=LINE('',#10879,#5279);
#4582=LINE('',#10883,#5280);
#4583=LINE('',#10887,#5281);
#4584=LINE('',#10891,#5282);
#4585=LINE('',#10895,#5283);
#4586=LINE('',#10899,#5284);
#4587=LINE('',#10903,#5285);
#4588=LINE('',#10907,#5286);
#4589=LINE('',#10911,#5287);
#4590=LINE('',#10915,#5288);
#4591=LINE('',#10919,#5289);
#4592=LINE('',#10923,#5290);
#4593=LINE('',#10927,#5291);
#4594=LINE('',#10931,#5292);
#4595=LINE('',#10935,#5293);
#4596=LINE('',#10939,#5294);
#4597=LINE('',#10943,#5295);
#4598=LINE('',#10947,#5296);
#4599=LINE('',#10951,#5297);
#4600=LINE('',#10955,#5298);
#4601=LINE('',#10959,#5299);
#4602=LINE('',#10963,#5300);
#4603=LINE('',#10967,#5301);
#4604=LINE('',#10971,#5302);
#4605=LINE('',#10975,#5303);
#4606=LINE('',#10979,#5304);
#4607=LINE('',#10983,#5305);
#4608=LINE('',#10987,#5306);
#4609=LINE('',#10991,#5307);
#4610=LINE('',#10995,#5308);
#4611=LINE('',#10999,#5309);
#4612=LINE('',#11003,#5310);
#4613=LINE('',#11007,#5311);
#4614=LINE('',#11011,#5312);
#4615=LINE('',#11015,#5313);
#4616=LINE('',#11019,#5314);
#4617=LINE('',#11023,#5315);
#4618=LINE('',#11027,#5316);
#4619=LINE('',#11031,#5317);
#4620=LINE('',#11035,#5318);
#4621=LINE('',#11039,#5319);
#4622=LINE('',#11043,#5320);
#4623=LINE('',#11047,#5321);
#4624=LINE('',#11051,#5322);
#4625=LINE('',#11055,#5323);
#4626=LINE('',#11059,#5324);
#4627=LINE('',#11063,#5325);
#4628=LINE('',#11067,#5326);
#4629=LINE('',#11071,#5327);
#4630=LINE('',#11075,#5328);
#4631=LINE('',#11079,#5329);
#4632=LINE('',#11083,#5330);
#4633=LINE('',#11087,#5331);
#4634=LINE('',#11091,#5332);
#4635=LINE('',#11095,#5333);
#4636=LINE('',#11099,#5334);
#4637=LINE('',#11103,#5335);
#4638=LINE('',#11107,#5336);
#4639=LINE('',#11111,#5337);
#4640=LINE('',#11115,#5338);
#4641=LINE('',#11119,#5339);
#4642=LINE('',#11123,#5340);
#4643=LINE('',#11127,#5341);
#4644=LINE('',#11131,#5342);
#4645=LINE('',#11135,#5343);
#4646=LINE('',#11139,#5344);
#4647=LINE('',#11143,#5345);
#4648=LINE('',#11147,#5346);
#4649=LINE('',#11151,#5347);
#4650=LINE('',#11155,#5348);
#4651=LINE('',#11159,#5349);
#4652=LINE('',#11163,#5350);
#4653=LINE('',#11167,#5351);
#4654=LINE('',#11171,#5352);
#4655=LINE('',#11175,#5353);
#4656=LINE('',#11179,#5354);
#4657=LINE('',#11183,#5355);
#4658=LINE('',#11187,#5356);
#4659=LINE('',#11191,#5357);
#4660=LINE('',#11195,#5358);
#4661=LINE('',#11199,#5359);
#4662=LINE('',#11203,#5360);
#4663=LINE('',#11207,#5361);
#4664=LINE('',#11211,#5362);
#4665=LINE('',#11215,#5363);
#4666=LINE('',#11219,#5364);
#4667=LINE('',#11223,#5365);
#4668=LINE('',#11227,#5366);
#4669=LINE('',#11231,#5367);
#4670=LINE('',#11235,#5368);
#4671=LINE('',#11239,#5369);
#4672=LINE('',#11243,#5370);
#4673=LINE('',#11247,#5371);
#4674=LINE('',#11251,#5372);
#4675=LINE('',#11255,#5373);
#4676=LINE('',#11259,#5374);
#4677=LINE('',#11263,#5375);
#4678=LINE('',#11267,#5376);
#4679=LINE('',#11271,#5377);
#4680=LINE('',#11275,#5378);
#4681=LINE('',#11279,#5379);
#4682=LINE('',#11283,#5380);
#4683=LINE('',#11287,#5381);
#4684=LINE('',#11291,#5382);
#4685=LINE('',#11295,#5383);
#4686=LINE('',#11299,#5384);
#4687=LINE('',#11303,#5385);
#4688=LINE('',#11307,#5386);
#4689=LINE('',#11311,#5387);
#4690=LINE('',#11315,#5388);
#4691=LINE('',#11319,#5389);
#4692=LINE('',#11320,#5390);
#4693=LINE('',#11323,#5391);
#4694=LINE('',#11326,#5392);
#4695=LINE('',#11329,#5393);
#4696=LINE('',#11332,#5394);
#4697=LINE('',#11335,#5395);
#4698=LINE('',#11338,#5396);
#4699=LINE('',#11341,#5397);
#4700=LINE('',#11345,#5398);
#4701=LINE('',#11347,#5399);
#4702=LINE('',#11349,#5400);
#4703=LINE('',#11350,#5401);
#4704=LINE('',#11352,#5402);
#4705=LINE('',#11354,#5403);
#4706=LINE('',#11356,#5404);
#4707=LINE('',#11358,#5405);
#4708=LINE('',#11360,#5406);
#4709=LINE('',#11362,#5407);
#4710=LINE('',#11364,#5408);
#4711=LINE('',#11365,#5409);
#4712=LINE('',#11367,#5410);
#4713=LINE('',#11369,#5411);
#4714=LINE('',#11371,#5412);
#4715=LINE('',#11373,#5413);
#4716=LINE('',#11375,#5414);
#4717=LINE('',#11377,#5415);
#4718=LINE('',#11379,#5416);
#4719=LINE('',#11380,#5417);
#4720=LINE('',#11382,#5418);
#4721=LINE('',#11384,#5419);
#4722=LINE('',#11386,#5420);
#4723=LINE('',#11388,#5421);
#4724=LINE('',#11390,#5422);
#4725=LINE('',#11392,#5423);
#4726=LINE('',#11394,#5424);
#4727=LINE('',#11395,#5425);
#4728=LINE('',#11397,#5426);
#4729=LINE('',#11399,#5427);
#4730=LINE('',#11401,#5428);
#4731=LINE('',#11403,#5429);
#4732=LINE('',#11405,#5430);
#4733=LINE('',#11407,#5431);
#4734=LINE('',#11409,#5432);
#4735=LINE('',#11410,#5433);
#4736=LINE('',#11412,#5434);
#4737=LINE('',#11414,#5435);
#4738=LINE('',#11416,#5436);
#4739=LINE('',#11418,#5437);
#4740=LINE('',#11420,#5438);
#4741=LINE('',#11422,#5439);
#4742=LINE('',#11424,#5440);
#4743=LINE('',#11425,#5441);
#4744=LINE('',#11427,#5442);
#4745=LINE('',#11429,#5443);
#4746=LINE('',#11431,#5444);
#4747=LINE('',#11433,#5445);
#4748=LINE('',#11435,#5446);
#4749=LINE('',#11437,#5447);
#4750=LINE('',#11439,#5448);
#4751=LINE('',#11440,#5449);
#4752=LINE('',#11442,#5450);
#4753=LINE('',#11444,#5451);
#4754=LINE('',#11446,#5452);
#4755=LINE('',#11448,#5453);
#4756=LINE('',#11450,#5454);
#4757=LINE('',#11452,#5455);
#4758=LINE('',#11454,#5456);
#4759=LINE('',#11455,#5457);
#4760=LINE('',#11457,#5458);
#4761=LINE('',#11459,#5459);
#4762=LINE('',#11461,#5460);
#4763=LINE('',#11463,#5461);
#4764=LINE('',#11465,#5462);
#4765=LINE('',#11467,#5463);
#4766=LINE('',#11469,#5464);
#4767=LINE('',#11471,#5465);
#4768=LINE('',#11474,#5466);
#4769=LINE('',#11475,#5467);
#4770=LINE('',#11477,#5468);
#4771=LINE('',#11479,#5469);
#4772=LINE('',#11481,#5470);
#4773=LINE('',#11483,#5471);
#4774=LINE('',#11485,#5472);
#4775=LINE('',#11487,#5473);
#4776=LINE('',#11489,#5474);
#4777=LINE('',#11490,#5475);
#4778=LINE('',#11492,#5476);
#4779=LINE('',#11494,#5477);
#4780=LINE('',#11496,#5478);
#4781=LINE('',#11498,#5479);
#4782=LINE('',#11500,#5480);
#4783=LINE('',#11502,#5481);
#4784=LINE('',#11504,#5482);
#4785=LINE('',#11505,#5483);
#4786=LINE('',#11507,#5484);
#4787=LINE('',#11509,#5485);
#4788=LINE('',#11511,#5486);
#4789=LINE('',#11513,#5487);
#4790=LINE('',#11515,#5488);
#4791=LINE('',#11517,#5489);
#4792=LINE('',#11519,#5490);
#4793=LINE('',#11520,#5491);
#4794=LINE('',#11522,#5492);
#4795=LINE('',#11524,#5493);
#4796=LINE('',#11526,#5494);
#4797=LINE('',#11528,#5495);
#4798=LINE('',#11530,#5496);
#4799=LINE('',#11532,#5497);
#4800=LINE('',#11534,#5498);
#4801=LINE('',#11535,#5499);
#4802=LINE('',#11537,#5500);
#4803=LINE('',#11539,#5501);
#4804=LINE('',#11541,#5502);
#4805=LINE('',#11543,#5503);
#4806=LINE('',#11545,#5504);
#4807=LINE('',#11547,#5505);
#4808=LINE('',#11549,#5506);
#4809=LINE('',#11550,#5507);
#4810=LINE('',#11552,#5508);
#4811=LINE('',#11554,#5509);
#4812=LINE('',#11556,#5510);
#4813=LINE('',#11558,#5511);
#4814=LINE('',#11560,#5512);
#4815=LINE('',#11562,#5513);
#4816=LINE('',#11564,#5514);
#4817=LINE('',#11565,#5515);
#4818=LINE('',#11567,#5516);
#4819=LINE('',#11569,#5517);
#4820=LINE('',#11571,#5518);
#4821=LINE('',#11573,#5519);
#4822=LINE('',#11575,#5520);
#4823=LINE('',#11577,#5521);
#4824=LINE('',#11579,#5522);
#4825=LINE('',#11580,#5523);
#4826=LINE('',#11582,#5524);
#4827=LINE('',#11584,#5525);
#4828=LINE('',#11586,#5526);
#4829=LINE('',#11588,#5527);
#4830=LINE('',#11590,#5528);
#4831=LINE('',#11592,#5529);
#4832=LINE('',#11594,#5530);
#4833=LINE('',#11595,#5531);
#4834=LINE('',#11597,#5532);
#4835=LINE('',#11599,#5533);
#4836=LINE('',#11601,#5534);
#4837=LINE('',#11603,#5535);
#4838=LINE('',#11605,#5536);
#4839=LINE('',#11607,#5537);
#4840=LINE('',#11609,#5538);
#4841=LINE('',#11610,#5539);
#4842=LINE('',#11612,#5540);
#4843=LINE('',#11614,#5541);
#4844=LINE('',#11616,#5542);
#4845=LINE('',#11618,#5543);
#4846=LINE('',#11620,#5544);
#4847=LINE('',#11622,#5545);
#4848=LINE('',#11624,#5546);
#4849=LINE('',#11625,#5547);
#4850=LINE('',#11627,#5548);
#4851=LINE('',#11629,#5549);
#4852=LINE('',#11631,#5550);
#4853=LINE('',#11633,#5551);
#4854=LINE('',#11635,#5552);
#4855=LINE('',#11637,#5553);
#4856=LINE('',#11639,#5554);
#4857=LINE('',#11640,#5555);
#4858=LINE('',#11642,#5556);
#4859=LINE('',#11644,#5557);
#4860=LINE('',#11646,#5558);
#4861=LINE('',#11648,#5559);
#4862=LINE('',#11650,#5560);
#4863=LINE('',#11652,#5561);
#4864=LINE('',#11654,#5562);
#4865=LINE('',#11655,#5563);
#4866=LINE('',#11657,#5564);
#4867=LINE('',#11659,#5565);
#4868=LINE('',#11661,#5566);
#4869=LINE('',#11663,#5567);
#4870=LINE('',#11665,#5568);
#4871=LINE('',#11667,#5569);
#4872=LINE('',#11669,#5570);
#4873=LINE('',#11670,#5571);
#4874=LINE('',#11672,#5572);
#4875=LINE('',#11674,#5573);
#4876=LINE('',#11676,#5574);
#4877=LINE('',#11678,#5575);
#4878=LINE('',#11680,#5576);
#4879=LINE('',#11682,#5577);
#4880=LINE('',#11684,#5578);
#4881=LINE('',#11685,#5579);
#4882=LINE('',#11687,#5580);
#4883=LINE('',#11689,#5581);
#4884=LINE('',#11691,#5582);
#4885=LINE('',#11693,#5583);
#4886=LINE('',#11695,#5584);
#4887=LINE('',#11697,#5585);
#4888=LINE('',#11699,#5586);
#4889=LINE('',#11701,#5587);
#4890=LINE('',#11704,#5588);
#4891=LINE('',#11705,#5589);
#4892=LINE('',#11707,#5590);
#4893=LINE('',#11709,#5591);
#4894=LINE('',#11711,#5592);
#4895=LINE('',#11713,#5593);
#4896=LINE('',#11715,#5594);
#4897=LINE('',#11717,#5595);
#4898=LINE('',#11719,#5596);
#4899=LINE('',#11720,#5597);
#4900=LINE('',#11722,#5598);
#4901=LINE('',#11724,#5599);
#4902=LINE('',#11726,#5600);
#4903=LINE('',#11728,#5601);
#4904=LINE('',#11730,#5602);
#4905=LINE('',#11732,#5603);
#4906=LINE('',#11734,#5604);
#4907=LINE('',#11735,#5605);
#4908=LINE('',#11737,#5606);
#4909=LINE('',#11739,#5607);
#4910=LINE('',#11741,#5608);
#4911=LINE('',#11743,#5609);
#4912=LINE('',#11745,#5610);
#4913=LINE('',#11747,#5611);
#4914=LINE('',#11749,#5612);
#4915=LINE('',#11750,#5613);
#4916=LINE('',#11752,#5614);
#4917=LINE('',#11754,#5615);
#4918=LINE('',#11756,#5616);
#4919=LINE('',#11758,#5617);
#4920=LINE('',#11760,#5618);
#4921=LINE('',#11762,#5619);
#4922=LINE('',#11764,#5620);
#4923=LINE('',#11765,#5621);
#4924=LINE('',#11767,#5622);
#4925=LINE('',#11769,#5623);
#4926=LINE('',#11771,#5624);
#4927=LINE('',#11773,#5625);
#4928=LINE('',#11775,#5626);
#4929=LINE('',#11777,#5627);
#4930=LINE('',#11779,#5628);
#4931=LINE('',#11780,#5629);
#4932=LINE('',#11782,#5630);
#4933=LINE('',#11784,#5631);
#4934=LINE('',#11786,#5632);
#4935=LINE('',#11788,#5633);
#4936=LINE('',#11790,#5634);
#4937=LINE('',#11792,#5635);
#4938=LINE('',#11794,#5636);
#4939=LINE('',#11795,#5637);
#4940=LINE('',#11797,#5638);
#4941=LINE('',#11799,#5639);
#4942=LINE('',#11801,#5640);
#4943=LINE('',#11803,#5641);
#4944=LINE('',#11805,#5642);
#4945=LINE('',#11807,#5643);
#4946=LINE('',#11809,#5644);
#4947=LINE('',#11810,#5645);
#4948=LINE('',#11812,#5646);
#4949=LINE('',#11814,#5647);
#4950=LINE('',#11816,#5648);
#4951=LINE('',#11818,#5649);
#4952=LINE('',#11820,#5650);
#4953=LINE('',#11822,#5651);
#4954=LINE('',#11824,#5652);
#4955=LINE('',#11826,#5653);
#4956=LINE('',#11829,#5654);
#4957=LINE('',#11830,#5655);
#4958=LINE('',#11832,#5656);
#4959=LINE('',#11834,#5657);
#4960=LINE('',#11836,#5658);
#4961=LINE('',#11838,#5659);
#4962=LINE('',#11840,#5660);
#4963=LINE('',#11842,#5661);
#4964=LINE('',#11844,#5662);
#4965=LINE('',#11845,#5663);
#4966=LINE('',#11847,#5664);
#4967=LINE('',#11849,#5665);
#4968=LINE('',#11851,#5666);
#4969=LINE('',#11853,#5667);
#4970=LINE('',#11855,#5668);
#4971=LINE('',#11857,#5669);
#4972=LINE('',#11859,#5670);
#4973=LINE('',#11860,#5671);
#4974=LINE('',#11862,#5672);
#4975=LINE('',#11864,#5673);
#4976=LINE('',#11866,#5674);
#4977=LINE('',#11868,#5675);
#4978=LINE('',#11870,#5676);
#4979=LINE('',#11872,#5677);
#4980=LINE('',#11874,#5678);
#4981=LINE('',#11875,#5679);
#4982=LINE('',#11877,#5680);
#4983=LINE('',#11879,#5681);
#4984=LINE('',#11881,#5682);
#4985=LINE('',#11883,#5683);
#4986=LINE('',#11885,#5684);
#4987=LINE('',#11887,#5685);
#4988=LINE('',#11889,#5686);
#4989=LINE('',#11890,#5687);
#4990=LINE('',#11892,#5688);
#4991=LINE('',#11894,#5689);
#4992=LINE('',#11896,#5690);
#4993=LINE('',#11898,#5691);
#4994=LINE('',#11900,#5692);
#4995=LINE('',#11902,#5693);
#4996=LINE('',#11904,#5694);
#4997=LINE('',#11905,#5695);
#4998=LINE('',#11907,#5696);
#4999=LINE('',#11909,#5697);
#5000=LINE('',#11911,#5698);
#5001=LINE('',#11913,#5699);
#5002=LINE('',#11915,#5700);
#5003=LINE('',#11917,#5701);
#5004=LINE('',#11919,#5702);
#5005=LINE('',#11920,#5703);
#5006=LINE('',#11922,#5704);
#5007=LINE('',#11924,#5705);
#5008=LINE('',#11926,#5706);
#5009=LINE('',#11928,#5707);
#5010=LINE('',#11930,#5708);
#5011=LINE('',#11932,#5709);
#5012=LINE('',#11934,#5710);
#5013=LINE('',#11935,#5711);
#5014=LINE('',#11937,#5712);
#5015=LINE('',#11939,#5713);
#5016=LINE('',#11941,#5714);
#5017=LINE('',#11943,#5715);
#5018=LINE('',#11945,#5716);
#5019=LINE('',#11947,#5717);
#5020=LINE('',#11995,#5718);
#5021=LINE('',#11997,#5719);
#5022=LINE('',#12001,#5720);
#5023=LINE('',#12003,#5721);
#5024=LINE('',#12005,#5722);
#5025=LINE('',#12007,#5723);
#5026=LINE('',#12009,#5724);
#5027=LINE('',#12012,#5725);
#5028=LINE('',#12014,#5726);
#5029=LINE('',#12016,#5727);
#5030=VECTOR('',#7857,1.);
#5031=VECTOR('',#7858,1.);
#5032=VECTOR('',#7859,1.);
#5033=VECTOR('',#7860,1.);
#5034=VECTOR('',#7861,1.);
#5035=VECTOR('',#7862,1.);
#5036=VECTOR('',#7867,1.);
#5037=VECTOR('',#7870,1.);
#5038=VECTOR('',#7873,1.);
#5039=VECTOR('',#7876,1.);
#5040=VECTOR('',#7879,1.);
#5041=VECTOR('',#7882,1.);
#5042=VECTOR('',#7885,1.);
#5043=VECTOR('',#7888,1.);
#5044=VECTOR('',#7891,1.);
#5045=VECTOR('',#7894,1.);
#5046=VECTOR('',#7897,1.);
#5047=VECTOR('',#7900,1.);
#5048=VECTOR('',#7903,1.);
#5049=VECTOR('',#7906,1.);
#5050=VECTOR('',#7909,1.);
#5051=VECTOR('',#7912,1.);
#5052=VECTOR('',#7915,1.);
#5053=VECTOR('',#7918,1.);
#5054=VECTOR('',#7921,1.);
#5055=VECTOR('',#7924,1.);
#5056=VECTOR('',#7927,1.);
#5057=VECTOR('',#7930,1.);
#5058=VECTOR('',#7933,1.);
#5059=VECTOR('',#7936,1.);
#5060=VECTOR('',#7939,1.);
#5061=VECTOR('',#7942,1.);
#5062=VECTOR('',#7945,1.);
#5063=VECTOR('',#7948,1.);
#5064=VECTOR('',#7951,1.);
#5065=VECTOR('',#7954,1.);
#5066=VECTOR('',#7957,1.);
#5067=VECTOR('',#7960,1.);
#5068=VECTOR('',#7963,1.);
#5069=VECTOR('',#7966,1.);
#5070=VECTOR('',#7969,1.);
#5071=VECTOR('',#7972,1.);
#5072=VECTOR('',#7975,1.);
#5073=VECTOR('',#7978,1.);
#5074=VECTOR('',#7981,1.);
#5075=VECTOR('',#7984,1.);
#5076=VECTOR('',#7987,1.);
#5077=VECTOR('',#7990,1.);
#5078=VECTOR('',#7993,1.);
#5079=VECTOR('',#7996,1.);
#5080=VECTOR('',#7999,1.);
#5081=VECTOR('',#8002,1.);
#5082=VECTOR('',#8005,1.);
#5083=VECTOR('',#8008,1.);
#5084=VECTOR('',#8011,1.);
#5085=VECTOR('',#8014,1.);
#5086=VECTOR('',#8017,1.);
#5087=VECTOR('',#8020,1.);
#5088=VECTOR('',#8023,1.);
#5089=VECTOR('',#8026,1.);
#5090=VECTOR('',#8029,1.);
#5091=VECTOR('',#8032,1.);
#5092=VECTOR('',#8035,1.);
#5093=VECTOR('',#8038,1.);
#5094=VECTOR('',#8041,1.);
#5095=VECTOR('',#8044,1.);
#5096=VECTOR('',#8047,1.);
#5097=VECTOR('',#8050,1.);
#5098=VECTOR('',#8053,1.);
#5099=VECTOR('',#8056,1.);
#5100=VECTOR('',#8059,1.);
#5101=VECTOR('',#8062,1.);
#5102=VECTOR('',#8065,1.);
#5103=VECTOR('',#8068,1.);
#5104=VECTOR('',#8071,1.);
#5105=VECTOR('',#8074,1.);
#5106=VECTOR('',#8077,1.);
#5107=VECTOR('',#8080,1.);
#5108=VECTOR('',#8083,1.);
#5109=VECTOR('',#8086,1.);
#5110=VECTOR('',#8089,1.);
#5111=VECTOR('',#8092,1.);
#5112=VECTOR('',#8095,1.);
#5113=VECTOR('',#8098,1.);
#5114=VECTOR('',#8101,1.);
#5115=VECTOR('',#8104,1.);
#5116=VECTOR('',#8107,1.);
#5117=VECTOR('',#8110,1.);
#5118=VECTOR('',#8113,1.);
#5119=VECTOR('',#8116,1.);
#5120=VECTOR('',#8119,1.);
#5121=VECTOR('',#8122,1.);
#5122=VECTOR('',#8125,1.);
#5123=VECTOR('',#8128,1.);
#5124=VECTOR('',#8131,1.);
#5125=VECTOR('',#8134,1.);
#5126=VECTOR('',#8137,1.);
#5127=VECTOR('',#8140,1.);
#5128=VECTOR('',#8143,1.);
#5129=VECTOR('',#8146,1.);
#5130=VECTOR('',#8149,1.);
#5131=VECTOR('',#8152,1.);
#5132=VECTOR('',#8155,1.);
#5133=VECTOR('',#8158,1.);
#5134=VECTOR('',#8161,1.);
#5135=VECTOR('',#8164,1.);
#5136=VECTOR('',#8167,1.);
#5137=VECTOR('',#8170,1.);
#5138=VECTOR('',#8173,1.);
#5139=VECTOR('',#8176,1.);
#5140=VECTOR('',#8179,1.);
#5141=VECTOR('',#8182,1.);
#5142=VECTOR('',#8185,1.);
#5143=VECTOR('',#8188,1.);
#5144=VECTOR('',#8191,1.);
#5145=VECTOR('',#8194,1.);
#5146=VECTOR('',#8197,1.);
#5147=VECTOR('',#8200,1.);
#5148=VECTOR('',#8203,1.);
#5149=VECTOR('',#8206,1.);
#5150=VECTOR('',#8209,1.);
#5151=VECTOR('',#8212,1.);
#5152=VECTOR('',#8215,1.);
#5153=VECTOR('',#8218,1.);
#5154=VECTOR('',#8221,1.);
#5155=VECTOR('',#8224,1.);
#5156=VECTOR('',#8227,1.);
#5157=VECTOR('',#8230,1.);
#5158=VECTOR('',#8233,1.);
#5159=VECTOR('',#8236,1.);
#5160=VECTOR('',#8239,1.);
#5161=VECTOR('',#8242,1.);
#5162=VECTOR('',#8245,1.);
#5163=VECTOR('',#8248,1.);
#5164=VECTOR('',#8251,1.);
#5165=VECTOR('',#8254,1.);
#5166=VECTOR('',#8257,1.);
#5167=VECTOR('',#8260,1.);
#5168=VECTOR('',#8263,1.);
#5169=VECTOR('',#8266,1.);
#5170=VECTOR('',#8269,1.);
#5171=VECTOR('',#8272,1.);
#5172=VECTOR('',#8275,1.);
#5173=VECTOR('',#8278,1.);
#5174=VECTOR('',#8281,1.);
#5175=VECTOR('',#8284,1.);
#5176=VECTOR('',#8287,1.);
#5177=VECTOR('',#8290,1.);
#5178=VECTOR('',#8293,1.);
#5179=VECTOR('',#8296,1.);
#5180=VECTOR('',#8299,1.);
#5181=VECTOR('',#8302,1.);
#5182=VECTOR('',#8305,1.);
#5183=VECTOR('',#8308,1.);
#5184=VECTOR('',#8311,1.);
#5185=VECTOR('',#8314,1.);
#5186=VECTOR('',#8317,1.);
#5187=VECTOR('',#8320,1.);
#5188=VECTOR('',#8323,1.);
#5189=VECTOR('',#8326,1.);
#5190=VECTOR('',#8329,1.);
#5191=VECTOR('',#8332,1.);
#5192=VECTOR('',#8345,1.);
#5193=VECTOR('',#8346,1.);
#5194=VECTOR('',#8347,1.);
#5195=VECTOR('',#8350,1.);
#5196=VECTOR('',#8353,1.);
#5197=VECTOR('',#8354,1.);
#5198=VECTOR('',#8355,1.);
#5199=VECTOR('',#8356,1.);
#5200=VECTOR('',#8359,1.);
#5201=VECTOR('',#8362,1.);
#5202=VECTOR('',#8363,1.);
#5203=VECTOR('',#8364,1.);
#5204=VECTOR('',#8367,1.);
#5205=VECTOR('',#8370,1.);
#5206=VECTOR('',#8371,1.);
#5207=VECTOR('',#8372,1.);
#5208=VECTOR('',#8375,1.);
#5209=VECTOR('',#8378,1.);
#5210=VECTOR('',#8379,1.);
#5211=VECTOR('',#8382,1.);
#5212=VECTOR('',#8383,1.);
#5213=VECTOR('',#8384,1.);
#5214=VECTOR('',#8385,1.);
#5215=VECTOR('',#8386,1.);
#5216=VECTOR('',#8389,1.);
#5217=VECTOR('',#8390,1.);
#5218=VECTOR('',#8391,1.);
#5219=VECTOR('',#8394,1.);
#5220=VECTOR('',#8395,1.);
#5221=VECTOR('',#8396,1.);
#5222=VECTOR('',#8399,1.);
#5223=VECTOR('',#8400,1.);
#5224=VECTOR('',#8401,1.);
#5225=VECTOR('',#8404,1.);
#5226=VECTOR('',#8405,1.);
#5227=VECTOR('',#8406,1.);
#5228=VECTOR('',#8409,1.);
#5229=VECTOR('',#8410,1.);
#5230=VECTOR('',#8411,1.);
#5231=VECTOR('',#8414,1.);
#5232=VECTOR('',#8415,1.);
#5233=VECTOR('',#8416,1.);
#5234=VECTOR('',#8433,1.);
#5235=VECTOR('',#8436,1.);
#5236=VECTOR('',#8439,1.);
#5237=VECTOR('',#8442,1.);
#5238=VECTOR('',#8445,1.);
#5239=VECTOR('',#8448,1.);
#5240=VECTOR('',#8451,1.);
#5241=VECTOR('',#8454,1.);
#5242=VECTOR('',#8457,1.);
#5243=VECTOR('',#8460,1.);
#5244=VECTOR('',#8463,1.);
#5245=VECTOR('',#8466,1.);
#5246=VECTOR('',#8469,1.);
#5247=VECTOR('',#8472,1.);
#5248=VECTOR('',#8475,1.);
#5249=VECTOR('',#8478,1.);
#5250=VECTOR('',#8481,1.);
#5251=VECTOR('',#8484,1.);
#5252=VECTOR('',#8487,1.);
#5253=VECTOR('',#8490,1.);
#5254=VECTOR('',#8493,1.);
#5255=VECTOR('',#8496,1.);
#5256=VECTOR('',#8499,1.);
#5257=VECTOR('',#8502,1.);
#5258=VECTOR('',#8505,1.);
#5259=VECTOR('',#8508,1.);
#5260=VECTOR('',#8511,1.);
#5261=VECTOR('',#8514,1.);
#5262=VECTOR('',#8517,1.);
#5263=VECTOR('',#8520,1.);
#5264=VECTOR('',#8523,1.);
#5265=VECTOR('',#8526,1.);
#5266=VECTOR('',#8529,1.);
#5267=VECTOR('',#8532,1.);
#5268=VECTOR('',#8535,1.);
#5269=VECTOR('',#8538,1.);
#5270=VECTOR('',#8541,1.);
#5271=VECTOR('',#8544,1.);
#5272=VECTOR('',#8547,1.);
#5273=VECTOR('',#8550,1.);
#5274=VECTOR('',#8553,1.);
#5275=VECTOR('',#8556,1.);
#5276=VECTOR('',#8559,1.);
#5277=VECTOR('',#8562,1.);
#5278=VECTOR('',#8565,1.);
#5279=VECTOR('',#8568,1.);
#5280=VECTOR('',#8571,1.);
#5281=VECTOR('',#8574,1.);
#5282=VECTOR('',#8577,1.);
#5283=VECTOR('',#8580,1.);
#5284=VECTOR('',#8583,1.);
#5285=VECTOR('',#8586,1.);
#5286=VECTOR('',#8589,1.);
#5287=VECTOR('',#8592,1.);
#5288=VECTOR('',#8595,1.);
#5289=VECTOR('',#8598,1.);
#5290=VECTOR('',#8601,1.);
#5291=VECTOR('',#8604,1.);
#5292=VECTOR('',#8607,1.);
#5293=VECTOR('',#8610,1.);
#5294=VECTOR('',#8613,1.);
#5295=VECTOR('',#8616,1.);
#5296=VECTOR('',#8619,1.);
#5297=VECTOR('',#8622,1.);
#5298=VECTOR('',#8625,1.);
#5299=VECTOR('',#8628,1.);
#5300=VECTOR('',#8631,1.);
#5301=VECTOR('',#8634,1.);
#5302=VECTOR('',#8637,1.);
#5303=VECTOR('',#8640,1.);
#5304=VECTOR('',#8643,1.);
#5305=VECTOR('',#8646,1.);
#5306=VECTOR('',#8649,1.);
#5307=VECTOR('',#8652,1.);
#5308=VECTOR('',#8655,1.);
#5309=VECTOR('',#8658,1.);
#5310=VECTOR('',#8661,1.);
#5311=VECTOR('',#8664,1.);
#5312=VECTOR('',#8667,1.);
#5313=VECTOR('',#8670,1.);
#5314=VECTOR('',#8673,1.);
#5315=VECTOR('',#8676,1.);
#5316=VECTOR('',#8679,1.);
#5317=VECTOR('',#8682,1.);
#5318=VECTOR('',#8685,1.);
#5319=VECTOR('',#8688,1.);
#5320=VECTOR('',#8691,1.);
#5321=VECTOR('',#8694,1.);
#5322=VECTOR('',#8697,1.);
#5323=VECTOR('',#8700,1.);
#5324=VECTOR('',#8703,1.);
#5325=VECTOR('',#8706,1.);
#5326=VECTOR('',#8709,1.);
#5327=VECTOR('',#8712,1.);
#5328=VECTOR('',#8715,1.);
#5329=VECTOR('',#8718,1.);
#5330=VECTOR('',#8721,1.);
#5331=VECTOR('',#8724,1.);
#5332=VECTOR('',#8727,1.);
#5333=VECTOR('',#8730,1.);
#5334=VECTOR('',#8733,1.);
#5335=VECTOR('',#8736,1.);
#5336=VECTOR('',#8739,1.);
#5337=VECTOR('',#8742,1.);
#5338=VECTOR('',#8745,1.);
#5339=VECTOR('',#8748,1.);
#5340=VECTOR('',#8751,1.);
#5341=VECTOR('',#8754,1.);
#5342=VECTOR('',#8757,1.);
#5343=VECTOR('',#8760,1.);
#5344=VECTOR('',#8763,1.);
#5345=VECTOR('',#8766,1.);
#5346=VECTOR('',#8769,1.);
#5347=VECTOR('',#8772,1.);
#5348=VECTOR('',#8775,1.);
#5349=VECTOR('',#8778,1.);
#5350=VECTOR('',#8781,1.);
#5351=VECTOR('',#8784,1.);
#5352=VECTOR('',#8787,1.);
#5353=VECTOR('',#8790,1.);
#5354=VECTOR('',#8793,1.);
#5355=VECTOR('',#8796,1.);
#5356=VECTOR('',#8799,1.);
#5357=VECTOR('',#8802,1.);
#5358=VECTOR('',#8805,1.);
#5359=VECTOR('',#8808,1.);
#5360=VECTOR('',#8811,1.);
#5361=VECTOR('',#8814,1.);
#5362=VECTOR('',#8817,1.);
#5363=VECTOR('',#8820,1.);
#5364=VECTOR('',#8823,1.);
#5365=VECTOR('',#8826,1.);
#5366=VECTOR('',#8829,1.);
#5367=VECTOR('',#8832,1.);
#5368=VECTOR('',#8835,1.);
#5369=VECTOR('',#8838,1.);
#5370=VECTOR('',#8841,1.);
#5371=VECTOR('',#8844,1.);
#5372=VECTOR('',#8847,1.);
#5373=VECTOR('',#8850,1.);
#5374=VECTOR('',#8853,1.);
#5375=VECTOR('',#8856,1.);
#5376=VECTOR('',#8859,1.);
#5377=VECTOR('',#8862,1.);
#5378=VECTOR('',#8865,1.);
#5379=VECTOR('',#8868,1.);
#5380=VECTOR('',#8871,1.);
#5381=VECTOR('',#8874,1.);
#5382=VECTOR('',#8877,1.);
#5383=VECTOR('',#8880,1.);
#5384=VECTOR('',#8883,1.);
#5385=VECTOR('',#8886,1.);
#5386=VECTOR('',#8889,1.);
#5387=VECTOR('',#8892,1.);
#5388=VECTOR('',#8895,1.);
#5389=VECTOR('',#8898,1.);
#5390=VECTOR('',#8899,1.);
#5391=VECTOR('',#8902,1.);
#5392=VECTOR('',#8905,1.);
#5393=VECTOR('',#8908,1.);
#5394=VECTOR('',#8911,1.);
#5395=VECTOR('',#8914,1.);
#5396=VECTOR('',#8917,1.);
#5397=VECTOR('',#8920,1.);
#5398=VECTOR('',#8925,1.);
#5399=VECTOR('',#8928,1.);
#5400=VECTOR('',#8931,1.);
#5401=VECTOR('',#8932,1.);
#5402=VECTOR('',#8935,1.);
#5403=VECTOR('',#8938,1.);
#5404=VECTOR('',#8941,1.);
#5405=VECTOR('',#8944,1.);
#5406=VECTOR('',#8947,1.);
#5407=VECTOR('',#8950,1.);
#5408=VECTOR('',#8953,1.);
#5409=VECTOR('',#8954,1.);
#5410=VECTOR('',#8957,1.);
#5411=VECTOR('',#8960,1.);
#5412=VECTOR('',#8963,1.);
#5413=VECTOR('',#8966,1.);
#5414=VECTOR('',#8969,1.);
#5415=VECTOR('',#8972,1.);
#5416=VECTOR('',#8975,1.);
#5417=VECTOR('',#8976,1.);
#5418=VECTOR('',#8979,1.);
#5419=VECTOR('',#8982,1.);
#5420=VECTOR('',#8985,1.);
#5421=VECTOR('',#8988,1.);
#5422=VECTOR('',#8991,1.);
#5423=VECTOR('',#8994,1.);
#5424=VECTOR('',#8997,1.);
#5425=VECTOR('',#8998,1.);
#5426=VECTOR('',#9001,1.);
#5427=VECTOR('',#9004,1.);
#5428=VECTOR('',#9007,1.);
#5429=VECTOR('',#9010,1.);
#5430=VECTOR('',#9013,1.);
#5431=VECTOR('',#9016,1.);
#5432=VECTOR('',#9019,1.);
#5433=VECTOR('',#9020,1.);
#5434=VECTOR('',#9023,1.);
#5435=VECTOR('',#9026,1.);
#5436=VECTOR('',#9029,1.);
#5437=VECTOR('',#9032,1.);
#5438=VECTOR('',#9035,1.);
#5439=VECTOR('',#9038,1.);
#5440=VECTOR('',#9041,1.);
#5441=VECTOR('',#9042,1.);
#5442=VECTOR('',#9045,1.);
#5443=VECTOR('',#9048,1.);
#5444=VECTOR('',#9051,1.);
#5445=VECTOR('',#9054,1.);
#5446=VECTOR('',#9057,1.);
#5447=VECTOR('',#9060,1.);
#5448=VECTOR('',#9063,1.);
#5449=VECTOR('',#9064,1.);
#5450=VECTOR('',#9067,1.);
#5451=VECTOR('',#9070,1.);
#5452=VECTOR('',#9073,1.);
#5453=VECTOR('',#9076,1.);
#5454=VECTOR('',#9079,1.);
#5455=VECTOR('',#9082,1.);
#5456=VECTOR('',#9085,1.);
#5457=VECTOR('',#9086,1.);
#5458=VECTOR('',#9089,1.);
#5459=VECTOR('',#9092,1.);
#5460=VECTOR('',#9095,1.);
#5461=VECTOR('',#9098,1.);
#5462=VECTOR('',#9101,1.);
#5463=VECTOR('',#9104,1.);
#5464=VECTOR('',#9107,1.);
#5465=VECTOR('',#9110,1.);
#5466=VECTOR('',#9115,1.);
#5467=VECTOR('',#9116,1.);
#5468=VECTOR('',#9119,1.);
#5469=VECTOR('',#9122,1.);
#5470=VECTOR('',#9125,1.);
#5471=VECTOR('',#9128,1.);
#5472=VECTOR('',#9131,1.);
#5473=VECTOR('',#9134,1.);
#5474=VECTOR('',#9137,1.);
#5475=VECTOR('',#9138,1.);
#5476=VECTOR('',#9141,1.);
#5477=VECTOR('',#9144,1.);
#5478=VECTOR('',#9147,1.);
#5479=VECTOR('',#9150,1.);
#5480=VECTOR('',#9153,1.);
#5481=VECTOR('',#9156,1.);
#5482=VECTOR('',#9159,1.);
#5483=VECTOR('',#9160,1.);
#5484=VECTOR('',#9163,1.);
#5485=VECTOR('',#9166,1.);
#5486=VECTOR('',#9169,1.);
#5487=VECTOR('',#9172,1.);
#5488=VECTOR('',#9175,1.);
#5489=VECTOR('',#9178,1.);
#5490=VECTOR('',#9181,1.);
#5491=VECTOR('',#9182,1.);
#5492=VECTOR('',#9185,1.);
#5493=VECTOR('',#9188,1.);
#5494=VECTOR('',#9191,1.);
#5495=VECTOR('',#9194,1.);
#5496=VECTOR('',#9197,1.);
#5497=VECTOR('',#9200,1.);
#5498=VECTOR('',#9203,1.);
#5499=VECTOR('',#9204,1.);
#5500=VECTOR('',#9207,1.);
#5501=VECTOR('',#9210,1.);
#5502=VECTOR('',#9213,1.);
#5503=VECTOR('',#9216,1.);
#5504=VECTOR('',#9219,1.);
#5505=VECTOR('',#9222,1.);
#5506=VECTOR('',#9225,1.);
#5507=VECTOR('',#9226,1.);
#5508=VECTOR('',#9229,1.);
#5509=VECTOR('',#9232,1.);
#5510=VECTOR('',#9235,1.);
#5511=VECTOR('',#9238,1.);
#5512=VECTOR('',#9241,1.);
#5513=VECTOR('',#9244,1.);
#5514=VECTOR('',#9247,1.);
#5515=VECTOR('',#9248,1.);
#5516=VECTOR('',#9251,1.);
#5517=VECTOR('',#9254,1.);
#5518=VECTOR('',#9257,1.);
#5519=VECTOR('',#9260,1.);
#5520=VECTOR('',#9263,1.);
#5521=VECTOR('',#9266,1.);
#5522=VECTOR('',#9269,1.);
#5523=VECTOR('',#9270,1.);
#5524=VECTOR('',#9273,1.);
#5525=VECTOR('',#9276,1.);
#5526=VECTOR('',#9279,1.);
#5527=VECTOR('',#9282,1.);
#5528=VECTOR('',#9285,1.);
#5529=VECTOR('',#9288,1.);
#5530=VECTOR('',#9291,1.);
#5531=VECTOR('',#9292,1.);
#5532=VECTOR('',#9295,1.);
#5533=VECTOR('',#9298,1.);
#5534=VECTOR('',#9301,1.);
#5535=VECTOR('',#9304,1.);
#5536=VECTOR('',#9307,1.);
#5537=VECTOR('',#9310,1.);
#5538=VECTOR('',#9313,1.);
#5539=VECTOR('',#9314,1.);
#5540=VECTOR('',#9317,1.);
#5541=VECTOR('',#9320,1.);
#5542=VECTOR('',#9323,1.);
#5543=VECTOR('',#9326,1.);
#5544=VECTOR('',#9329,1.);
#5545=VECTOR('',#9332,1.);
#5546=VECTOR('',#9335,1.);
#5547=VECTOR('',#9336,1.);
#5548=VECTOR('',#9339,1.);
#5549=VECTOR('',#9342,1.);
#5550=VECTOR('',#9345,1.);
#5551=VECTOR('',#9348,1.);
#5552=VECTOR('',#9351,1.);
#5553=VECTOR('',#9354,1.);
#5554=VECTOR('',#9357,1.);
#5555=VECTOR('',#9358,1.);
#5556=VECTOR('',#9361,1.);
#5557=VECTOR('',#9364,1.);
#5558=VECTOR('',#9367,1.);
#5559=VECTOR('',#9370,1.);
#5560=VECTOR('',#9373,1.);
#5561=VECTOR('',#9376,1.);
#5562=VECTOR('',#9379,1.);
#5563=VECTOR('',#9380,1.);
#5564=VECTOR('',#9383,1.);
#5565=VECTOR('',#9386,1.);
#5566=VECTOR('',#9389,1.);
#5567=VECTOR('',#9392,1.);
#5568=VECTOR('',#9395,1.);
#5569=VECTOR('',#9398,1.);
#5570=VECTOR('',#9401,1.);
#5571=VECTOR('',#9402,1.);
#5572=VECTOR('',#9405,1.);
#5573=VECTOR('',#9408,1.);
#5574=VECTOR('',#9411,1.);
#5575=VECTOR('',#9414,1.);
#5576=VECTOR('',#9417,1.);
#5577=VECTOR('',#9420,1.);
#5578=VECTOR('',#9423,1.);
#5579=VECTOR('',#9424,1.);
#5580=VECTOR('',#9427,1.);
#5581=VECTOR('',#9430,1.);
#5582=VECTOR('',#9433,1.);
#5583=VECTOR('',#9436,1.);
#5584=VECTOR('',#9439,1.);
#5585=VECTOR('',#9442,1.);
#5586=VECTOR('',#9445,1.);
#5587=VECTOR('',#9448,1.);
#5588=VECTOR('',#9453,1.);
#5589=VECTOR('',#9454,1.);
#5590=VECTOR('',#9457,1.);
#5591=VECTOR('',#9460,1.);
#5592=VECTOR('',#9463,1.);
#5593=VECTOR('',#9466,1.);
#5594=VECTOR('',#9469,1.);
#5595=VECTOR('',#9472,1.);
#5596=VECTOR('',#9475,1.);
#5597=VECTOR('',#9476,1.);
#5598=VECTOR('',#9479,1.);
#5599=VECTOR('',#9482,1.);
#5600=VECTOR('',#9485,1.);
#5601=VECTOR('',#9488,1.);
#5602=VECTOR('',#9491,1.);
#5603=VECTOR('',#9494,1.);
#5604=VECTOR('',#9497,1.);
#5605=VECTOR('',#9498,1.);
#5606=VECTOR('',#9501,1.);
#5607=VECTOR('',#9504,1.);
#5608=VECTOR('',#9507,1.);
#5609=VECTOR('',#9510,1.);
#5610=VECTOR('',#9513,1.);
#5611=VECTOR('',#9516,1.);
#5612=VECTOR('',#9519,1.);
#5613=VECTOR('',#9520,1.);
#5614=VECTOR('',#9523,1.);
#5615=VECTOR('',#9526,1.);
#5616=VECTOR('',#9529,1.);
#5617=VECTOR('',#9532,1.);
#5618=VECTOR('',#9535,1.);
#5619=VECTOR('',#9538,1.);
#5620=VECTOR('',#9541,1.);
#5621=VECTOR('',#9542,1.);
#5622=VECTOR('',#9545,1.);
#5623=VECTOR('',#9548,1.);
#5624=VECTOR('',#9551,1.);
#5625=VECTOR('',#9554,1.);
#5626=VECTOR('',#9557,1.);
#5627=VECTOR('',#9560,1.);
#5628=VECTOR('',#9563,1.);
#5629=VECTOR('',#9564,1.);
#5630=VECTOR('',#9567,1.);
#5631=VECTOR('',#9570,1.);
#5632=VECTOR('',#9573,1.);
#5633=VECTOR('',#9576,1.);
#5634=VECTOR('',#9579,1.);
#5635=VECTOR('',#9582,1.);
#5636=VECTOR('',#9585,1.);
#5637=VECTOR('',#9586,1.);
#5638=VECTOR('',#9589,1.);
#5639=VECTOR('',#9592,1.);
#5640=VECTOR('',#9595,1.);
#5641=VECTOR('',#9598,1.);
#5642=VECTOR('',#9601,1.);
#5643=VECTOR('',#9604,1.);
#5644=VECTOR('',#9607,1.);
#5645=VECTOR('',#9608,1.);
#5646=VECTOR('',#9611,1.);
#5647=VECTOR('',#9614,1.);
#5648=VECTOR('',#9617,1.);
#5649=VECTOR('',#9620,1.);
#5650=VECTOR('',#9623,1.);
#5651=VECTOR('',#9626,1.);
#5652=VECTOR('',#9629,1.);
#5653=VECTOR('',#9632,1.);
#5654=VECTOR('',#9637,1.);
#5655=VECTOR('',#9638,1.);
#5656=VECTOR('',#9641,1.);
#5657=VECTOR('',#9644,1.);
#5658=VECTOR('',#9647,1.);
#5659=VECTOR('',#9650,1.);
#5660=VECTOR('',#9653,1.);
#5661=VECTOR('',#9656,1.);
#5662=VECTOR('',#9659,1.);
#5663=VECTOR('',#9660,1.);
#5664=VECTOR('',#9663,1.);
#5665=VECTOR('',#9666,1.);
#5666=VECTOR('',#9669,1.);
#5667=VECTOR('',#9672,1.);
#5668=VECTOR('',#9675,1.);
#5669=VECTOR('',#9678,1.);
#5670=VECTOR('',#9681,1.);
#5671=VECTOR('',#9682,1.);
#5672=VECTOR('',#9685,1.);
#5673=VECTOR('',#9688,1.);
#5674=VECTOR('',#9691,1.);
#5675=VECTOR('',#9694,1.);
#5676=VECTOR('',#9697,1.);
#5677=VECTOR('',#9700,1.);
#5678=VECTOR('',#9703,1.);
#5679=VECTOR('',#9704,1.);
#5680=VECTOR('',#9707,1.);
#5681=VECTOR('',#9710,1.);
#5682=VECTOR('',#9713,1.);
#5683=VECTOR('',#9716,1.);
#5684=VECTOR('',#9719,1.);
#5685=VECTOR('',#9722,1.);
#5686=VECTOR('',#9725,1.);
#5687=VECTOR('',#9726,1.);
#5688=VECTOR('',#9729,1.);
#5689=VECTOR('',#9732,1.);
#5690=VECTOR('',#9735,1.);
#5691=VECTOR('',#9738,1.);
#5692=VECTOR('',#9741,1.);
#5693=VECTOR('',#9744,1.);
#5694=VECTOR('',#9747,1.);
#5695=VECTOR('',#9748,1.);
#5696=VECTOR('',#9751,1.);
#5697=VECTOR('',#9754,1.);
#5698=VECTOR('',#9757,1.);
#5699=VECTOR('',#9760,1.);
#5700=VECTOR('',#9763,1.);
#5701=VECTOR('',#9766,1.);
#5702=VECTOR('',#9769,1.);
#5703=VECTOR('',#9770,1.);
#5704=VECTOR('',#9773,1.);
#5705=VECTOR('',#9776,1.);
#5706=VECTOR('',#9779,1.);
#5707=VECTOR('',#9782,1.);
#5708=VECTOR('',#9785,1.);
#5709=VECTOR('',#9788,1.);
#5710=VECTOR('',#9791,1.);
#5711=VECTOR('',#9792,1.);
#5712=VECTOR('',#9795,1.);
#5713=VECTOR('',#9798,1.);
#5714=VECTOR('',#9801,1.);
#5715=VECTOR('',#9804,1.);
#5716=VECTOR('',#9807,1.);
#5717=VECTOR('',#9810,1.);
#5718=VECTOR('',#9905,1.);
#5719=VECTOR('',#9906,1.);
#5720=VECTOR('',#9913,1.);
#5721=VECTOR('',#9914,1.);
#5722=VECTOR('',#9917,1.);
#5723=VECTOR('',#9918,1.);
#5724=VECTOR('',#9921,1.);
#5725=VECTOR('',#9926,1.);
#5726=VECTOR('',#9927,1.);
#5727=VECTOR('',#9930,1.);
#5728=EDGE_LOOP('',(#522,#523,#524,#525,#526,#527));
#5729=EDGE_LOOP('',(#528,#529,#530,#531,#532,#533,#534,#535));
#5730=EDGE_LOOP('',(#536,#537,#538,#539,#540,#541,#542,#543));
#5731=EDGE_LOOP('',(#544,#545,#546,#547,#548,#549,#550,#551));
#5732=EDGE_LOOP('',(#552,#553,#554,#555,#556,#557,#558,#559));
#5733=EDGE_LOOP('',(#560,#561,#562,#563,#564,#565,#566,#567));
#5734=EDGE_LOOP('',(#568,#569,#570,#571,#572,#573,#574,#575));
#5735=EDGE_LOOP('',(#576,#577,#578,#579,#580,#581,#582,#583));
#5736=EDGE_LOOP('',(#584,#585,#586,#587,#588,#589,#590,#591));
#5737=EDGE_LOOP('',(#592,#593,#594,#595,#596,#597,#598,#599));
#5738=EDGE_LOOP('',(#600,#601,#602,#603,#604,#605,#606,#607));
#5739=EDGE_LOOP('',(#608,#609,#610,#611,#612,#613,#614,#615));
#5740=EDGE_LOOP('',(#616,#617,#618,#619,#620,#621,#622,#623));
#5741=EDGE_LOOP('',(#624,#625,#626,#627,#628,#629,#630,#631));
#5742=EDGE_LOOP('',(#632,#633,#634,#635,#636,#637,#638,#639));
#5743=EDGE_LOOP('',(#640,#641,#642,#643,#644,#645,#646,#647));
#5744=EDGE_LOOP('',(#648,#649,#650,#651,#652,#653,#654,#655));
#5745=EDGE_LOOP('',(#656,#657,#658,#659,#660,#661,#662,#663));
#5746=EDGE_LOOP('',(#664,#665,#666,#667,#668,#669,#670,#671));
#5747=EDGE_LOOP('',(#672,#673,#674,#675,#676,#677,#678,#679));
#5748=EDGE_LOOP('',(#680,#681,#682,#683,#684,#685,#686,#687));
#5749=EDGE_LOOP('',(#688,#689,#690,#691,#692,#693,#694,#695));
#5750=EDGE_LOOP('',(#696,#697,#698,#699,#700,#701,#702,#703));
#5751=EDGE_LOOP('',(#704,#705,#706,#707,#708,#709,#710,#711));
#5752=EDGE_LOOP('',(#712,#713,#714,#715,#716,#717,#718,#719));
#5753=EDGE_LOOP('',(#720,#721,#722,#723,#724,#725,#726,#727));
#5754=EDGE_LOOP('',(#728,#729,#730,#731,#732,#733,#734,#735));
#5755=EDGE_LOOP('',(#736,#737,#738,#739,#740,#741,#742,#743));
#5756=EDGE_LOOP('',(#744,#745,#746,#747,#748,#749,#750,#751));
#5757=EDGE_LOOP('',(#752,#753,#754,#755,#756,#757,#758,#759));
#5758=EDGE_LOOP('',(#760,#761,#762,#763,#764,#765,#766,#767));
#5759=EDGE_LOOP('',(#768,#769,#770,#771,#772,#773,#774,#775));
#5760=EDGE_LOOP('',(#776,#777,#778,#779,#780,#781,#782,#783));
#5761=EDGE_LOOP('',(#784,#785,#786,#787,#788,#789,#790,#791));
#5762=EDGE_LOOP('',(#792,#793,#794,#795,#796,#797,#798,#799));
#5763=EDGE_LOOP('',(#800,#801,#802,#803,#804,#805,#806,#807));
#5764=EDGE_LOOP('',(#808,#809,#810,#811,#812,#813,#814,#815));
#5765=EDGE_LOOP('',(#816,#817,#818,#819,#820,#821,#822,#823));
#5766=EDGE_LOOP('',(#824,#825,#826,#827,#828,#829,#830,#831));
#5767=EDGE_LOOP('',(#832,#833,#834,#835,#836,#837,#838,#839));
#5768=EDGE_LOOP('',(#840));
#5769=EDGE_LOOP('',(#841));
#5770=EDGE_LOOP('',(#842));
#5771=EDGE_LOOP('',(#843));
#5772=EDGE_LOOP('',(#844));
#5773=EDGE_LOOP('',(#845));
#5774=EDGE_LOOP('',(#846,#847,#848,#849,#850,#851,#852,#853,#854,#855,#856,
#857,#858,#859,#860,#861,#862,#863,#864,#865,#866,#867,#868,#869,#870,#871,
#872,#873));
#5775=EDGE_LOOP('',(#874,#875,#876,#877,#878,#879));
#5776=EDGE_LOOP('',(#880,#881,#882,#883));
#5777=EDGE_LOOP('',(#884,#885,#886,#887));
#5778=EDGE_LOOP('',(#888,#889,#890,#891));
#5779=EDGE_LOOP('',(#892,#893,#894,#895));
#5780=EDGE_LOOP('',(#896,#897,#898,#899));
#5781=EDGE_LOOP('',(#900,#901,#902,#903));
#5782=EDGE_LOOP('',(#904));
#5783=EDGE_LOOP('',(#905));
#5784=EDGE_LOOP('',(#906));
#5785=EDGE_LOOP('',(#907));
#5786=EDGE_LOOP('',(#908));
#5787=EDGE_LOOP('',(#909));
#5788=EDGE_LOOP('',(#910,#911,#912,#913,#914,#915,#916,#917));
#5789=EDGE_LOOP('',(#918,#919,#920,#921,#922,#923,#924,#925));
#5790=EDGE_LOOP('',(#926,#927,#928,#929,#930,#931,#932,#933));
#5791=EDGE_LOOP('',(#934,#935,#936,#937,#938,#939,#940,#941));
#5792=EDGE_LOOP('',(#942,#943,#944,#945,#946,#947,#948,#949));
#5793=EDGE_LOOP('',(#950,#951,#952,#953,#954,#955,#956,#957));
#5794=EDGE_LOOP('',(#958,#959,#960,#961,#962,#963,#964,#965));
#5795=EDGE_LOOP('',(#966,#967,#968,#969,#970,#971,#972,#973));
#5796=EDGE_LOOP('',(#974,#975,#976,#977,#978,#979,#980,#981));
#5797=EDGE_LOOP('',(#982,#983,#984,#985,#986,#987,#988,#989));
#5798=EDGE_LOOP('',(#990,#991,#992,#993,#994,#995,#996,#997));
#5799=EDGE_LOOP('',(#998,#999,#1000,#1001,#1002,#1003,#1004,#1005));
#5800=EDGE_LOOP('',(#1006,#1007,#1008,#1009,#1010,#1011,#1012,#1013));
#5801=EDGE_LOOP('',(#1014,#1015,#1016,#1017,#1018,#1019,#1020,#1021));
#5802=EDGE_LOOP('',(#1022,#1023,#1024,#1025,#1026,#1027,#1028,#1029));
#5803=EDGE_LOOP('',(#1030,#1031,#1032,#1033,#1034,#1035,#1036,#1037));
#5804=EDGE_LOOP('',(#1038,#1039,#1040,#1041,#1042,#1043,#1044,#1045));
#5805=EDGE_LOOP('',(#1046,#1047,#1048,#1049,#1050,#1051,#1052,#1053));
#5806=EDGE_LOOP('',(#1054,#1055,#1056,#1057,#1058,#1059,#1060,#1061));
#5807=EDGE_LOOP('',(#1062,#1063,#1064,#1065,#1066,#1067,#1068,#1069));
#5808=EDGE_LOOP('',(#1070,#1071,#1072,#1073,#1074,#1075,#1076,#1077));
#5809=EDGE_LOOP('',(#1078,#1079,#1080,#1081,#1082,#1083,#1084,#1085));
#5810=EDGE_LOOP('',(#1086,#1087,#1088,#1089,#1090,#1091,#1092,#1093));
#5811=EDGE_LOOP('',(#1094,#1095,#1096,#1097,#1098,#1099,#1100,#1101));
#5812=EDGE_LOOP('',(#1102,#1103,#1104,#1105,#1106,#1107,#1108,#1109));
#5813=EDGE_LOOP('',(#1110,#1111,#1112,#1113,#1114,#1115,#1116,#1117));
#5814=EDGE_LOOP('',(#1118,#1119,#1120,#1121,#1122,#1123,#1124,#1125));
#5815=EDGE_LOOP('',(#1126,#1127,#1128,#1129,#1130,#1131,#1132,#1133));
#5816=EDGE_LOOP('',(#1134,#1135,#1136,#1137,#1138,#1139,#1140,#1141));
#5817=EDGE_LOOP('',(#1142,#1143,#1144,#1145,#1146,#1147,#1148,#1149));
#5818=EDGE_LOOP('',(#1150,#1151,#1152,#1153,#1154,#1155,#1156,#1157));
#5819=EDGE_LOOP('',(#1158,#1159,#1160,#1161,#1162,#1163,#1164,#1165));
#5820=EDGE_LOOP('',(#1166,#1167,#1168,#1169,#1170,#1171,#1172,#1173));
#5821=EDGE_LOOP('',(#1174,#1175,#1176,#1177,#1178,#1179,#1180,#1181));
#5822=EDGE_LOOP('',(#1182,#1183,#1184,#1185,#1186,#1187,#1188,#1189));
#5823=EDGE_LOOP('',(#1190,#1191,#1192,#1193,#1194,#1195,#1196,#1197));
#5824=EDGE_LOOP('',(#1198,#1199,#1200,#1201,#1202,#1203,#1204,#1205));
#5825=EDGE_LOOP('',(#1206,#1207,#1208,#1209,#1210,#1211,#1212,#1213));
#5826=EDGE_LOOP('',(#1214,#1215,#1216,#1217,#1218,#1219,#1220,#1221));
#5827=EDGE_LOOP('',(#1222,#1223,#1224,#1225,#1226,#1227,#1228,#1229,#1230,
#1231,#1232,#1233,#1234,#1235,#1236,#1237,#1238,#1239,#1240,#1241,#1242,
#1243,#1244,#1245));
#5828=EDGE_LOOP('',(#1246,#1247,#1248,#1249));
#5829=EDGE_LOOP('',(#1250,#1251,#1252,#1253));
#5830=EDGE_LOOP('',(#1254,#1255,#1256,#1257));
#5831=EDGE_LOOP('',(#1258,#1259,#1260,#1261));
#5832=EDGE_LOOP('',(#1262,#1263,#1264,#1265));
#5833=EDGE_LOOP('',(#1266,#1267,#1268,#1269));
#5834=EDGE_LOOP('',(#1270,#1271,#1272,#1273));
#5835=EDGE_LOOP('',(#1274,#1275,#1276,#1277));
#5836=EDGE_LOOP('',(#1278,#1279,#1280,#1281));
#5837=EDGE_LOOP('',(#1282,#1283,#1284,#1285));
#5838=EDGE_LOOP('',(#1286,#1287,#1288,#1289));
#5839=EDGE_LOOP('',(#1290,#1291,#1292,#1293));
#5840=EDGE_LOOP('',(#1294,#1295,#1296,#1297));
#5841=EDGE_LOOP('',(#1298,#1299,#1300,#1301));
#5842=EDGE_LOOP('',(#1302,#1303,#1304,#1305));
#5843=EDGE_LOOP('',(#1306,#1307,#1308,#1309));
#5844=EDGE_LOOP('',(#1310,#1311,#1312,#1313));
#5845=EDGE_LOOP('',(#1314,#1315,#1316,#1317));
#5846=EDGE_LOOP('',(#1318,#1319,#1320,#1321));
#5847=EDGE_LOOP('',(#1322,#1323,#1324,#1325));
#5848=EDGE_LOOP('',(#1326,#1327,#1328,#1329));
#5849=EDGE_LOOP('',(#1330,#1331,#1332,#1333));
#5850=EDGE_LOOP('',(#1334,#1335,#1336,#1337));
#5851=EDGE_LOOP('',(#1338,#1339,#1340,#1341));
#5852=EDGE_LOOP('',(#1342,#1343,#1344,#1345));
#5853=EDGE_LOOP('',(#1346,#1347,#1348,#1349));
#5854=EDGE_LOOP('',(#1350,#1351,#1352,#1353));
#5855=EDGE_LOOP('',(#1354,#1355,#1356,#1357));
#5856=EDGE_LOOP('',(#1358,#1359,#1360,#1361));
#5857=EDGE_LOOP('',(#1362,#1363,#1364,#1365));
#5858=EDGE_LOOP('',(#1366,#1367,#1368,#1369));
#5859=EDGE_LOOP('',(#1370,#1371,#1372,#1373));
#5860=EDGE_LOOP('',(#1374,#1375,#1376,#1377));
#5861=EDGE_LOOP('',(#1378,#1379,#1380,#1381));
#5862=EDGE_LOOP('',(#1382,#1383,#1384,#1385));
#5863=EDGE_LOOP('',(#1386,#1387,#1388,#1389));
#5864=EDGE_LOOP('',(#1390,#1391,#1392,#1393));
#5865=EDGE_LOOP('',(#1394,#1395,#1396,#1397));
#5866=EDGE_LOOP('',(#1398,#1399,#1400,#1401));
#5867=EDGE_LOOP('',(#1402,#1403,#1404,#1405));
#5868=EDGE_LOOP('',(#1406,#1407,#1408,#1409));
#5869=EDGE_LOOP('',(#1410,#1411,#1412,#1413));
#5870=EDGE_LOOP('',(#1414,#1415,#1416,#1417));
#5871=EDGE_LOOP('',(#1418,#1419,#1420,#1421));
#5872=EDGE_LOOP('',(#1422,#1423,#1424,#1425));
#5873=EDGE_LOOP('',(#1426,#1427,#1428,#1429));
#5874=EDGE_LOOP('',(#1430,#1431,#1432,#1433));
#5875=EDGE_LOOP('',(#1434,#1435,#1436,#1437));
#5876=EDGE_LOOP('',(#1438,#1439,#1440,#1441));
#5877=EDGE_LOOP('',(#1442,#1443,#1444,#1445));
#5878=EDGE_LOOP('',(#1446,#1447,#1448,#1449));
#5879=EDGE_LOOP('',(#1450,#1451,#1452,#1453));
#5880=EDGE_LOOP('',(#1454,#1455,#1456,#1457));
#5881=EDGE_LOOP('',(#1458,#1459,#1460,#1461));
#5882=EDGE_LOOP('',(#1462,#1463,#1464,#1465));
#5883=EDGE_LOOP('',(#1466,#1467,#1468,#1469));
#5884=EDGE_LOOP('',(#1470,#1471,#1472,#1473));
#5885=EDGE_LOOP('',(#1474,#1475,#1476,#1477));
#5886=EDGE_LOOP('',(#1478,#1479,#1480,#1481));
#5887=EDGE_LOOP('',(#1482,#1483,#1484,#1485));
#5888=EDGE_LOOP('',(#1486,#1487,#1488,#1489));
#5889=EDGE_LOOP('',(#1490,#1491,#1492,#1493));
#5890=EDGE_LOOP('',(#1494,#1495,#1496,#1497));
#5891=EDGE_LOOP('',(#1498,#1499,#1500,#1501));
#5892=EDGE_LOOP('',(#1502,#1503,#1504,#1505));
#5893=EDGE_LOOP('',(#1506,#1507,#1508,#1509));
#5894=EDGE_LOOP('',(#1510,#1511,#1512,#1513));
#5895=EDGE_LOOP('',(#1514,#1515,#1516,#1517));
#5896=EDGE_LOOP('',(#1518,#1519,#1520,#1521));
#5897=EDGE_LOOP('',(#1522,#1523,#1524,#1525));
#5898=EDGE_LOOP('',(#1526,#1527,#1528,#1529));
#5899=EDGE_LOOP('',(#1530,#1531,#1532,#1533));
#5900=EDGE_LOOP('',(#1534,#1535,#1536,#1537));
#5901=EDGE_LOOP('',(#1538,#1539,#1540,#1541));
#5902=EDGE_LOOP('',(#1542,#1543,#1544,#1545));
#5903=EDGE_LOOP('',(#1546,#1547,#1548,#1549));
#5904=EDGE_LOOP('',(#1550,#1551,#1552,#1553));
#5905=EDGE_LOOP('',(#1554,#1555,#1556,#1557));
#5906=EDGE_LOOP('',(#1558,#1559,#1560,#1561));
#5907=EDGE_LOOP('',(#1562,#1563,#1564,#1565));
#5908=EDGE_LOOP('',(#1566,#1567,#1568,#1569));
#5909=EDGE_LOOP('',(#1570,#1571,#1572,#1573));
#5910=EDGE_LOOP('',(#1574,#1575,#1576,#1577));
#5911=EDGE_LOOP('',(#1578,#1579,#1580,#1581));
#5912=EDGE_LOOP('',(#1582,#1583,#1584,#1585));
#5913=EDGE_LOOP('',(#1586,#1587,#1588,#1589));
#5914=EDGE_LOOP('',(#1590,#1591,#1592,#1593));
#5915=EDGE_LOOP('',(#1594,#1595,#1596,#1597));
#5916=EDGE_LOOP('',(#1598,#1599,#1600,#1601));
#5917=EDGE_LOOP('',(#1602,#1603,#1604,#1605));
#5918=EDGE_LOOP('',(#1606,#1607,#1608,#1609));
#5919=EDGE_LOOP('',(#1610,#1611,#1612,#1613));
#5920=EDGE_LOOP('',(#1614,#1615,#1616,#1617));
#5921=EDGE_LOOP('',(#1618,#1619,#1620,#1621));
#5922=EDGE_LOOP('',(#1622,#1623,#1624,#1625));
#5923=EDGE_LOOP('',(#1626,#1627,#1628,#1629));
#5924=EDGE_LOOP('',(#1630,#1631,#1632,#1633));
#5925=EDGE_LOOP('',(#1634,#1635,#1636,#1637));
#5926=EDGE_LOOP('',(#1638,#1639,#1640,#1641));
#5927=EDGE_LOOP('',(#1642,#1643,#1644,#1645));
#5928=EDGE_LOOP('',(#1646,#1647,#1648,#1649));
#5929=EDGE_LOOP('',(#1650,#1651,#1652,#1653));
#5930=EDGE_LOOP('',(#1654,#1655,#1656,#1657));
#5931=EDGE_LOOP('',(#1658,#1659,#1660,#1661));
#5932=EDGE_LOOP('',(#1662,#1663,#1664,#1665));
#5933=EDGE_LOOP('',(#1666,#1667,#1668,#1669));
#5934=EDGE_LOOP('',(#1670,#1671,#1672,#1673));
#5935=EDGE_LOOP('',(#1674,#1675,#1676,#1677));
#5936=EDGE_LOOP('',(#1678,#1679,#1680,#1681));
#5937=EDGE_LOOP('',(#1682,#1683,#1684,#1685));
#5938=EDGE_LOOP('',(#1686,#1687,#1688,#1689));
#5939=EDGE_LOOP('',(#1690,#1691,#1692,#1693));
#5940=EDGE_LOOP('',(#1694,#1695,#1696,#1697));
#5941=EDGE_LOOP('',(#1698,#1699,#1700,#1701));
#5942=EDGE_LOOP('',(#1702,#1703,#1704,#1705));
#5943=EDGE_LOOP('',(#1706,#1707,#1708,#1709));
#5944=EDGE_LOOP('',(#1710,#1711,#1712,#1713));
#5945=EDGE_LOOP('',(#1714,#1715,#1716,#1717));
#5946=EDGE_LOOP('',(#1718,#1719,#1720,#1721));
#5947=EDGE_LOOP('',(#1722,#1723,#1724,#1725));
#5948=EDGE_LOOP('',(#1726,#1727,#1728,#1729));
#5949=EDGE_LOOP('',(#1730,#1731,#1732,#1733));
#5950=EDGE_LOOP('',(#1734,#1735,#1736,#1737));
#5951=EDGE_LOOP('',(#1738,#1739,#1740,#1741));
#5952=EDGE_LOOP('',(#1742,#1743,#1744,#1745));
#5953=EDGE_LOOP('',(#1746,#1747,#1748,#1749));
#5954=EDGE_LOOP('',(#1750,#1751,#1752,#1753));
#5955=EDGE_LOOP('',(#1754,#1755,#1756,#1757));
#5956=EDGE_LOOP('',(#1758,#1759,#1760,#1761));
#5957=EDGE_LOOP('',(#1762,#1763,#1764,#1765));
#5958=EDGE_LOOP('',(#1766,#1767,#1768,#1769));
#5959=EDGE_LOOP('',(#1770,#1771,#1772,#1773));
#5960=EDGE_LOOP('',(#1774,#1775,#1776,#1777));
#5961=EDGE_LOOP('',(#1778,#1779,#1780,#1781));
#5962=EDGE_LOOP('',(#1782,#1783,#1784,#1785));
#5963=EDGE_LOOP('',(#1786,#1787,#1788,#1789));
#5964=EDGE_LOOP('',(#1790,#1791,#1792,#1793));
#5965=EDGE_LOOP('',(#1794,#1795,#1796,#1797));
#5966=EDGE_LOOP('',(#1798,#1799,#1800,#1801));
#5967=EDGE_LOOP('',(#1802,#1803,#1804,#1805));
#5968=EDGE_LOOP('',(#1806,#1807,#1808,#1809));
#5969=EDGE_LOOP('',(#1810,#1811,#1812,#1813));
#5970=EDGE_LOOP('',(#1814,#1815,#1816,#1817));
#5971=EDGE_LOOP('',(#1818,#1819,#1820,#1821));
#5972=EDGE_LOOP('',(#1822,#1823,#1824,#1825));
#5973=EDGE_LOOP('',(#1826,#1827,#1828,#1829));
#5974=EDGE_LOOP('',(#1830,#1831,#1832,#1833));
#5975=EDGE_LOOP('',(#1834,#1835,#1836,#1837));
#5976=EDGE_LOOP('',(#1838,#1839,#1840,#1841));
#5977=EDGE_LOOP('',(#1842,#1843,#1844,#1845));
#5978=EDGE_LOOP('',(#1846,#1847,#1848,#1849));
#5979=EDGE_LOOP('',(#1850,#1851,#1852,#1853));
#5980=EDGE_LOOP('',(#1854,#1855,#1856,#1857));
#5981=EDGE_LOOP('',(#1858,#1859,#1860,#1861));
#5982=EDGE_LOOP('',(#1862,#1863,#1864,#1865));
#5983=EDGE_LOOP('',(#1866,#1867,#1868,#1869));
#5984=EDGE_LOOP('',(#1870,#1871,#1872,#1873));
#5985=EDGE_LOOP('',(#1874,#1875,#1876,#1877));
#5986=EDGE_LOOP('',(#1878,#1879,#1880,#1881));
#5987=EDGE_LOOP('',(#1882,#1883,#1884,#1885));
#5988=EDGE_LOOP('',(#1886,#1887,#1888,#1889));
#5989=EDGE_LOOP('',(#1890,#1891,#1892,#1893));
#5990=EDGE_LOOP('',(#1894,#1895,#1896,#1897));
#5991=EDGE_LOOP('',(#1898,#1899,#1900,#1901));
#5992=EDGE_LOOP('',(#1902,#1903,#1904,#1905));
#5993=EDGE_LOOP('',(#1906,#1907,#1908,#1909));
#5994=EDGE_LOOP('',(#1910,#1911,#1912,#1913));
#5995=EDGE_LOOP('',(#1914,#1915,#1916,#1917));
#5996=EDGE_LOOP('',(#1918,#1919,#1920,#1921));
#5997=EDGE_LOOP('',(#1922,#1923,#1924,#1925));
#5998=EDGE_LOOP('',(#1926,#1927,#1928,#1929));
#5999=EDGE_LOOP('',(#1930,#1931,#1932,#1933));
#6000=EDGE_LOOP('',(#1934,#1935,#1936,#1937));
#6001=EDGE_LOOP('',(#1938,#1939,#1940,#1941));
#6002=EDGE_LOOP('',(#1942,#1943,#1944,#1945));
#6003=EDGE_LOOP('',(#1946,#1947,#1948,#1949));
#6004=EDGE_LOOP('',(#1950,#1951,#1952,#1953));
#6005=EDGE_LOOP('',(#1954,#1955,#1956,#1957));
#6006=EDGE_LOOP('',(#1958,#1959,#1960,#1961));
#6007=EDGE_LOOP('',(#1962,#1963,#1964,#1965));
#6008=EDGE_LOOP('',(#1966,#1967,#1968,#1969));
#6009=EDGE_LOOP('',(#1970,#1971,#1972,#1973));
#6010=EDGE_LOOP('',(#1974,#1975,#1976,#1977));
#6011=EDGE_LOOP('',(#1978,#1979,#1980,#1981));
#6012=EDGE_LOOP('',(#1982,#1983,#1984,#1985));
#6013=EDGE_LOOP('',(#1986,#1987,#1988,#1989));
#6014=EDGE_LOOP('',(#1990,#1991,#1992,#1993));
#6015=EDGE_LOOP('',(#1994,#1995,#1996,#1997));
#6016=EDGE_LOOP('',(#1998,#1999,#2000,#2001));
#6017=EDGE_LOOP('',(#2002,#2003,#2004,#2005));
#6018=EDGE_LOOP('',(#2006,#2007,#2008,#2009));
#6019=EDGE_LOOP('',(#2010,#2011,#2012,#2013));
#6020=EDGE_LOOP('',(#2014,#2015,#2016,#2017));
#6021=EDGE_LOOP('',(#2018,#2019,#2020,#2021));
#6022=EDGE_LOOP('',(#2022,#2023,#2024,#2025));
#6023=EDGE_LOOP('',(#2026,#2027,#2028,#2029));
#6024=EDGE_LOOP('',(#2030,#2031,#2032,#2033));
#6025=EDGE_LOOP('',(#2034,#2035,#2036,#2037));
#6026=EDGE_LOOP('',(#2038,#2039,#2040,#2041));
#6027=EDGE_LOOP('',(#2042,#2043,#2044,#2045));
#6028=EDGE_LOOP('',(#2046,#2047,#2048,#2049));
#6029=EDGE_LOOP('',(#2050,#2051,#2052,#2053));
#6030=EDGE_LOOP('',(#2054,#2055,#2056,#2057));
#6031=EDGE_LOOP('',(#2058,#2059,#2060,#2061));
#6032=EDGE_LOOP('',(#2062,#2063,#2064,#2065));
#6033=EDGE_LOOP('',(#2066,#2067,#2068,#2069));
#6034=EDGE_LOOP('',(#2070,#2071,#2072,#2073));
#6035=EDGE_LOOP('',(#2074,#2075,#2076,#2077));
#6036=EDGE_LOOP('',(#2078,#2079,#2080,#2081));
#6037=EDGE_LOOP('',(#2082,#2083,#2084,#2085));
#6038=EDGE_LOOP('',(#2086,#2087,#2088,#2089));
#6039=EDGE_LOOP('',(#2090,#2091,#2092,#2093));
#6040=EDGE_LOOP('',(#2094,#2095,#2096,#2097));
#6041=EDGE_LOOP('',(#2098,#2099,#2100,#2101));
#6042=EDGE_LOOP('',(#2102,#2103,#2104,#2105));
#6043=EDGE_LOOP('',(#2106,#2107,#2108,#2109));
#6044=EDGE_LOOP('',(#2110,#2111,#2112,#2113));
#6045=EDGE_LOOP('',(#2114,#2115,#2116,#2117));
#6046=EDGE_LOOP('',(#2118,#2119,#2120,#2121));
#6047=EDGE_LOOP('',(#2122,#2123,#2124,#2125));
#6048=EDGE_LOOP('',(#2126,#2127,#2128,#2129));
#6049=EDGE_LOOP('',(#2130,#2131,#2132,#2133));
#6050=EDGE_LOOP('',(#2134,#2135,#2136,#2137));
#6051=EDGE_LOOP('',(#2138,#2139,#2140,#2141));
#6052=EDGE_LOOP('',(#2142,#2143,#2144,#2145));
#6053=EDGE_LOOP('',(#2146,#2147,#2148,#2149));
#6054=EDGE_LOOP('',(#2150,#2151,#2152,#2153));
#6055=EDGE_LOOP('',(#2154,#2155,#2156,#2157));
#6056=EDGE_LOOP('',(#2158,#2159,#2160,#2161));
#6057=EDGE_LOOP('',(#2162,#2163,#2164,#2165));
#6058=EDGE_LOOP('',(#2166,#2167,#2168,#2169));
#6059=EDGE_LOOP('',(#2170,#2171,#2172,#2173));
#6060=EDGE_LOOP('',(#2174,#2175,#2176,#2177));
#6061=EDGE_LOOP('',(#2178,#2179,#2180,#2181));
#6062=EDGE_LOOP('',(#2182,#2183,#2184,#2185));
#6063=EDGE_LOOP('',(#2186,#2187,#2188,#2189));
#6064=EDGE_LOOP('',(#2190,#2191,#2192,#2193));
#6065=EDGE_LOOP('',(#2194,#2195,#2196,#2197));
#6066=EDGE_LOOP('',(#2198,#2199,#2200,#2201));
#6067=EDGE_LOOP('',(#2202,#2203,#2204,#2205));
#6068=EDGE_LOOP('',(#2206,#2207,#2208,#2209));
#6069=EDGE_LOOP('',(#2210,#2211,#2212,#2213));
#6070=EDGE_LOOP('',(#2214,#2215,#2216,#2217));
#6071=EDGE_LOOP('',(#2218,#2219,#2220,#2221));
#6072=EDGE_LOOP('',(#2222,#2223,#2224,#2225));
#6073=EDGE_LOOP('',(#2226,#2227,#2228,#2229));
#6074=EDGE_LOOP('',(#2230,#2231,#2232,#2233));
#6075=EDGE_LOOP('',(#2234,#2235,#2236,#2237));
#6076=EDGE_LOOP('',(#2238,#2239,#2240,#2241));
#6077=EDGE_LOOP('',(#2242,#2243,#2244,#2245));
#6078=EDGE_LOOP('',(#2246,#2247,#2248,#2249));
#6079=EDGE_LOOP('',(#2250,#2251,#2252,#2253));
#6080=EDGE_LOOP('',(#2254,#2255,#2256,#2257));
#6081=EDGE_LOOP('',(#2258,#2259,#2260,#2261));
#6082=EDGE_LOOP('',(#2262,#2263,#2264,#2265));
#6083=EDGE_LOOP('',(#2266,#2267,#2268,#2269));
#6084=EDGE_LOOP('',(#2270,#2271,#2272,#2273));
#6085=EDGE_LOOP('',(#2274,#2275,#2276,#2277));
#6086=EDGE_LOOP('',(#2278,#2279,#2280,#2281));
#6087=EDGE_LOOP('',(#2282,#2283,#2284,#2285));
#6088=EDGE_LOOP('',(#2286,#2287,#2288,#2289));
#6089=EDGE_LOOP('',(#2290,#2291,#2292,#2293));
#6090=EDGE_LOOP('',(#2294,#2295,#2296,#2297));
#6091=EDGE_LOOP('',(#2298,#2299,#2300,#2301));
#6092=EDGE_LOOP('',(#2302,#2303,#2304,#2305));
#6093=EDGE_LOOP('',(#2306,#2307,#2308,#2309));
#6094=EDGE_LOOP('',(#2310,#2311,#2312,#2313));
#6095=EDGE_LOOP('',(#2314,#2315,#2316,#2317));
#6096=EDGE_LOOP('',(#2318,#2319,#2320,#2321));
#6097=EDGE_LOOP('',(#2322,#2323,#2324,#2325));
#6098=EDGE_LOOP('',(#2326,#2327,#2328,#2329));
#6099=EDGE_LOOP('',(#2330,#2331,#2332,#2333));
#6100=EDGE_LOOP('',(#2334,#2335,#2336,#2337));
#6101=EDGE_LOOP('',(#2338,#2339,#2340,#2341));
#6102=EDGE_LOOP('',(#2342,#2343,#2344,#2345));
#6103=EDGE_LOOP('',(#2346,#2347,#2348,#2349));
#6104=EDGE_LOOP('',(#2350,#2351,#2352,#2353));
#6105=EDGE_LOOP('',(#2354,#2355,#2356,#2357));
#6106=EDGE_LOOP('',(#2358,#2359,#2360,#2361));
#6107=EDGE_LOOP('',(#2362,#2363,#2364,#2365));
#6108=EDGE_LOOP('',(#2366,#2367,#2368,#2369));
#6109=EDGE_LOOP('',(#2370,#2371,#2372,#2373));
#6110=EDGE_LOOP('',(#2374,#2375,#2376,#2377));
#6111=EDGE_LOOP('',(#2378,#2379,#2380,#2381));
#6112=EDGE_LOOP('',(#2382));
#6113=EDGE_LOOP('',(#2383));
#6114=EDGE_LOOP('',(#2384));
#6115=EDGE_LOOP('',(#2385));
#6116=EDGE_LOOP('',(#2386));
#6117=EDGE_LOOP('',(#2387));
#6118=EDGE_LOOP('',(#2388));
#6119=EDGE_LOOP('',(#2389));
#6120=EDGE_LOOP('',(#2390));
#6121=EDGE_LOOP('',(#2391));
#6122=EDGE_LOOP('',(#2392));
#6123=EDGE_LOOP('',(#2393));
#6124=EDGE_LOOP('',(#2394,#2395,#2396,#2397));
#6125=EDGE_LOOP('',(#2398,#2399,#2400,#2401));
#6126=EDGE_LOOP('',(#2402,#2403,#2404,#2405));
#6127=EDGE_LOOP('',(#2406,#2407,#2408,#2409));
#6128=EDGE_LOOP('',(#2410,#2411,#2412,#2413));
#6129=EDGE_LOOP('',(#2414,#2415,#2416,#2417));
#6130=EDGE_LOOP('',(#2418,#2419,#2420,#2421));
#6131=EDGE_LOOP('',(#2422,#2423,#2424,#2425));
#6132=EDGE_LOOP('',(#2426,#2427,#2428,#2429));
#6133=EDGE_LOOP('',(#2430,#2431,#2432,#2433));
#6134=EDGE_LOOP('',(#2434,#2435,#2436,#2437));
#6135=EDGE_LOOP('',(#2438,#2439,#2440,#2441));
#6136=EDGE_LOOP('',(#2442,#2443,#2444,#2445));
#6137=EDGE_LOOP('',(#2446,#2447,#2448,#2449));
#6138=EDGE_LOOP('',(#2450,#2451,#2452,#2453));
#6139=EDGE_LOOP('',(#2454,#2455,#2456,#2457));
#6140=EDGE_LOOP('',(#2458,#2459,#2460,#2461));
#6141=EDGE_LOOP('',(#2462,#2463,#2464,#2465));
#6142=EDGE_LOOP('',(#2466,#2467,#2468,#2469));
#6143=EDGE_LOOP('',(#2470,#2471,#2472,#2473));
#6144=EDGE_LOOP('',(#2474,#2475,#2476,#2477));
#6145=EDGE_LOOP('',(#2478,#2479,#2480,#2481));
#6146=EDGE_LOOP('',(#2482,#2483,#2484,#2485));
#6147=EDGE_LOOP('',(#2486,#2487,#2488,#2489));
#6148=EDGE_LOOP('',(#2490,#2491,#2492,#2493));
#6149=EDGE_LOOP('',(#2494,#2495,#2496,#2497));
#6150=EDGE_LOOP('',(#2498,#2499,#2500,#2501));
#6151=EDGE_LOOP('',(#2502,#2503,#2504,#2505));
#6152=EDGE_LOOP('',(#2506,#2507,#2508,#2509));
#6153=EDGE_LOOP('',(#2510,#2511,#2512,#2513));
#6154=EDGE_LOOP('',(#2514,#2515,#2516,#2517));
#6155=EDGE_LOOP('',(#2518,#2519,#2520,#2521));
#6156=EDGE_LOOP('',(#2522,#2523,#2524,#2525));
#6157=EDGE_LOOP('',(#2526,#2527,#2528,#2529));
#6158=EDGE_LOOP('',(#2530,#2531,#2532,#2533));
#6159=EDGE_LOOP('',(#2534,#2535,#2536,#2537));
#6160=EDGE_LOOP('',(#2538,#2539,#2540,#2541));
#6161=EDGE_LOOP('',(#2542,#2543,#2544,#2545));
#6162=EDGE_LOOP('',(#2546,#2547,#2548,#2549));
#6163=EDGE_LOOP('',(#2550,#2551,#2552,#2553));
#6164=EDGE_LOOP('',(#2554,#2555,#2556,#2557,#2558,#2559));
#6165=EDGE_LOOP('',(#2560,#2561,#2562,#2563));
#6166=EDGE_LOOP('',(#2564,#2565,#2566,#2567));
#6167=EDGE_LOOP('',(#2568,#2569,#2570,#2571,#2572,#2573));
#6168=EDGE_LOOP('',(#2574,#2575,#2576,#2577));
#6169=EDGE_LOOP('',(#2578,#2579,#2580,#2581));
#6170=EDGE_LOOP('',(#2582,#2583,#2584,#2585));
#6171=EDGE_LOOP('',(#2586,#2587,#2588,#2589));
#6172=EDGE_LOOP('',(#2590,#2591,#2592,#2593));
#6173=EDGE_LOOP('',(#2594,#2595,#2596,#2597));
#6174=FACE_BOUND('',#5728,.T.);
#6175=FACE_BOUND('',#5729,.T.);
#6176=FACE_BOUND('',#5730,.T.);
#6177=FACE_BOUND('',#5731,.T.);
#6178=FACE_BOUND('',#5732,.T.);
#6179=FACE_BOUND('',#5733,.T.);
#6180=FACE_BOUND('',#5734,.T.);
#6181=FACE_BOUND('',#5735,.T.);
#6182=FACE_BOUND('',#5736,.T.);
#6183=FACE_BOUND('',#5737,.T.);
#6184=FACE_BOUND('',#5738,.T.);
#6185=FACE_BOUND('',#5739,.T.);
#6186=FACE_BOUND('',#5740,.T.);
#6187=FACE_BOUND('',#5741,.T.);
#6188=FACE_BOUND('',#5742,.T.);
#6189=FACE_BOUND('',#5743,.T.);
#6190=FACE_BOUND('',#5744,.T.);
#6191=FACE_BOUND('',#5745,.T.);
#6192=FACE_BOUND('',#5746,.T.);
#6193=FACE_BOUND('',#5747,.T.);
#6194=FACE_BOUND('',#5748,.T.);
#6195=FACE_BOUND('',#5749,.T.);
#6196=FACE_BOUND('',#5750,.T.);
#6197=FACE_BOUND('',#5751,.T.);
#6198=FACE_BOUND('',#5752,.T.);
#6199=FACE_BOUND('',#5753,.T.);
#6200=FACE_BOUND('',#5754,.T.);
#6201=FACE_BOUND('',#5755,.T.);
#6202=FACE_BOUND('',#5756,.T.);
#6203=FACE_BOUND('',#5757,.T.);
#6204=FACE_BOUND('',#5758,.T.);
#6205=FACE_BOUND('',#5759,.T.);
#6206=FACE_BOUND('',#5760,.T.);
#6207=FACE_BOUND('',#5761,.T.);
#6208=FACE_BOUND('',#5762,.T.);
#6209=FACE_BOUND('',#5763,.T.);
#6210=FACE_BOUND('',#5764,.T.);
#6211=FACE_BOUND('',#5765,.T.);
#6212=FACE_BOUND('',#5766,.T.);
#6213=FACE_BOUND('',#5767,.T.);
#6214=FACE_BOUND('',#5768,.T.);
#6215=FACE_BOUND('',#5769,.T.);
#6216=FACE_BOUND('',#5770,.T.);
#6217=FACE_BOUND('',#5771,.T.);
#6218=FACE_BOUND('',#5772,.T.);
#6219=FACE_BOUND('',#5773,.T.);
#6220=FACE_BOUND('',#5774,.T.);
#6221=FACE_BOUND('',#5775,.T.);
#6222=FACE_BOUND('',#5776,.T.);
#6223=FACE_BOUND('',#5777,.T.);
#6224=FACE_BOUND('',#5778,.T.);
#6225=FACE_BOUND('',#5779,.T.);
#6226=FACE_BOUND('',#5780,.T.);
#6227=FACE_BOUND('',#5781,.T.);
#6228=FACE_BOUND('',#5782,.T.);
#6229=FACE_BOUND('',#5783,.T.);
#6230=FACE_BOUND('',#5784,.T.);
#6231=FACE_BOUND('',#5785,.T.);
#6232=FACE_BOUND('',#5786,.T.);
#6233=FACE_BOUND('',#5787,.T.);
#6234=FACE_BOUND('',#5788,.T.);
#6235=FACE_BOUND('',#5789,.T.);
#6236=FACE_BOUND('',#5790,.T.);
#6237=FACE_BOUND('',#5791,.T.);
#6238=FACE_BOUND('',#5792,.T.);
#6239=FACE_BOUND('',#5793,.T.);
#6240=FACE_BOUND('',#5794,.T.);
#6241=FACE_BOUND('',#5795,.T.);
#6242=FACE_BOUND('',#5796,.T.);
#6243=FACE_BOUND('',#5797,.T.);
#6244=FACE_BOUND('',#5798,.T.);
#6245=FACE_BOUND('',#5799,.T.);
#6246=FACE_BOUND('',#5800,.T.);
#6247=FACE_BOUND('',#5801,.T.);
#6248=FACE_BOUND('',#5802,.T.);
#6249=FACE_BOUND('',#5803,.T.);
#6250=FACE_BOUND('',#5804,.T.);
#6251=FACE_BOUND('',#5805,.T.);
#6252=FACE_BOUND('',#5806,.T.);
#6253=FACE_BOUND('',#5807,.T.);
#6254=FACE_BOUND('',#5808,.T.);
#6255=FACE_BOUND('',#5809,.T.);
#6256=FACE_BOUND('',#5810,.T.);
#6257=FACE_BOUND('',#5811,.T.);
#6258=FACE_BOUND('',#5812,.T.);
#6259=FACE_BOUND('',#5813,.T.);
#6260=FACE_BOUND('',#5814,.T.);
#6261=FACE_BOUND('',#5815,.T.);
#6262=FACE_BOUND('',#5816,.T.);
#6263=FACE_BOUND('',#5817,.T.);
#6264=FACE_BOUND('',#5818,.T.);
#6265=FACE_BOUND('',#5819,.T.);
#6266=FACE_BOUND('',#5820,.T.);
#6267=FACE_BOUND('',#5821,.T.);
#6268=FACE_BOUND('',#5822,.T.);
#6269=FACE_BOUND('',#5823,.T.);
#6270=FACE_BOUND('',#5824,.T.);
#6271=FACE_BOUND('',#5825,.T.);
#6272=FACE_BOUND('',#5826,.T.);
#6273=FACE_BOUND('',#5827,.T.);
#6274=FACE_BOUND('',#5828,.T.);
#6275=FACE_BOUND('',#5829,.T.);
#6276=FACE_BOUND('',#5830,.T.);
#6277=FACE_BOUND('',#5831,.T.);
#6278=FACE_BOUND('',#5832,.T.);
#6279=FACE_BOUND('',#5833,.T.);
#6280=FACE_BOUND('',#5834,.T.);
#6281=FACE_BOUND('',#5835,.T.);
#6282=FACE_BOUND('',#5836,.T.);
#6283=FACE_BOUND('',#5837,.T.);
#6284=FACE_BOUND('',#5838,.T.);
#6285=FACE_BOUND('',#5839,.T.);
#6286=FACE_BOUND('',#5840,.T.);
#6287=FACE_BOUND('',#5841,.T.);
#6288=FACE_BOUND('',#5842,.T.);
#6289=FACE_BOUND('',#5843,.T.);
#6290=FACE_BOUND('',#5844,.T.);
#6291=FACE_BOUND('',#5845,.T.);
#6292=FACE_BOUND('',#5846,.T.);
#6293=FACE_BOUND('',#5847,.T.);
#6294=FACE_BOUND('',#5848,.T.);
#6295=FACE_BOUND('',#5849,.T.);
#6296=FACE_BOUND('',#5850,.T.);
#6297=FACE_BOUND('',#5851,.T.);
#6298=FACE_BOUND('',#5852,.T.);
#6299=FACE_BOUND('',#5853,.T.);
#6300=FACE_BOUND('',#5854,.T.);
#6301=FACE_BOUND('',#5855,.T.);
#6302=FACE_BOUND('',#5856,.T.);
#6303=FACE_BOUND('',#5857,.T.);
#6304=FACE_BOUND('',#5858,.T.);
#6305=FACE_BOUND('',#5859,.T.);
#6306=FACE_BOUND('',#5860,.T.);
#6307=FACE_BOUND('',#5861,.T.);
#6308=FACE_BOUND('',#5862,.T.);
#6309=FACE_BOUND('',#5863,.T.);
#6310=FACE_BOUND('',#5864,.T.);
#6311=FACE_BOUND('',#5865,.T.);
#6312=FACE_BOUND('',#5866,.T.);
#6313=FACE_BOUND('',#5867,.T.);
#6314=FACE_BOUND('',#5868,.T.);
#6315=FACE_BOUND('',#5869,.T.);
#6316=FACE_BOUND('',#5870,.T.);
#6317=FACE_BOUND('',#5871,.T.);
#6318=FACE_BOUND('',#5872,.T.);
#6319=FACE_BOUND('',#5873,.T.);
#6320=FACE_BOUND('',#5874,.T.);
#6321=FACE_BOUND('',#5875,.T.);
#6322=FACE_BOUND('',#5876,.T.);
#6323=FACE_BOUND('',#5877,.T.);
#6324=FACE_BOUND('',#5878,.T.);
#6325=FACE_BOUND('',#5879,.T.);
#6326=FACE_BOUND('',#5880,.T.);
#6327=FACE_BOUND('',#5881,.T.);
#6328=FACE_BOUND('',#5882,.T.);
#6329=FACE_BOUND('',#5883,.T.);
#6330=FACE_BOUND('',#5884,.T.);
#6331=FACE_BOUND('',#5885,.T.);
#6332=FACE_BOUND('',#5886,.T.);
#6333=FACE_BOUND('',#5887,.T.);
#6334=FACE_BOUND('',#5888,.T.);
#6335=FACE_BOUND('',#5889,.T.);
#6336=FACE_BOUND('',#5890,.T.);
#6337=FACE_BOUND('',#5891,.T.);
#6338=FACE_BOUND('',#5892,.T.);
#6339=FACE_BOUND('',#5893,.T.);
#6340=FACE_BOUND('',#5894,.T.);
#6341=FACE_BOUND('',#5895,.T.);
#6342=FACE_BOUND('',#5896,.T.);
#6343=FACE_BOUND('',#5897,.T.);
#6344=FACE_BOUND('',#5898,.T.);
#6345=FACE_BOUND('',#5899,.T.);
#6346=FACE_BOUND('',#5900,.T.);
#6347=FACE_BOUND('',#5901,.T.);
#6348=FACE_BOUND('',#5902,.T.);
#6349=FACE_BOUND('',#5903,.T.);
#6350=FACE_BOUND('',#5904,.T.);
#6351=FACE_BOUND('',#5905,.T.);
#6352=FACE_BOUND('',#5906,.T.);
#6353=FACE_BOUND('',#5907,.T.);
#6354=FACE_BOUND('',#5908,.T.);
#6355=FACE_BOUND('',#5909,.T.);
#6356=FACE_BOUND('',#5910,.T.);
#6357=FACE_BOUND('',#5911,.T.);
#6358=FACE_BOUND('',#5912,.T.);
#6359=FACE_BOUND('',#5913,.T.);
#6360=FACE_BOUND('',#5914,.T.);
#6361=FACE_BOUND('',#5915,.T.);
#6362=FACE_BOUND('',#5916,.T.);
#6363=FACE_BOUND('',#5917,.T.);
#6364=FACE_BOUND('',#5918,.T.);
#6365=FACE_BOUND('',#5919,.T.);
#6366=FACE_BOUND('',#5920,.T.);
#6367=FACE_BOUND('',#5921,.T.);
#6368=FACE_BOUND('',#5922,.T.);
#6369=FACE_BOUND('',#5923,.T.);
#6370=FACE_BOUND('',#5924,.T.);
#6371=FACE_BOUND('',#5925,.T.);
#6372=FACE_BOUND('',#5926,.T.);
#6373=FACE_BOUND('',#5927,.T.);
#6374=FACE_BOUND('',#5928,.T.);
#6375=FACE_BOUND('',#5929,.T.);
#6376=FACE_BOUND('',#5930,.T.);
#6377=FACE_BOUND('',#5931,.T.);
#6378=FACE_BOUND('',#5932,.T.);
#6379=FACE_BOUND('',#5933,.T.);
#6380=FACE_BOUND('',#5934,.T.);
#6381=FACE_BOUND('',#5935,.T.);
#6382=FACE_BOUND('',#5936,.T.);
#6383=FACE_BOUND('',#5937,.T.);
#6384=FACE_BOUND('',#5938,.T.);
#6385=FACE_BOUND('',#5939,.T.);
#6386=FACE_BOUND('',#5940,.T.);
#6387=FACE_BOUND('',#5941,.T.);
#6388=FACE_BOUND('',#5942,.T.);
#6389=FACE_BOUND('',#5943,.T.);
#6390=FACE_BOUND('',#5944,.T.);
#6391=FACE_BOUND('',#5945,.T.);
#6392=FACE_BOUND('',#5946,.T.);
#6393=FACE_BOUND('',#5947,.T.);
#6394=FACE_BOUND('',#5948,.T.);
#6395=FACE_BOUND('',#5949,.T.);
#6396=FACE_BOUND('',#5950,.T.);
#6397=FACE_BOUND('',#5951,.T.);
#6398=FACE_BOUND('',#5952,.T.);
#6399=FACE_BOUND('',#5953,.T.);
#6400=FACE_BOUND('',#5954,.T.);
#6401=FACE_BOUND('',#5955,.T.);
#6402=FACE_BOUND('',#5956,.T.);
#6403=FACE_BOUND('',#5957,.T.);
#6404=FACE_BOUND('',#5958,.T.);
#6405=FACE_BOUND('',#5959,.T.);
#6406=FACE_BOUND('',#5960,.T.);
#6407=FACE_BOUND('',#5961,.T.);
#6408=FACE_BOUND('',#5962,.T.);
#6409=FACE_BOUND('',#5963,.T.);
#6410=FACE_BOUND('',#5964,.T.);
#6411=FACE_BOUND('',#5965,.T.);
#6412=FACE_BOUND('',#5966,.T.);
#6413=FACE_BOUND('',#5967,.T.);
#6414=FACE_BOUND('',#5968,.T.);
#6415=FACE_BOUND('',#5969,.T.);
#6416=FACE_BOUND('',#5970,.T.);
#6417=FACE_BOUND('',#5971,.T.);
#6418=FACE_BOUND('',#5972,.T.);
#6419=FACE_BOUND('',#5973,.T.);
#6420=FACE_BOUND('',#5974,.T.);
#6421=FACE_BOUND('',#5975,.T.);
#6422=FACE_BOUND('',#5976,.T.);
#6423=FACE_BOUND('',#5977,.T.);
#6424=FACE_BOUND('',#5978,.T.);
#6425=FACE_BOUND('',#5979,.T.);
#6426=FACE_BOUND('',#5980,.T.);
#6427=FACE_BOUND('',#5981,.T.);
#6428=FACE_BOUND('',#5982,.T.);
#6429=FACE_BOUND('',#5983,.T.);
#6430=FACE_BOUND('',#5984,.T.);
#6431=FACE_BOUND('',#5985,.T.);
#6432=FACE_BOUND('',#5986,.T.);
#6433=FACE_BOUND('',#5987,.T.);
#6434=FACE_BOUND('',#5988,.T.);
#6435=FACE_BOUND('',#5989,.T.);
#6436=FACE_BOUND('',#5990,.T.);
#6437=FACE_BOUND('',#5991,.T.);
#6438=FACE_BOUND('',#5992,.T.);
#6439=FACE_BOUND('',#5993,.T.);
#6440=FACE_BOUND('',#5994,.T.);
#6441=FACE_BOUND('',#5995,.T.);
#6442=FACE_BOUND('',#5996,.T.);
#6443=FACE_BOUND('',#5997,.T.);
#6444=FACE_BOUND('',#5998,.T.);
#6445=FACE_BOUND('',#5999,.T.);
#6446=FACE_BOUND('',#6000,.T.);
#6447=FACE_BOUND('',#6001,.T.);
#6448=FACE_BOUND('',#6002,.T.);
#6449=FACE_BOUND('',#6003,.T.);
#6450=FACE_BOUND('',#6004,.T.);
#6451=FACE_BOUND('',#6005,.T.);
#6452=FACE_BOUND('',#6006,.T.);
#6453=FACE_BOUND('',#6007,.T.);
#6454=FACE_BOUND('',#6008,.T.);
#6455=FACE_BOUND('',#6009,.T.);
#6456=FACE_BOUND('',#6010,.T.);
#6457=FACE_BOUND('',#6011,.T.);
#6458=FACE_BOUND('',#6012,.T.);
#6459=FACE_BOUND('',#6013,.T.);
#6460=FACE_BOUND('',#6014,.T.);
#6461=FACE_BOUND('',#6015,.T.);
#6462=FACE_BOUND('',#6016,.T.);
#6463=FACE_BOUND('',#6017,.T.);
#6464=FACE_BOUND('',#6018,.T.);
#6465=FACE_BOUND('',#6019,.T.);
#6466=FACE_BOUND('',#6020,.T.);
#6467=FACE_BOUND('',#6021,.T.);
#6468=FACE_BOUND('',#6022,.T.);
#6469=FACE_BOUND('',#6023,.T.);
#6470=FACE_BOUND('',#6024,.T.);
#6471=FACE_BOUND('',#6025,.T.);
#6472=FACE_BOUND('',#6026,.T.);
#6473=FACE_BOUND('',#6027,.T.);
#6474=FACE_BOUND('',#6028,.T.);
#6475=FACE_BOUND('',#6029,.T.);
#6476=FACE_BOUND('',#6030,.T.);
#6477=FACE_BOUND('',#6031,.T.);
#6478=FACE_BOUND('',#6032,.T.);
#6479=FACE_BOUND('',#6033,.T.);
#6480=FACE_BOUND('',#6034,.T.);
#6481=FACE_BOUND('',#6035,.T.);
#6482=FACE_BOUND('',#6036,.T.);
#6483=FACE_BOUND('',#6037,.T.);
#6484=FACE_BOUND('',#6038,.T.);
#6485=FACE_BOUND('',#6039,.T.);
#6486=FACE_BOUND('',#6040,.T.);
#6487=FACE_BOUND('',#6041,.T.);
#6488=FACE_BOUND('',#6042,.T.);
#6489=FACE_BOUND('',#6043,.T.);
#6490=FACE_BOUND('',#6044,.T.);
#6491=FACE_BOUND('',#6045,.T.);
#6492=FACE_BOUND('',#6046,.T.);
#6493=FACE_BOUND('',#6047,.T.);
#6494=FACE_BOUND('',#6048,.T.);
#6495=FACE_BOUND('',#6049,.T.);
#6496=FACE_BOUND('',#6050,.T.);
#6497=FACE_BOUND('',#6051,.T.);
#6498=FACE_BOUND('',#6052,.T.);
#6499=FACE_BOUND('',#6053,.T.);
#6500=FACE_BOUND('',#6054,.T.);
#6501=FACE_BOUND('',#6055,.T.);
#6502=FACE_BOUND('',#6056,.T.);
#6503=FACE_BOUND('',#6057,.T.);
#6504=FACE_BOUND('',#6058,.T.);
#6505=FACE_BOUND('',#6059,.T.);
#6506=FACE_BOUND('',#6060,.T.);
#6507=FACE_BOUND('',#6061,.T.);
#6508=FACE_BOUND('',#6062,.T.);
#6509=FACE_BOUND('',#6063,.T.);
#6510=FACE_BOUND('',#6064,.T.);
#6511=FACE_BOUND('',#6065,.T.);
#6512=FACE_BOUND('',#6066,.T.);
#6513=FACE_BOUND('',#6067,.T.);
#6514=FACE_BOUND('',#6068,.T.);
#6515=FACE_BOUND('',#6069,.T.);
#6516=FACE_BOUND('',#6070,.T.);
#6517=FACE_BOUND('',#6071,.T.);
#6518=FACE_BOUND('',#6072,.T.);
#6519=FACE_BOUND('',#6073,.T.);
#6520=FACE_BOUND('',#6074,.T.);
#6521=FACE_BOUND('',#6075,.T.);
#6522=FACE_BOUND('',#6076,.T.);
#6523=FACE_BOUND('',#6077,.T.);
#6524=FACE_BOUND('',#6078,.T.);
#6525=FACE_BOUND('',#6079,.T.);
#6526=FACE_BOUND('',#6080,.T.);
#6527=FACE_BOUND('',#6081,.T.);
#6528=FACE_BOUND('',#6082,.T.);
#6529=FACE_BOUND('',#6083,.T.);
#6530=FACE_BOUND('',#6084,.T.);
#6531=FACE_BOUND('',#6085,.T.);
#6532=FACE_BOUND('',#6086,.T.);
#6533=FACE_BOUND('',#6087,.T.);
#6534=FACE_BOUND('',#6088,.T.);
#6535=FACE_BOUND('',#6089,.T.);
#6536=FACE_BOUND('',#6090,.T.);
#6537=FACE_BOUND('',#6091,.T.);
#6538=FACE_BOUND('',#6092,.T.);
#6539=FACE_BOUND('',#6093,.T.);
#6540=FACE_BOUND('',#6094,.T.);
#6541=FACE_BOUND('',#6095,.T.);
#6542=FACE_BOUND('',#6096,.T.);
#6543=FACE_BOUND('',#6097,.T.);
#6544=FACE_BOUND('',#6098,.T.);
#6545=FACE_BOUND('',#6099,.T.);
#6546=FACE_BOUND('',#6100,.T.);
#6547=FACE_BOUND('',#6101,.T.);
#6548=FACE_BOUND('',#6102,.T.);
#6549=FACE_BOUND('',#6103,.T.);
#6550=FACE_BOUND('',#6104,.T.);
#6551=FACE_BOUND('',#6105,.T.);
#6552=FACE_BOUND('',#6106,.T.);
#6553=FACE_BOUND('',#6107,.T.);
#6554=FACE_BOUND('',#6108,.T.);
#6555=FACE_BOUND('',#6109,.T.);
#6556=FACE_BOUND('',#6110,.T.);
#6557=FACE_BOUND('',#6111,.T.);
#6558=FACE_BOUND('',#6112,.T.);
#6559=FACE_BOUND('',#6113,.T.);
#6560=FACE_BOUND('',#6114,.T.);
#6561=FACE_BOUND('',#6115,.T.);
#6562=FACE_BOUND('',#6116,.T.);
#6563=FACE_BOUND('',#6117,.T.);
#6564=FACE_BOUND('',#6118,.T.);
#6565=FACE_BOUND('',#6119,.T.);
#6566=FACE_BOUND('',#6120,.T.);
#6567=FACE_BOUND('',#6121,.T.);
#6568=FACE_BOUND('',#6122,.T.);
#6569=FACE_BOUND('',#6123,.T.);
#6570=FACE_BOUND('',#6124,.T.);
#6571=FACE_BOUND('',#6125,.T.);
#6572=FACE_BOUND('',#6126,.T.);
#6573=FACE_BOUND('',#6127,.T.);
#6574=FACE_BOUND('',#6128,.T.);
#6575=FACE_BOUND('',#6129,.T.);
#6576=FACE_BOUND('',#6130,.T.);
#6577=FACE_BOUND('',#6131,.T.);
#6578=FACE_BOUND('',#6132,.T.);
#6579=FACE_BOUND('',#6133,.T.);
#6580=FACE_BOUND('',#6134,.T.);
#6581=FACE_BOUND('',#6135,.T.);
#6582=FACE_BOUND('',#6136,.T.);
#6583=FACE_BOUND('',#6137,.T.);
#6584=FACE_BOUND('',#6138,.T.);
#6585=FACE_BOUND('',#6139,.T.);
#6586=FACE_BOUND('',#6140,.T.);
#6587=FACE_BOUND('',#6141,.T.);
#6588=FACE_BOUND('',#6142,.T.);
#6589=FACE_BOUND('',#6143,.T.);
#6590=FACE_BOUND('',#6144,.T.);
#6591=FACE_BOUND('',#6145,.T.);
#6592=FACE_BOUND('',#6146,.T.);
#6593=FACE_BOUND('',#6147,.T.);
#6594=FACE_BOUND('',#6148,.T.);
#6595=FACE_BOUND('',#6149,.T.);
#6596=FACE_BOUND('',#6150,.T.);
#6597=FACE_BOUND('',#6151,.T.);
#6598=FACE_BOUND('',#6152,.T.);
#6599=FACE_BOUND('',#6153,.T.);
#6600=FACE_BOUND('',#6154,.T.);
#6601=FACE_BOUND('',#6155,.T.);
#6602=FACE_BOUND('',#6156,.T.);
#6603=FACE_BOUND('',#6157,.T.);
#6604=FACE_BOUND('',#6158,.T.);
#6605=FACE_BOUND('',#6159,.T.);
#6606=FACE_BOUND('',#6160,.T.);
#6607=FACE_BOUND('',#6161,.T.);
#6608=FACE_BOUND('',#6162,.T.);
#6609=FACE_BOUND('',#6163,.T.);
#6610=FACE_BOUND('',#6164,.T.);
#6611=FACE_BOUND('',#6165,.T.);
#6612=FACE_BOUND('',#6166,.T.);
#6613=FACE_BOUND('',#6167,.T.);
#6614=FACE_BOUND('',#6168,.T.);
#6615=FACE_BOUND('',#6169,.T.);
#6616=FACE_BOUND('',#6170,.T.);
#6617=FACE_BOUND('',#6171,.T.);
#6618=FACE_BOUND('',#6172,.T.);
#6619=FACE_BOUND('',#6173,.T.);
#6620=PLANE('',#7163);
#6621=PLANE('',#7164);
#6622=PLANE('',#7335);
#6623=PLANE('',#7336);
#6624=PLANE('',#7337);
#6625=PLANE('',#7338);
#6626=PLANE('',#7339);
#6627=PLANE('',#7340);
#6628=PLANE('',#7341);
#6629=PLANE('',#7342);
#6630=PLANE('',#7514);
#6631=PLANE('',#7516);
#6632=PLANE('',#7518);
#6633=PLANE('',#7520);
#6634=PLANE('',#7523);
#6635=PLANE('',#7525);
#6636=PLANE('',#7527);
#6637=PLANE('',#7530);
#6638=PLANE('',#7532);
#6639=PLANE('',#7534);
#6640=PLANE('',#7537);
#6641=PLANE('',#7539);
#6642=PLANE('',#7541);
#6643=PLANE('',#7544);
#6644=PLANE('',#7546);
#6645=PLANE('',#7548);
#6646=PLANE('',#7551);
#6647=PLANE('',#7553);
#6648=PLANE('',#7555);
#6649=PLANE('',#7558);
#6650=PLANE('',#7560);
#6651=PLANE('',#7562);
#6652=PLANE('',#7565);
#6653=PLANE('',#7567);
#6654=PLANE('',#7569);
#6655=PLANE('',#7572);
#6656=PLANE('',#7575);
#6657=PLANE('',#7577);
#6658=PLANE('',#7579);
#6659=PLANE('',#7582);
#6660=PLANE('',#7584);
#6661=PLANE('',#7586);
#6662=PLANE('',#7589);
#6663=PLANE('',#7591);
#6664=PLANE('',#7593);
#6665=PLANE('',#7596);
#6666=PLANE('',#7598);
#6667=PLANE('',#7600);
#6668=PLANE('',#7603);
#6669=PLANE('',#7605);
#6670=PLANE('',#7607);
#6671=PLANE('',#7610);
#6672=PLANE('',#7612);
#6673=PLANE('',#7614);
#6674=PLANE('',#7617);
#6675=PLANE('',#7619);
#6676=PLANE('',#7621);
#6677=PLANE('',#7624);
#6678=PLANE('',#7626);
#6679=PLANE('',#7628);
#6680=PLANE('',#7631);
#6681=PLANE('',#7633);
#6682=PLANE('',#7635);
#6683=PLANE('',#7638);
#6684=PLANE('',#7640);
#6685=PLANE('',#7642);
#6686=PLANE('',#7645);
#6687=PLANE('',#7647);
#6688=PLANE('',#7649);
#6689=PLANE('',#7652);
#6690=PLANE('',#7654);
#6691=PLANE('',#7656);
#6692=PLANE('',#7659);
#6693=PLANE('',#7661);
#6694=PLANE('',#7663);
#6695=PLANE('',#7666);
#6696=PLANE('',#7668);
#6697=PLANE('',#7670);
#6698=PLANE('',#7673);
#6699=PLANE('',#7675);
#6700=PLANE('',#7677);
#6701=PLANE('',#7680);
#6702=PLANE('',#7683);
#6703=PLANE('',#7685);
#6704=PLANE('',#7687);
#6705=PLANE('',#7690);
#6706=PLANE('',#7692);
#6707=PLANE('',#7694);
#6708=PLANE('',#7697);
#6709=PLANE('',#7699);
#6710=PLANE('',#7701);
#6711=PLANE('',#7704);
#6712=PLANE('',#7706);
#6713=PLANE('',#7708);
#6714=PLANE('',#7711);
#6715=PLANE('',#7713);
#6716=PLANE('',#7715);
#6717=PLANE('',#7718);
#6718=PLANE('',#7720);
#6719=PLANE('',#7722);
#6720=PLANE('',#7725);
#6721=PLANE('',#7727);
#6722=PLANE('',#7729);
#6723=PLANE('',#7732);
#6724=PLANE('',#7734);
#6725=PLANE('',#7736);
#6726=PLANE('',#7739);
#6727=PLANE('',#7742);
#6728=PLANE('',#7744);
#6729=PLANE('',#7746);
#6730=PLANE('',#7749);
#6731=PLANE('',#7751);
#6732=PLANE('',#7753);
#6733=PLANE('',#7756);
#6734=PLANE('',#7758);
#6735=PLANE('',#7760);
#6736=PLANE('',#7763);
#6737=PLANE('',#7765);
#6738=PLANE('',#7767);
#6739=PLANE('',#7770);
#6740=PLANE('',#7772);
#6741=PLANE('',#7774);
#6742=PLANE('',#7777);
#6743=PLANE('',#7779);
#6744=PLANE('',#7781);
#6745=PLANE('',#7784);
#6746=PLANE('',#7786);
#6747=PLANE('',#7788);
#6748=PLANE('',#7791);
#6749=PLANE('',#7793);
#6750=PLANE('',#7795);
#6751=PLANE('',#7803);
#6752=PLANE('',#7804);
#6753=PLANE('',#7805);
#6754=PLANE('',#7806);
#6755=PLANE('',#7807);
#6756=PLANE('',#7808);
#6757=PLANE('',#7809);
#6758=PLANE('',#7810);
#6759=PLANE('',#7811);
#6760=PLANE('',#7812);
#6761=PLANE('',#7813);
#6762=PLANE('',#7814);
#6763=PLANE('',#7815);
#6764=PLANE('',#7816);
#6765=PLANE('',#7817);
#6766=PLANE('',#7818);
#6767=PLANE('',#7819);
#6768=PLANE('',#7820);
#6769=PLANE('',#7821);
#6770=PLANE('',#7822);
#6771=PLANE('',#7823);
#6772=PLANE('',#7824);
#6773=PLANE('',#7825);
#6774=PLANE('',#7826);
#6775=PLANE('',#7827);
#6776=PLANE('',#7828);
#6777=PLANE('',#7829);
#6778=PLANE('',#7830);
#6779=PLANE('',#7831);
#6780=PLANE('',#7832);
#6781=PLANE('',#7833);
#6782=PLANE('',#7834);
#6783=PLANE('',#7835);
#6784=PLANE('',#7836);
#6785=PLANE('',#7837);
#6786=PLANE('',#7838);
#6787=PLANE('',#7839);
#6788=PLANE('',#7840);
#6789=PLANE('',#7841);
#6790=PLANE('',#7843);
#6791=PLANE('',#7844);
#6792=PLANE('',#7845);
#6793=PLANE('',#7846);
#6794=PLANE('',#7847);
#6795=PLANE('',#7848);
#6796=PLANE('',#7849);
#6797=PLANE('',#7850);
#6798=PLANE('',#7851);
#6799=PLANE('',#7852);
#6800=ADVANCED_FACE('',(#6174),#6620,.T.);
#6801=ADVANCED_FACE('',(#6175,#6176,#6177,#6178,#6179,#6180,#6181,#6182,
#6183,#6184,#6185,#6186,#6187,#6188,#6189,#6190,#6191,#6192,#6193,#6194,
#6195,#6196,#6197,#6198,#6199,#6200,#6201,#6202,#6203,#6204,#6205,#6206,
#6207,#6208,#6209,#6210,#6211,#6212,#6213,#6214,#6215,#6216,#6217,#6218,
#6219,#6220),#6621,.F.);
#6802=ADVANCED_FACE('',(#6221),#6622,.F.);
#6803=ADVANCED_FACE('',(#6222),#6623,.T.);
#6804=ADVANCED_FACE('',(#6223),#6624,.T.);
#6805=ADVANCED_FACE('',(#6224),#6625,.T.);
#6806=ADVANCED_FACE('',(#6225),#6626,.T.);
#6807=ADVANCED_FACE('',(#6226),#6627,.T.);
#6808=ADVANCED_FACE('',(#6227),#6628,.T.);
#6809=ADVANCED_FACE('',(#6228,#6229,#6230,#6231,#6232,#6233,#6234,#6235,
#6236,#6237,#6238,#6239,#6240,#6241,#6242,#6243,#6244,#6245,#6246,#6247,
#6248,#6249,#6250,#6251,#6252,#6253,#6254,#6255,#6256,#6257,#6258,#6259,
#6260,#6261,#6262,#6263,#6264,#6265,#6266,#6267,#6268,#6269,#6270,#6271,
#6272,#6273),#6629,.T.);
#6810=ADVANCED_FACE('',(#6274),#12,.T.);
#6811=ADVANCED_FACE('',(#6275),#6630,.F.);
#6812=ADVANCED_FACE('',(#6276),#13,.F.);
#6813=ADVANCED_FACE('',(#6277),#6631,.T.);
#6814=ADVANCED_FACE('',(#6278),#14,.F.);
#6815=ADVANCED_FACE('',(#6279),#6632,.T.);
#6816=ADVANCED_FACE('',(#6280),#15,.F.);
#6817=ADVANCED_FACE('',(#6281),#6633,.T.);
#6818=ADVANCED_FACE('',(#6282),#16,.F.);
#6819=ADVANCED_FACE('',(#6283),#17,.F.);
#6820=ADVANCED_FACE('',(#6284),#6634,.T.);
#6821=ADVANCED_FACE('',(#6285),#18,.F.);
#6822=ADVANCED_FACE('',(#6286),#6635,.T.);
#6823=ADVANCED_FACE('',(#6287),#19,.F.);
#6824=ADVANCED_FACE('',(#6288),#6636,.T.);
#6825=ADVANCED_FACE('',(#6289),#20,.F.);
#6826=ADVANCED_FACE('',(#6290),#21,.F.);
#6827=ADVANCED_FACE('',(#6291),#6637,.T.);
#6828=ADVANCED_FACE('',(#6292),#22,.F.);
#6829=ADVANCED_FACE('',(#6293),#6638,.T.);
#6830=ADVANCED_FACE('',(#6294),#23,.F.);
#6831=ADVANCED_FACE('',(#6295),#6639,.T.);
#6832=ADVANCED_FACE('',(#6296),#24,.F.);
#6833=ADVANCED_FACE('',(#6297),#25,.F.);
#6834=ADVANCED_FACE('',(#6298),#6640,.T.);
#6835=ADVANCED_FACE('',(#6299),#26,.F.);
#6836=ADVANCED_FACE('',(#6300),#6641,.T.);
#6837=ADVANCED_FACE('',(#6301),#27,.F.);
#6838=ADVANCED_FACE('',(#6302),#6642,.T.);
#6839=ADVANCED_FACE('',(#6303),#28,.F.);
#6840=ADVANCED_FACE('',(#6304),#29,.F.);
#6841=ADVANCED_FACE('',(#6305),#6643,.T.);
#6842=ADVANCED_FACE('',(#6306),#30,.F.);
#6843=ADVANCED_FACE('',(#6307),#6644,.T.);
#6844=ADVANCED_FACE('',(#6308),#31,.F.);
#6845=ADVANCED_FACE('',(#6309),#6645,.T.);
#6846=ADVANCED_FACE('',(#6310),#32,.F.);
#6847=ADVANCED_FACE('',(#6311),#33,.F.);
#6848=ADVANCED_FACE('',(#6312),#6646,.T.);
#6849=ADVANCED_FACE('',(#6313),#34,.F.);
#6850=ADVANCED_FACE('',(#6314),#6647,.T.);
#6851=ADVANCED_FACE('',(#6315),#35,.F.);
#6852=ADVANCED_FACE('',(#6316),#6648,.T.);
#6853=ADVANCED_FACE('',(#6317),#36,.F.);
#6854=ADVANCED_FACE('',(#6318),#37,.F.);
#6855=ADVANCED_FACE('',(#6319),#6649,.T.);
#6856=ADVANCED_FACE('',(#6320),#38,.F.);
#6857=ADVANCED_FACE('',(#6321),#6650,.T.);
#6858=ADVANCED_FACE('',(#6322),#39,.F.);
#6859=ADVANCED_FACE('',(#6323),#6651,.T.);
#6860=ADVANCED_FACE('',(#6324),#40,.F.);
#6861=ADVANCED_FACE('',(#6325),#41,.F.);
#6862=ADVANCED_FACE('',(#6326),#6652,.T.);
#6863=ADVANCED_FACE('',(#6327),#42,.F.);
#6864=ADVANCED_FACE('',(#6328),#6653,.T.);
#6865=ADVANCED_FACE('',(#6329),#43,.F.);
#6866=ADVANCED_FACE('',(#6330),#6654,.T.);
#6867=ADVANCED_FACE('',(#6331),#44,.F.);
#6868=ADVANCED_FACE('',(#6332),#45,.F.);
#6869=ADVANCED_FACE('',(#6333),#6655,.T.);
#6870=ADVANCED_FACE('',(#6334),#46,.F.);
#6871=ADVANCED_FACE('',(#6335),#47,.F.);
#6872=ADVANCED_FACE('',(#6336),#6656,.T.);
#6873=ADVANCED_FACE('',(#6337),#48,.F.);
#6874=ADVANCED_FACE('',(#6338),#6657,.T.);
#6875=ADVANCED_FACE('',(#6339),#49,.F.);
#6876=ADVANCED_FACE('',(#6340),#6658,.T.);
#6877=ADVANCED_FACE('',(#6341),#50,.F.);
#6878=ADVANCED_FACE('',(#6342),#51,.F.);
#6879=ADVANCED_FACE('',(#6343),#6659,.T.);
#6880=ADVANCED_FACE('',(#6344),#52,.F.);
#6881=ADVANCED_FACE('',(#6345),#6660,.T.);
#6882=ADVANCED_FACE('',(#6346),#53,.F.);
#6883=ADVANCED_FACE('',(#6347),#6661,.T.);
#6884=ADVANCED_FACE('',(#6348),#54,.F.);
#6885=ADVANCED_FACE('',(#6349),#55,.F.);
#6886=ADVANCED_FACE('',(#6350),#6662,.T.);
#6887=ADVANCED_FACE('',(#6351),#56,.F.);
#6888=ADVANCED_FACE('',(#6352),#6663,.T.);
#6889=ADVANCED_FACE('',(#6353),#57,.F.);
#6890=ADVANCED_FACE('',(#6354),#6664,.T.);
#6891=ADVANCED_FACE('',(#6355),#58,.F.);
#6892=ADVANCED_FACE('',(#6356),#59,.F.);
#6893=ADVANCED_FACE('',(#6357),#6665,.T.);
#6894=ADVANCED_FACE('',(#6358),#60,.F.);
#6895=ADVANCED_FACE('',(#6359),#6666,.T.);
#6896=ADVANCED_FACE('',(#6360),#61,.F.);
#6897=ADVANCED_FACE('',(#6361),#6667,.T.);
#6898=ADVANCED_FACE('',(#6362),#62,.F.);
#6899=ADVANCED_FACE('',(#6363),#63,.F.);
#6900=ADVANCED_FACE('',(#6364),#6668,.T.);
#6901=ADVANCED_FACE('',(#6365),#64,.F.);
#6902=ADVANCED_FACE('',(#6366),#6669,.T.);
#6903=ADVANCED_FACE('',(#6367),#65,.F.);
#6904=ADVANCED_FACE('',(#6368),#6670,.T.);
#6905=ADVANCED_FACE('',(#6369),#66,.F.);
#6906=ADVANCED_FACE('',(#6370),#67,.F.);
#6907=ADVANCED_FACE('',(#6371),#6671,.T.);
#6908=ADVANCED_FACE('',(#6372),#68,.F.);
#6909=ADVANCED_FACE('',(#6373),#6672,.T.);
#6910=ADVANCED_FACE('',(#6374),#69,.F.);
#6911=ADVANCED_FACE('',(#6375),#6673,.T.);
#6912=ADVANCED_FACE('',(#6376),#70,.F.);
#6913=ADVANCED_FACE('',(#6377),#71,.F.);
#6914=ADVANCED_FACE('',(#6378),#6674,.T.);
#6915=ADVANCED_FACE('',(#6379),#72,.F.);
#6916=ADVANCED_FACE('',(#6380),#6675,.T.);
#6917=ADVANCED_FACE('',(#6381),#73,.F.);
#6918=ADVANCED_FACE('',(#6382),#6676,.T.);
#6919=ADVANCED_FACE('',(#6383),#74,.F.);
#6920=ADVANCED_FACE('',(#6384),#75,.F.);
#6921=ADVANCED_FACE('',(#6385),#6677,.T.);
#6922=ADVANCED_FACE('',(#6386),#76,.F.);
#6923=ADVANCED_FACE('',(#6387),#6678,.T.);
#6924=ADVANCED_FACE('',(#6388),#77,.F.);
#6925=ADVANCED_FACE('',(#6389),#6679,.T.);
#6926=ADVANCED_FACE('',(#6390),#78,.F.);
#6927=ADVANCED_FACE('',(#6391),#79,.F.);
#6928=ADVANCED_FACE('',(#6392),#6680,.T.);
#6929=ADVANCED_FACE('',(#6393),#80,.F.);
#6930=ADVANCED_FACE('',(#6394),#6681,.T.);
#6931=ADVANCED_FACE('',(#6395),#81,.F.);
#6932=ADVANCED_FACE('',(#6396),#6682,.T.);
#6933=ADVANCED_FACE('',(#6397),#82,.F.);
#6934=ADVANCED_FACE('',(#6398),#83,.F.);
#6935=ADVANCED_FACE('',(#6399),#6683,.T.);
#6936=ADVANCED_FACE('',(#6400),#84,.F.);
#6937=ADVANCED_FACE('',(#6401),#6684,.T.);
#6938=ADVANCED_FACE('',(#6402),#85,.F.);
#6939=ADVANCED_FACE('',(#6403),#6685,.T.);
#6940=ADVANCED_FACE('',(#6404),#86,.F.);
#6941=ADVANCED_FACE('',(#6405),#87,.F.);
#6942=ADVANCED_FACE('',(#6406),#6686,.T.);
#6943=ADVANCED_FACE('',(#6407),#88,.F.);
#6944=ADVANCED_FACE('',(#6408),#6687,.T.);
#6945=ADVANCED_FACE('',(#6409),#89,.F.);
#6946=ADVANCED_FACE('',(#6410),#6688,.T.);
#6947=ADVANCED_FACE('',(#6411),#90,.F.);
#6948=ADVANCED_FACE('',(#6412),#91,.F.);
#6949=ADVANCED_FACE('',(#6413),#6689,.T.);
#6950=ADVANCED_FACE('',(#6414),#92,.F.);
#6951=ADVANCED_FACE('',(#6415),#6690,.T.);
#6952=ADVANCED_FACE('',(#6416),#93,.F.);
#6953=ADVANCED_FACE('',(#6417),#6691,.T.);
#6954=ADVANCED_FACE('',(#6418),#94,.F.);
#6955=ADVANCED_FACE('',(#6419),#95,.F.);
#6956=ADVANCED_FACE('',(#6420),#6692,.T.);
#6957=ADVANCED_FACE('',(#6421),#96,.F.);
#6958=ADVANCED_FACE('',(#6422),#6693,.T.);
#6959=ADVANCED_FACE('',(#6423),#97,.F.);
#6960=ADVANCED_FACE('',(#6424),#6694,.T.);
#6961=ADVANCED_FACE('',(#6425),#98,.F.);
#6962=ADVANCED_FACE('',(#6426),#99,.F.);
#6963=ADVANCED_FACE('',(#6427),#6695,.T.);
#6964=ADVANCED_FACE('',(#6428),#100,.F.);
#6965=ADVANCED_FACE('',(#6429),#6696,.T.);
#6966=ADVANCED_FACE('',(#6430),#101,.F.);
#6967=ADVANCED_FACE('',(#6431),#6697,.T.);
#6968=ADVANCED_FACE('',(#6432),#102,.F.);
#6969=ADVANCED_FACE('',(#6433),#103,.F.);
#6970=ADVANCED_FACE('',(#6434),#6698,.T.);
#6971=ADVANCED_FACE('',(#6435),#104,.F.);
#6972=ADVANCED_FACE('',(#6436),#6699,.T.);
#6973=ADVANCED_FACE('',(#6437),#105,.F.);
#6974=ADVANCED_FACE('',(#6438),#6700,.T.);
#6975=ADVANCED_FACE('',(#6439),#106,.F.);
#6976=ADVANCED_FACE('',(#6440),#107,.F.);
#6977=ADVANCED_FACE('',(#6441),#6701,.T.);
#6978=ADVANCED_FACE('',(#6442),#108,.F.);
#6979=ADVANCED_FACE('',(#6443),#109,.F.);
#6980=ADVANCED_FACE('',(#6444),#6702,.T.);
#6981=ADVANCED_FACE('',(#6445),#110,.F.);
#6982=ADVANCED_FACE('',(#6446),#6703,.T.);
#6983=ADVANCED_FACE('',(#6447),#111,.F.);
#6984=ADVANCED_FACE('',(#6448),#6704,.T.);
#6985=ADVANCED_FACE('',(#6449),#112,.F.);
#6986=ADVANCED_FACE('',(#6450),#113,.F.);
#6987=ADVANCED_FACE('',(#6451),#6705,.T.);
#6988=ADVANCED_FACE('',(#6452),#114,.F.);
#6989=ADVANCED_FACE('',(#6453),#6706,.T.);
#6990=ADVANCED_FACE('',(#6454),#115,.F.);
#6991=ADVANCED_FACE('',(#6455),#6707,.T.);
#6992=ADVANCED_FACE('',(#6456),#116,.F.);
#6993=ADVANCED_FACE('',(#6457),#117,.F.);
#6994=ADVANCED_FACE('',(#6458),#6708,.T.);
#6995=ADVANCED_FACE('',(#6459),#118,.F.);
#6996=ADVANCED_FACE('',(#6460),#6709,.T.);
#6997=ADVANCED_FACE('',(#6461),#119,.F.);
#6998=ADVANCED_FACE('',(#6462),#6710,.T.);
#6999=ADVANCED_FACE('',(#6463),#120,.F.);
#7000=ADVANCED_FACE('',(#6464),#121,.F.);
#7001=ADVANCED_FACE('',(#6465),#6711,.T.);
#7002=ADVANCED_FACE('',(#6466),#122,.F.);
#7003=ADVANCED_FACE('',(#6467),#6712,.T.);
#7004=ADVANCED_FACE('',(#6468),#123,.F.);
#7005=ADVANCED_FACE('',(#6469),#6713,.T.);
#7006=ADVANCED_FACE('',(#6470),#124,.F.);
#7007=ADVANCED_FACE('',(#6471),#125,.F.);
#7008=ADVANCED_FACE('',(#6472),#6714,.T.);
#7009=ADVANCED_FACE('',(#6473),#126,.F.);
#7010=ADVANCED_FACE('',(#6474),#6715,.T.);
#7011=ADVANCED_FACE('',(#6475),#127,.F.);
#7012=ADVANCED_FACE('',(#6476),#6716,.T.);
#7013=ADVANCED_FACE('',(#6477),#128,.F.);
#7014=ADVANCED_FACE('',(#6478),#129,.F.);
#7015=ADVANCED_FACE('',(#6479),#6717,.T.);
#7016=ADVANCED_FACE('',(#6480),#130,.F.);
#7017=ADVANCED_FACE('',(#6481),#6718,.T.);
#7018=ADVANCED_FACE('',(#6482),#131,.F.);
#7019=ADVANCED_FACE('',(#6483),#6719,.T.);
#7020=ADVANCED_FACE('',(#6484),#132,.F.);
#7021=ADVANCED_FACE('',(#6485),#133,.F.);
#7022=ADVANCED_FACE('',(#6486),#6720,.T.);
#7023=ADVANCED_FACE('',(#6487),#134,.F.);
#7024=ADVANCED_FACE('',(#6488),#6721,.T.);
#7025=ADVANCED_FACE('',(#6489),#135,.F.);
#7026=ADVANCED_FACE('',(#6490),#6722,.T.);
#7027=ADVANCED_FACE('',(#6491),#136,.F.);
#7028=ADVANCED_FACE('',(#6492),#137,.F.);
#7029=ADVANCED_FACE('',(#6493),#6723,.T.);
#7030=ADVANCED_FACE('',(#6494),#138,.F.);
#7031=ADVANCED_FACE('',(#6495),#6724,.T.);
#7032=ADVANCED_FACE('',(#6496),#139,.F.);
#7033=ADVANCED_FACE('',(#6497),#6725,.T.);
#7034=ADVANCED_FACE('',(#6498),#140,.F.);
#7035=ADVANCED_FACE('',(#6499),#141,.F.);
#7036=ADVANCED_FACE('',(#6500),#6726,.T.);
#7037=ADVANCED_FACE('',(#6501),#142,.F.);
#7038=ADVANCED_FACE('',(#6502),#143,.F.);
#7039=ADVANCED_FACE('',(#6503),#6727,.T.);
#7040=ADVANCED_FACE('',(#6504),#144,.F.);
#7041=ADVANCED_FACE('',(#6505),#6728,.T.);
#7042=ADVANCED_FACE('',(#6506),#145,.F.);
#7043=ADVANCED_FACE('',(#6507),#6729,.T.);
#7044=ADVANCED_FACE('',(#6508),#146,.F.);
#7045=ADVANCED_FACE('',(#6509),#147,.F.);
#7046=ADVANCED_FACE('',(#6510),#6730,.T.);
#7047=ADVANCED_FACE('',(#6511),#148,.F.);
#7048=ADVANCED_FACE('',(#6512),#6731,.T.);
#7049=ADVANCED_FACE('',(#6513),#149,.F.);
#7050=ADVANCED_FACE('',(#6514),#6732,.T.);
#7051=ADVANCED_FACE('',(#6515),#150,.F.);
#7052=ADVANCED_FACE('',(#6516),#151,.F.);
#7053=ADVANCED_FACE('',(#6517),#6733,.T.);
#7054=ADVANCED_FACE('',(#6518),#152,.F.);
#7055=ADVANCED_FACE('',(#6519),#6734,.T.);
#7056=ADVANCED_FACE('',(#6520),#153,.F.);
#7057=ADVANCED_FACE('',(#6521),#6735,.T.);
#7058=ADVANCED_FACE('',(#6522),#154,.F.);
#7059=ADVANCED_FACE('',(#6523),#155,.F.);
#7060=ADVANCED_FACE('',(#6524),#6736,.T.);
#7061=ADVANCED_FACE('',(#6525),#156,.F.);
#7062=ADVANCED_FACE('',(#6526),#6737,.T.);
#7063=ADVANCED_FACE('',(#6527),#157,.F.);
#7064=ADVANCED_FACE('',(#6528),#6738,.T.);
#7065=ADVANCED_FACE('',(#6529),#158,.F.);
#7066=ADVANCED_FACE('',(#6530),#159,.F.);
#7067=ADVANCED_FACE('',(#6531),#6739,.T.);
#7068=ADVANCED_FACE('',(#6532),#160,.F.);
#7069=ADVANCED_FACE('',(#6533),#6740,.T.);
#7070=ADVANCED_FACE('',(#6534),#161,.F.);
#7071=ADVANCED_FACE('',(#6535),#6741,.T.);
#7072=ADVANCED_FACE('',(#6536),#162,.F.);
#7073=ADVANCED_FACE('',(#6537),#163,.F.);
#7074=ADVANCED_FACE('',(#6538),#6742,.T.);
#7075=ADVANCED_FACE('',(#6539),#164,.F.);
#7076=ADVANCED_FACE('',(#6540),#6743,.T.);
#7077=ADVANCED_FACE('',(#6541),#165,.F.);
#7078=ADVANCED_FACE('',(#6542),#6744,.T.);
#7079=ADVANCED_FACE('',(#6543),#166,.F.);
#7080=ADVANCED_FACE('',(#6544),#167,.F.);
#7081=ADVANCED_FACE('',(#6545),#6745,.T.);
#7082=ADVANCED_FACE('',(#6546),#168,.F.);
#7083=ADVANCED_FACE('',(#6547),#6746,.T.);
#7084=ADVANCED_FACE('',(#6548),#169,.F.);
#7085=ADVANCED_FACE('',(#6549),#6747,.T.);
#7086=ADVANCED_FACE('',(#6550),#170,.F.);
#7087=ADVANCED_FACE('',(#6551),#171,.F.);
#7088=ADVANCED_FACE('',(#6552),#6748,.T.);
#7089=ADVANCED_FACE('',(#6553),#172,.F.);
#7090=ADVANCED_FACE('',(#6554),#6749,.T.);
#7091=ADVANCED_FACE('',(#6555),#173,.F.);
#7092=ADVANCED_FACE('',(#6556),#6750,.T.);
#7093=ADVANCED_FACE('',(#6557),#174,.F.);
#7094=ADVANCED_FACE('',(#6558,#6559),#175,.F.);
#7095=ADVANCED_FACE('',(#6560,#6561),#176,.F.);
#7096=ADVANCED_FACE('',(#6562,#6563),#177,.F.);
#7097=ADVANCED_FACE('',(#6564,#6565),#178,.F.);
#7098=ADVANCED_FACE('',(#6566,#6567),#179,.F.);
#7099=ADVANCED_FACE('',(#6568,#6569),#180,.F.);
#7100=ADVANCED_FACE('',(#6570),#6751,.T.);
#7101=ADVANCED_FACE('',(#6571),#6752,.T.);
#7102=ADVANCED_FACE('',(#6572),#6753,.T.);
#7103=ADVANCED_FACE('',(#6573),#6754,.T.);
#7104=ADVANCED_FACE('',(#6574),#6755,.T.);
#7105=ADVANCED_FACE('',(#6575),#6756,.T.);
#7106=ADVANCED_FACE('',(#6576),#6757,.T.);
#7107=ADVANCED_FACE('',(#6577),#6758,.T.);
#7108=ADVANCED_FACE('',(#6578),#6759,.T.);
#7109=ADVANCED_FACE('',(#6579),#6760,.T.);
#7110=ADVANCED_FACE('',(#6580),#6761,.T.);
#7111=ADVANCED_FACE('',(#6581),#6762,.T.);
#7112=ADVANCED_FACE('',(#6582),#6763,.T.);
#7113=ADVANCED_FACE('',(#6583),#6764,.T.);
#7114=ADVANCED_FACE('',(#6584),#6765,.T.);
#7115=ADVANCED_FACE('',(#6585),#6766,.T.);
#7116=ADVANCED_FACE('',(#6586),#6767,.T.);
#7117=ADVANCED_FACE('',(#6587),#6768,.T.);
#7118=ADVANCED_FACE('',(#6588),#6769,.T.);
#7119=ADVANCED_FACE('',(#6589),#6770,.T.);
#7120=ADVANCED_FACE('',(#6590),#6771,.T.);
#7121=ADVANCED_FACE('',(#6591),#6772,.T.);
#7122=ADVANCED_FACE('',(#6592),#6773,.T.);
#7123=ADVANCED_FACE('',(#6593),#6774,.T.);
#7124=ADVANCED_FACE('',(#6594),#6775,.T.);
#7125=ADVANCED_FACE('',(#6595),#6776,.T.);
#7126=ADVANCED_FACE('',(#6596),#6777,.T.);
#7127=ADVANCED_FACE('',(#6597),#6778,.T.);
#7128=ADVANCED_FACE('',(#6598),#6779,.T.);
#7129=ADVANCED_FACE('',(#6599),#6780,.T.);
#7130=ADVANCED_FACE('',(#6600),#6781,.T.);
#7131=ADVANCED_FACE('',(#6601),#6782,.T.);
#7132=ADVANCED_FACE('',(#6602),#6783,.T.);
#7133=ADVANCED_FACE('',(#6603),#6784,.T.);
#7134=ADVANCED_FACE('',(#6604),#6785,.T.);
#7135=ADVANCED_FACE('',(#6605),#6786,.T.);
#7136=ADVANCED_FACE('',(#6606),#6787,.T.);
#7137=ADVANCED_FACE('',(#6607),#6788,.T.);
#7138=ADVANCED_FACE('',(#6608),#6789,.T.);
#7139=ADVANCED_FACE('',(#6609),#181,.T.);
#7140=ADVANCED_FACE('',(#6610),#6790,.T.);
#7141=ADVANCED_FACE('',(#6611),#6791,.T.);
#7142=ADVANCED_FACE('',(#6612),#6792,.T.);
#7143=ADVANCED_FACE('',(#6613),#6793,.T.);
#7144=ADVANCED_FACE('',(#6614),#6794,.F.);
#7145=ADVANCED_FACE('',(#6615),#6795,.F.);
#7146=ADVANCED_FACE('',(#6616),#6796,.F.);
#7147=ADVANCED_FACE('',(#6617),#6797,.F.);
#7148=ADVANCED_FACE('',(#6618),#6798,.T.);
#7149=ADVANCED_FACE('',(#6619),#6799,.F.);
#7150=CLOSED_SHELL('',(#6800,#6801,#6802,#6803,#6804,#6805,#6806,#6807,
#6808,#6809,#6810,#6811,#6812,#6813,#6814,#6815,#6816,#6817,#6818,#6819,
#6820,#6821,#6822,#6823,#6824,#6825,#6826,#6827,#6828,#6829,#6830,#6831,
#6832,#6833,#6834,#6835,#6836,#6837,#6838,#6839,#6840,#6841,#6842,#6843,
#6844,#6845,#6846,#6847,#6848,#6849,#6850,#6851,#6852,#6853,#6854,#6855,
#6856,#6857,#6858,#6859,#6860,#6861,#6862,#6863,#6864,#6865,#6866,#6867,
#6868,#6869,#6870,#6871,#6872,#6873,#6874,#6875,#6876,#6877,#6878,#6879,
#6880,#6881,#6882,#6883,#6884,#6885,#6886,#6887,#6888,#6889,#6890,#6891,
#6892,#6893,#6894,#6895,#6896,#6897,#6898,#6899,#6900,#6901,#6902,#6903,
#6904,#6905,#6906,#6907,#6908,#6909,#6910,#6911,#6912,#6913,#6914,#6915,
#6916,#6917,#6918,#6919,#6920,#6921,#6922,#6923,#6924,#6925,#6926,#6927,
#6928,#6929,#6930,#6931,#6932,#6933,#6934,#6935,#6936,#6937,#6938,#6939,
#6940,#6941,#6942,#6943,#6944,#6945,#6946,#6947,#6948,#6949,#6950,#6951,
#6952,#6953,#6954,#6955,#6956,#6957,#6958,#6959,#6960,#6961,#6962,#6963,
#6964,#6965,#6966,#6967,#6968,#6969,#6970,#6971,#6972,#6973,#6974,#6975,
#6976,#6977,#6978,#6979,#6980,#6981,#6982,#6983,#6984,#6985,#6986,#6987,
#6988,#6989,#6990,#6991,#6992,#6993,#6994,#6995,#6996,#6997,#6998,#6999,
#7000,#7001,#7002,#7003,#7004,#7005,#7006,#7007,#7008,#7009,#7010,#7011,
#7012,#7013,#7014,#7015,#7016,#7017,#7018,#7019,#7020,#7021,#7022,#7023,
#7024,#7025,#7026,#7027,#7028,#7029,#7030,#7031,#7032,#7033,#7034,#7035,
#7036,#7037,#7038,#7039,#7040,#7041,#7042,#7043,#7044,#7045,#7046,#7047,
#7048,#7049,#7050,#7051,#7052,#7053,#7054,#7055,#7056,#7057,#7058,#7059,
#7060,#7061,#7062,#7063,#7064,#7065,#7066,#7067,#7068,#7069,#7070,#7071,
#7072,#7073,#7074,#7075,#7076,#7077,#7078,#7079,#7080,#7081,#7082,#7083,
#7084,#7085,#7086,#7087,#7088,#7089,#7090,#7091,#7092,#7093,#7094,#7095,
#7096,#7097,#7098,#7099,#7100,#7101,#7102,#7103,#7104,#7105,#7106,#7107,
#7108,#7109,#7110,#7111,#7112,#7113,#7114,#7115,#7116,#7117,#7118,#7119,
#7120,#7121,#7122,#7123,#7124,#7125,#7126,#7127,#7128,#7129,#7130,#7131,
#7132,#7133,#7134,#7135,#7136,#7137,#7138,#7139,#7140,#7141,#7142,#7143,
#7144,#7145,#7146,#7147,#7148,#7149));
#7151=STYLED_ITEM('',(#7152),#7159);
#7152=PRESENTATION_STYLE_ASSIGNMENT((#7153));
#7153=SURFACE_STYLE_USAGE(.BOTH.,#7154);
#7154=SURFACE_SIDE_STYLE('',(#7155));
#7155=SURFACE_STYLE_FILL_AREA(#7156);
#7156=FILL_AREA_STYLE('',(#7157));
#7157=FILL_AREA_STYLE_COLOUR('',#7158);
#7158=COLOUR_RGB('',0.917647058823529,0.917647058823529,0.917647058823529);
#7159=MANIFOLD_SOLID_BREP('Plate_Left',#7150);
#7160=SHAPE_DEFINITION_REPRESENTATION(#12024,#7161);
#7161=SHAPE_REPRESENTATION('Plate_Left',(#7162),#12019);
#7162=AXIS2_PLACEMENT_3D('',#9933,#7853,#7854);
#7163=AXIS2_PLACEMENT_3D('',#9934,#7855,#7856);
#7164=AXIS2_PLACEMENT_3D('',#9947,#7863,#7864);
#7165=AXIS2_PLACEMENT_3D('',#9948,#7865,#7866);
#7166=AXIS2_PLACEMENT_3D('',#9953,#7868,#7869);
#7167=AXIS2_PLACEMENT_3D('',#9957,#7871,#7872);
#7168=AXIS2_PLACEMENT_3D('',#9961,#7874,#7875);
#7169=AXIS2_PLACEMENT_3D('',#9964,#7877,#7878);
#7170=AXIS2_PLACEMENT_3D('',#9969,#7880,#7881);
#7171=AXIS2_PLACEMENT_3D('',#9973,#7883,#7884);
#7172=AXIS2_PLACEMENT_3D('',#9977,#7886,#7887);
#7173=AXIS2_PLACEMENT_3D('',#9980,#7889,#7890);
#7174=AXIS2_PLACEMENT_3D('',#9985,#7892,#7893);
#7175=AXIS2_PLACEMENT_3D('',#9989,#7895,#7896);
#7176=AXIS2_PLACEMENT_3D('',#9993,#7898,#7899);
#7177=AXIS2_PLACEMENT_3D('',#9996,#7901,#7902);
#7178=AXIS2_PLACEMENT_3D('',#10001,#7904,#7905);
#7179=AXIS2_PLACEMENT_3D('',#10005,#7907,#7908);
#7180=AXIS2_PLACEMENT_3D('',#10009,#7910,#7911);
#7181=AXIS2_PLACEMENT_3D('',#10012,#7913,#7914);
#7182=AXIS2_PLACEMENT_3D('',#10017,#7916,#7917);
#7183=AXIS2_PLACEMENT_3D('',#10021,#7919,#7920);
#7184=AXIS2_PLACEMENT_3D('',#10025,#7922,#7923);
#7185=AXIS2_PLACEMENT_3D('',#10028,#7925,#7926);
#7186=AXIS2_PLACEMENT_3D('',#10033,#7928,#7929);
#7187=AXIS2_PLACEMENT_3D('',#10037,#7931,#7932);
#7188=AXIS2_PLACEMENT_3D('',#10041,#7934,#7935);
#7189=AXIS2_PLACEMENT_3D('',#10044,#7937,#7938);
#7190=AXIS2_PLACEMENT_3D('',#10049,#7940,#7941);
#7191=AXIS2_PLACEMENT_3D('',#10053,#7943,#7944);
#7192=AXIS2_PLACEMENT_3D('',#10057,#7946,#7947);
#7193=AXIS2_PLACEMENT_3D('',#10060,#7949,#7950);
#7194=AXIS2_PLACEMENT_3D('',#10065,#7952,#7953);
#7195=AXIS2_PLACEMENT_3D('',#10069,#7955,#7956);
#7196=AXIS2_PLACEMENT_3D('',#10073,#7958,#7959);
#7197=AXIS2_PLACEMENT_3D('',#10076,#7961,#7962);
#7198=AXIS2_PLACEMENT_3D('',#10081,#7964,#7965);
#7199=AXIS2_PLACEMENT_3D('',#10085,#7967,#7968);
#7200=AXIS2_PLACEMENT_3D('',#10089,#7970,#7971);
#7201=AXIS2_PLACEMENT_3D('',#10092,#7973,#7974);
#7202=AXIS2_PLACEMENT_3D('',#10097,#7976,#7977);
#7203=AXIS2_PLACEMENT_3D('',#10101,#7979,#7980);
#7204=AXIS2_PLACEMENT_3D('',#10105,#7982,#7983);
#7205=AXIS2_PLACEMENT_3D('',#10108,#7985,#7986);
#7206=AXIS2_PLACEMENT_3D('',#10113,#7988,#7989);
#7207=AXIS2_PLACEMENT_3D('',#10117,#7991,#7992);
#7208=AXIS2_PLACEMENT_3D('',#10121,#7994,#7995);
#7209=AXIS2_PLACEMENT_3D('',#10124,#7997,#7998);
#7210=AXIS2_PLACEMENT_3D('',#10129,#8000,#8001);
#7211=AXIS2_PLACEMENT_3D('',#10133,#8003,#8004);
#7212=AXIS2_PLACEMENT_3D('',#10137,#8006,#8007);
#7213=AXIS2_PLACEMENT_3D('',#10140,#8009,#8010);
#7214=AXIS2_PLACEMENT_3D('',#10145,#8012,#8013);
#7215=AXIS2_PLACEMENT_3D('',#10149,#8015,#8016);
#7216=AXIS2_PLACEMENT_3D('',#10153,#8018,#8019);
#7217=AXIS2_PLACEMENT_3D('',#10156,#8021,#8022);
#7218=AXIS2_PLACEMENT_3D('',#10161,#8024,#8025);
#7219=AXIS2_PLACEMENT_3D('',#10165,#8027,#8028);
#7220=AXIS2_PLACEMENT_3D('',#10169,#8030,#8031);
#7221=AXIS2_PLACEMENT_3D('',#10172,#8033,#8034);
#7222=AXIS2_PLACEMENT_3D('',#10177,#8036,#8037);
#7223=AXIS2_PLACEMENT_3D('',#10181,#8039,#8040);
#7224=AXIS2_PLACEMENT_3D('',#10185,#8042,#8043);
#7225=AXIS2_PLACEMENT_3D('',#10188,#8045,#8046);
#7226=AXIS2_PLACEMENT_3D('',#10193,#8048,#8049);
#7227=AXIS2_PLACEMENT_3D('',#10197,#8051,#8052);
#7228=AXIS2_PLACEMENT_3D('',#10201,#8054,#8055);
#7229=AXIS2_PLACEMENT_3D('',#10204,#8057,#8058);
#7230=AXIS2_PLACEMENT_3D('',#10209,#8060,#8061);
#7231=AXIS2_PLACEMENT_3D('',#10213,#8063,#8064);
#7232=AXIS2_PLACEMENT_3D('',#10217,#8066,#8067);
#7233=AXIS2_PLACEMENT_3D('',#10220,#8069,#8070);
#7234=AXIS2_PLACEMENT_3D('',#10225,#8072,#8073);
#7235=AXIS2_PLACEMENT_3D('',#10229,#8075,#8076);
#7236=AXIS2_PLACEMENT_3D('',#10233,#8078,#8079);
#7237=AXIS2_PLACEMENT_3D('',#10236,#8081,#8082);
#7238=AXIS2_PLACEMENT_3D('',#10241,#8084,#8085);
#7239=AXIS2_PLACEMENT_3D('',#10245,#8087,#8088);
#7240=AXIS2_PLACEMENT_3D('',#10249,#8090,#8091);
#7241=AXIS2_PLACEMENT_3D('',#10252,#8093,#8094);
#7242=AXIS2_PLACEMENT_3D('',#10257,#8096,#8097);
#7243=AXIS2_PLACEMENT_3D('',#10261,#8099,#8100);
#7244=AXIS2_PLACEMENT_3D('',#10265,#8102,#8103);
#7245=AXIS2_PLACEMENT_3D('',#10268,#8105,#8106);
#7246=AXIS2_PLACEMENT_3D('',#10273,#8108,#8109);
#7247=AXIS2_PLACEMENT_3D('',#10277,#8111,#8112);
#7248=AXIS2_PLACEMENT_3D('',#10281,#8114,#8115);
#7249=AXIS2_PLACEMENT_3D('',#10284,#8117,#8118);
#7250=AXIS2_PLACEMENT_3D('',#10289,#8120,#8121);
#7251=AXIS2_PLACEMENT_3D('',#10293,#8123,#8124);
#7252=AXIS2_PLACEMENT_3D('',#10297,#8126,#8127);
#7253=AXIS2_PLACEMENT_3D('',#10300,#8129,#8130);
#7254=AXIS2_PLACEMENT_3D('',#10305,#8132,#8133);
#7255=AXIS2_PLACEMENT_3D('',#10309,#8135,#8136);
#7256=AXIS2_PLACEMENT_3D('',#10313,#8138,#8139);
#7257=AXIS2_PLACEMENT_3D('',#10316,#8141,#8142);
#7258=AXIS2_PLACEMENT_3D('',#10321,#8144,#8145);
#7259=AXIS2_PLACEMENT_3D('',#10325,#8147,#8148);
#7260=AXIS2_PLACEMENT_3D('',#10329,#8150,#8151);
#7261=AXIS2_PLACEMENT_3D('',#10332,#8153,#8154);
#7262=AXIS2_PLACEMENT_3D('',#10337,#8156,#8157);
#7263=AXIS2_PLACEMENT_3D('',#10341,#8159,#8160);
#7264=AXIS2_PLACEMENT_3D('',#10345,#8162,#8163);
#7265=AXIS2_PLACEMENT_3D('',#10348,#8165,#8166);
#7266=AXIS2_PLACEMENT_3D('',#10353,#8168,#8169);
#7267=AXIS2_PLACEMENT_3D('',#10357,#8171,#8172);
#7268=AXIS2_PLACEMENT_3D('',#10361,#8174,#8175);
#7269=AXIS2_PLACEMENT_3D('',#10364,#8177,#8178);
#7270=AXIS2_PLACEMENT_3D('',#10369,#8180,#8181);
#7271=AXIS2_PLACEMENT_3D('',#10373,#8183,#8184);
#7272=AXIS2_PLACEMENT_3D('',#10377,#8186,#8187);
#7273=AXIS2_PLACEMENT_3D('',#10380,#8189,#8190);
#7274=AXIS2_PLACEMENT_3D('',#10385,#8192,#8193);
#7275=AXIS2_PLACEMENT_3D('',#10389,#8195,#8196);
#7276=AXIS2_PLACEMENT_3D('',#10393,#8198,#8199);
#7277=AXIS2_PLACEMENT_3D('',#10396,#8201,#8202);
#7278=AXIS2_PLACEMENT_3D('',#10401,#8204,#8205);
#7279=AXIS2_PLACEMENT_3D('',#10405,#8207,#8208);
#7280=AXIS2_PLACEMENT_3D('',#10409,#8210,#8211);
#7281=AXIS2_PLACEMENT_3D('',#10412,#8213,#8214);
#7282=AXIS2_PLACEMENT_3D('',#10417,#8216,#8217);
#7283=AXIS2_PLACEMENT_3D('',#10421,#8219,#8220);
#7284=AXIS2_PLACEMENT_3D('',#10425,#8222,#8223);
#7285=AXIS2_PLACEMENT_3D('',#10428,#8225,#8226);
#7286=AXIS2_PLACEMENT_3D('',#10433,#8228,#8229);
#7287=AXIS2_PLACEMENT_3D('',#10437,#8231,#8232);
#7288=AXIS2_PLACEMENT_3D('',#10441,#8234,#8235);
#7289=AXIS2_PLACEMENT_3D('',#10444,#8237,#8238);
#7290=AXIS2_PLACEMENT_3D('',#10449,#8240,#8241);
#7291=AXIS2_PLACEMENT_3D('',#10453,#8243,#8244);
#7292=AXIS2_PLACEMENT_3D('',#10457,#8246,#8247);
#7293=AXIS2_PLACEMENT_3D('',#10460,#8249,#8250);
#7294=AXIS2_PLACEMENT_3D('',#10465,#8252,#8253);
#7295=AXIS2_PLACEMENT_3D('',#10469,#8255,#8256);
#7296=AXIS2_PLACEMENT_3D('',#10473,#8258,#8259);
#7297=AXIS2_PLACEMENT_3D('',#10476,#8261,#8262);
#7298=AXIS2_PLACEMENT_3D('',#10481,#8264,#8265);
#7299=AXIS2_PLACEMENT_3D('',#10485,#8267,#8268);
#7300=AXIS2_PLACEMENT_3D('',#10489,#8270,#8271);
#7301=AXIS2_PLACEMENT_3D('',#10492,#8273,#8274);
#7302=AXIS2_PLACEMENT_3D('',#10497,#8276,#8277);
#7303=AXIS2_PLACEMENT_3D('',#10501,#8279,#8280);
#7304=AXIS2_PLACEMENT_3D('',#10505,#8282,#8283);
#7305=AXIS2_PLACEMENT_3D('',#10508,#8285,#8286);
#7306=AXIS2_PLACEMENT_3D('',#10513,#8288,#8289);
#7307=AXIS2_PLACEMENT_3D('',#10517,#8291,#8292);
#7308=AXIS2_PLACEMENT_3D('',#10521,#8294,#8295);
#7309=AXIS2_PLACEMENT_3D('',#10524,#8297,#8298);
#7310=AXIS2_PLACEMENT_3D('',#10529,#8300,#8301);
#7311=AXIS2_PLACEMENT_3D('',#10533,#8303,#8304);
#7312=AXIS2_PLACEMENT_3D('',#10537,#8306,#8307);
#7313=AXIS2_PLACEMENT_3D('',#10540,#8309,#8310);
#7314=AXIS2_PLACEMENT_3D('',#10545,#8312,#8313);
#7315=AXIS2_PLACEMENT_3D('',#10549,#8315,#8316);
#7316=AXIS2_PLACEMENT_3D('',#10553,#8318,#8319);
#7317=AXIS2_PLACEMENT_3D('',#10556,#8321,#8322);
#7318=AXIS2_PLACEMENT_3D('',#10561,#8324,#8325);
#7319=AXIS2_PLACEMENT_3D('',#10565,#8327,#8328);
#7320=AXIS2_PLACEMENT_3D('',#10569,#8330,#8331);
#7321=AXIS2_PLACEMENT_3D('',#10572,#8333,#8334);
#7322=AXIS2_PLACEMENT_3D('',#10574,#8335,#8336);
#7323=AXIS2_PLACEMENT_3D('',#10576,#8337,#8338);
#7324=AXIS2_PLACEMENT_3D('',#10578,#8339,#8340);
#7325=AXIS2_PLACEMENT_3D('',#10580,#8341,#8342);
#7326=AXIS2_PLACEMENT_3D('',#10582,#8343,#8344);
#7327=AXIS2_PLACEMENT_3D('',#10591,#8348,#8349);
#7328=AXIS2_PLACEMENT_3D('',#10595,#8351,#8352);
#7329=AXIS2_PLACEMENT_3D('',#10604,#8357,#8358);
#7330=AXIS2_PLACEMENT_3D('',#10608,#8360,#8361);
#7331=AXIS2_PLACEMENT_3D('',#10616,#8365,#8366);
#7332=AXIS2_PLACEMENT_3D('',#10620,#8368,#8369);
#7333=AXIS2_PLACEMENT_3D('',#10628,#8373,#8374);
#7334=AXIS2_PLACEMENT_3D('',#10632,#8376,#8377);
#7335=AXIS2_PLACEMENT_3D('',#10637,#8380,#8381);
#7336=AXIS2_PLACEMENT_3D('',#10647,#8387,#8388);
#7337=AXIS2_PLACEMENT_3D('',#10653,#8392,#8393);
#7338=AXIS2_PLACEMENT_3D('',#10659,#8397,#8398);
#7339=AXIS2_PLACEMENT_3D('',#10665,#8402,#8403);
#7340=AXIS2_PLACEMENT_3D('',#10671,#8407,#8408);
#7341=AXIS2_PLACEMENT_3D('',#10677,#8412,#8413);
#7342=AXIS2_PLACEMENT_3D('',#10683,#8417,#8418);
#7343=AXIS2_PLACEMENT_3D('',#10684,#8419,#8420);
#7344=AXIS2_PLACEMENT_3D('',#10686,#8421,#8422);
#7345=AXIS2_PLACEMENT_3D('',#10688,#8423,#8424);
#7346=AXIS2_PLACEMENT_3D('',#10690,#8425,#8426);
#7347=AXIS2_PLACEMENT_3D('',#10692,#8427,#8428);
#7348=AXIS2_PLACEMENT_3D('',#10694,#8429,#8430);
#7349=AXIS2_PLACEMENT_3D('',#10696,#8431,#8432);
#7350=AXIS2_PLACEMENT_3D('',#10701,#8434,#8435);
#7351=AXIS2_PLACEMENT_3D('',#10705,#8437,#8438);
#7352=AXIS2_PLACEMENT_3D('',#10709,#8440,#8441);
#7353=AXIS2_PLACEMENT_3D('',#10712,#8443,#8444);
#7354=AXIS2_PLACEMENT_3D('',#10717,#8446,#8447);
#7355=AXIS2_PLACEMENT_3D('',#10721,#8449,#8450);
#7356=AXIS2_PLACEMENT_3D('',#10725,#8452,#8453);
#7357=AXIS2_PLACEMENT_3D('',#10728,#8455,#8456);
#7358=AXIS2_PLACEMENT_3D('',#10733,#8458,#8459);
#7359=AXIS2_PLACEMENT_3D('',#10737,#8461,#8462);
#7360=AXIS2_PLACEMENT_3D('',#10741,#8464,#8465);
#7361=AXIS2_PLACEMENT_3D('',#10744,#8467,#8468);
#7362=AXIS2_PLACEMENT_3D('',#10749,#8470,#8471);
#7363=AXIS2_PLACEMENT_3D('',#10753,#8473,#8474);
#7364=AXIS2_PLACEMENT_3D('',#10757,#8476,#8477);
#7365=AXIS2_PLACEMENT_3D('',#10760,#8479,#8480);
#7366=AXIS2_PLACEMENT_3D('',#10765,#8482,#8483);
#7367=AXIS2_PLACEMENT_3D('',#10769,#8485,#8486);
#7368=AXIS2_PLACEMENT_3D('',#10773,#8488,#8489);
#7369=AXIS2_PLACEMENT_3D('',#10776,#8491,#8492);
#7370=AXIS2_PLACEMENT_3D('',#10781,#8494,#8495);
#7371=AXIS2_PLACEMENT_3D('',#10785,#8497,#8498);
#7372=AXIS2_PLACEMENT_3D('',#10789,#8500,#8501);
#7373=AXIS2_PLACEMENT_3D('',#10792,#8503,#8504);
#7374=AXIS2_PLACEMENT_3D('',#10797,#8506,#8507);
#7375=AXIS2_PLACEMENT_3D('',#10801,#8509,#8510);
#7376=AXIS2_PLACEMENT_3D('',#10805,#8512,#8513);
#7377=AXIS2_PLACEMENT_3D('',#10808,#8515,#8516);
#7378=AXIS2_PLACEMENT_3D('',#10813,#8518,#8519);
#7379=AXIS2_PLACEMENT_3D('',#10817,#8521,#8522);
#7380=AXIS2_PLACEMENT_3D('',#10821,#8524,#8525);
#7381=AXIS2_PLACEMENT_3D('',#10824,#8527,#8528);
#7382=AXIS2_PLACEMENT_3D('',#10829,#8530,#8531);
#7383=AXIS2_PLACEMENT_3D('',#10833,#8533,#8534);
#7384=AXIS2_PLACEMENT_3D('',#10837,#8536,#8537);
#7385=AXIS2_PLACEMENT_3D('',#10840,#8539,#8540);
#7386=AXIS2_PLACEMENT_3D('',#10845,#8542,#8543);
#7387=AXIS2_PLACEMENT_3D('',#10849,#8545,#8546);
#7388=AXIS2_PLACEMENT_3D('',#10853,#8548,#8549);
#7389=AXIS2_PLACEMENT_3D('',#10856,#8551,#8552);
#7390=AXIS2_PLACEMENT_3D('',#10861,#8554,#8555);
#7391=AXIS2_PLACEMENT_3D('',#10865,#8557,#8558);
#7392=AXIS2_PLACEMENT_3D('',#10869,#8560,#8561);
#7393=AXIS2_PLACEMENT_3D('',#10872,#8563,#8564);
#7394=AXIS2_PLACEMENT_3D('',#10877,#8566,#8567);
#7395=AXIS2_PLACEMENT_3D('',#10881,#8569,#8570);
#7396=AXIS2_PLACEMENT_3D('',#10885,#8572,#8573);
#7397=AXIS2_PLACEMENT_3D('',#10888,#8575,#8576);
#7398=AXIS2_PLACEMENT_3D('',#10893,#8578,#8579);
#7399=AXIS2_PLACEMENT_3D('',#10897,#8581,#8582);
#7400=AXIS2_PLACEMENT_3D('',#10901,#8584,#8585);
#7401=AXIS2_PLACEMENT_3D('',#10904,#8587,#8588);
#7402=AXIS2_PLACEMENT_3D('',#10909,#8590,#8591);
#7403=AXIS2_PLACEMENT_3D('',#10913,#8593,#8594);
#7404=AXIS2_PLACEMENT_3D('',#10917,#8596,#8597);
#7405=AXIS2_PLACEMENT_3D('',#10920,#8599,#8600);
#7406=AXIS2_PLACEMENT_3D('',#10925,#8602,#8603);
#7407=AXIS2_PLACEMENT_3D('',#10929,#8605,#8606);
#7408=AXIS2_PLACEMENT_3D('',#10933,#8608,#8609);
#7409=AXIS2_PLACEMENT_3D('',#10936,#8611,#8612);
#7410=AXIS2_PLACEMENT_3D('',#10941,#8614,#8615);
#7411=AXIS2_PLACEMENT_3D('',#10945,#8617,#8618);
#7412=AXIS2_PLACEMENT_3D('',#10949,#8620,#8621);
#7413=AXIS2_PLACEMENT_3D('',#10952,#8623,#8624);
#7414=AXIS2_PLACEMENT_3D('',#10957,#8626,#8627);
#7415=AXIS2_PLACEMENT_3D('',#10961,#8629,#8630);
#7416=AXIS2_PLACEMENT_3D('',#10965,#8632,#8633);
#7417=AXIS2_PLACEMENT_3D('',#10968,#8635,#8636);
#7418=AXIS2_PLACEMENT_3D('',#10973,#8638,#8639);
#7419=AXIS2_PLACEMENT_3D('',#10977,#8641,#8642);
#7420=AXIS2_PLACEMENT_3D('',#10981,#8644,#8645);
#7421=AXIS2_PLACEMENT_3D('',#10984,#8647,#8648);
#7422=AXIS2_PLACEMENT_3D('',#10989,#8650,#8651);
#7423=AXIS2_PLACEMENT_3D('',#10993,#8653,#8654);
#7424=AXIS2_PLACEMENT_3D('',#10997,#8656,#8657);
#7425=AXIS2_PLACEMENT_3D('',#11000,#8659,#8660);
#7426=AXIS2_PLACEMENT_3D('',#11005,#8662,#8663);
#7427=AXIS2_PLACEMENT_3D('',#11009,#8665,#8666);
#7428=AXIS2_PLACEMENT_3D('',#11013,#8668,#8669);
#7429=AXIS2_PLACEMENT_3D('',#11016,#8671,#8672);
#7430=AXIS2_PLACEMENT_3D('',#11021,#8674,#8675);
#7431=AXIS2_PLACEMENT_3D('',#11025,#8677,#8678);
#7432=AXIS2_PLACEMENT_3D('',#11029,#8680,#8681);
#7433=AXIS2_PLACEMENT_3D('',#11032,#8683,#8684);
#7434=AXIS2_PLACEMENT_3D('',#11037,#8686,#8687);
#7435=AXIS2_PLACEMENT_3D('',#11041,#8689,#8690);
#7436=AXIS2_PLACEMENT_3D('',#11045,#8692,#8693);
#7437=AXIS2_PLACEMENT_3D('',#11048,#8695,#8696);
#7438=AXIS2_PLACEMENT_3D('',#11053,#8698,#8699);
#7439=AXIS2_PLACEMENT_3D('',#11057,#8701,#8702);
#7440=AXIS2_PLACEMENT_3D('',#11061,#8704,#8705);
#7441=AXIS2_PLACEMENT_3D('',#11064,#8707,#8708);
#7442=AXIS2_PLACEMENT_3D('',#11069,#8710,#8711);
#7443=AXIS2_PLACEMENT_3D('',#11073,#8713,#8714);
#7444=AXIS2_PLACEMENT_3D('',#11077,#8716,#8717);
#7445=AXIS2_PLACEMENT_3D('',#11080,#8719,#8720);
#7446=AXIS2_PLACEMENT_3D('',#11085,#8722,#8723);
#7447=AXIS2_PLACEMENT_3D('',#11089,#8725,#8726);
#7448=AXIS2_PLACEMENT_3D('',#11093,#8728,#8729);
#7449=AXIS2_PLACEMENT_3D('',#11096,#8731,#8732);
#7450=AXIS2_PLACEMENT_3D('',#11101,#8734,#8735);
#7451=AXIS2_PLACEMENT_3D('',#11105,#8737,#8738);
#7452=AXIS2_PLACEMENT_3D('',#11109,#8740,#8741);
#7453=AXIS2_PLACEMENT_3D('',#11112,#8743,#8744);
#7454=AXIS2_PLACEMENT_3D('',#11117,#8746,#8747);
#7455=AXIS2_PLACEMENT_3D('',#11121,#8749,#8750);
#7456=AXIS2_PLACEMENT_3D('',#11125,#8752,#8753);
#7457=AXIS2_PLACEMENT_3D('',#11128,#8755,#8756);
#7458=AXIS2_PLACEMENT_3D('',#11133,#8758,#8759);
#7459=AXIS2_PLACEMENT_3D('',#11137,#8761,#8762);
#7460=AXIS2_PLACEMENT_3D('',#11141,#8764,#8765);
#7461=AXIS2_PLACEMENT_3D('',#11144,#8767,#8768);
#7462=AXIS2_PLACEMENT_3D('',#11149,#8770,#8771);
#7463=AXIS2_PLACEMENT_3D('',#11153,#8773,#8774);
#7464=AXIS2_PLACEMENT_3D('',#11157,#8776,#8777);
#7465=AXIS2_PLACEMENT_3D('',#11160,#8779,#8780);
#7466=AXIS2_PLACEMENT_3D('',#11165,#8782,#8783);
#7467=AXIS2_PLACEMENT_3D('',#11169,#8785,#8786);
#7468=AXIS2_PLACEMENT_3D('',#11173,#8788,#8789);
#7469=AXIS2_PLACEMENT_3D('',#11176,#8791,#8792);
#7470=AXIS2_PLACEMENT_3D('',#11181,#8794,#8795);
#7471=AXIS2_PLACEMENT_3D('',#11185,#8797,#8798);
#7472=AXIS2_PLACEMENT_3D('',#11189,#8800,#8801);
#7473=AXIS2_PLACEMENT_3D('',#11192,#8803,#8804);
#7474=AXIS2_PLACEMENT_3D('',#11197,#8806,#8807);
#7475=AXIS2_PLACEMENT_3D('',#11201,#8809,#8810);
#7476=AXIS2_PLACEMENT_3D('',#11205,#8812,#8813);
#7477=AXIS2_PLACEMENT_3D('',#11208,#8815,#8816);
#7478=AXIS2_PLACEMENT_3D('',#11213,#8818,#8819);
#7479=AXIS2_PLACEMENT_3D('',#11217,#8821,#8822);
#7480=AXIS2_PLACEMENT_3D('',#11221,#8824,#8825);
#7481=AXIS2_PLACEMENT_3D('',#11224,#8827,#8828);
#7482=AXIS2_PLACEMENT_3D('',#11229,#8830,#8831);
#7483=AXIS2_PLACEMENT_3D('',#11233,#8833,#8834);
#7484=AXIS2_PLACEMENT_3D('',#11237,#8836,#8837);
#7485=AXIS2_PLACEMENT_3D('',#11240,#8839,#8840);
#7486=AXIS2_PLACEMENT_3D('',#11245,#8842,#8843);
#7487=AXIS2_PLACEMENT_3D('',#11249,#8845,#8846);
#7488=AXIS2_PLACEMENT_3D('',#11253,#8848,#8849);
#7489=AXIS2_PLACEMENT_3D('',#11256,#8851,#8852);
#7490=AXIS2_PLACEMENT_3D('',#11261,#8854,#8855);
#7491=AXIS2_PLACEMENT_3D('',#11265,#8857,#8858);
#7492=AXIS2_PLACEMENT_3D('',#11269,#8860,#8861);
#7493=AXIS2_PLACEMENT_3D('',#11272,#8863,#8864);
#7494=AXIS2_PLACEMENT_3D('',#11277,#8866,#8867);
#7495=AXIS2_PLACEMENT_3D('',#11281,#8869,#8870);
#7496=AXIS2_PLACEMENT_3D('',#11285,#8872,#8873);
#7497=AXIS2_PLACEMENT_3D('',#11288,#8875,#8876);
#7498=AXIS2_PLACEMENT_3D('',#11293,#8878,#8879);
#7499=AXIS2_PLACEMENT_3D('',#11297,#8881,#8882);
#7500=AXIS2_PLACEMENT_3D('',#11301,#8884,#8885);
#7501=AXIS2_PLACEMENT_3D('',#11304,#8887,#8888);
#7502=AXIS2_PLACEMENT_3D('',#11309,#8890,#8891);
#7503=AXIS2_PLACEMENT_3D('',#11313,#8893,#8894);
#7504=AXIS2_PLACEMENT_3D('',#11317,#8896,#8897);
#7505=AXIS2_PLACEMENT_3D('',#11321,#8900,#8901);
#7506=AXIS2_PLACEMENT_3D('',#11325,#8903,#8904);
#7507=AXIS2_PLACEMENT_3D('',#11327,#8906,#8907);
#7508=AXIS2_PLACEMENT_3D('',#11331,#8909,#8910);
#7509=AXIS2_PLACEMENT_3D('',#11333,#8912,#8913);
#7510=AXIS2_PLACEMENT_3D('',#11337,#8915,#8916);
#7511=AXIS2_PLACEMENT_3D('',#11339,#8918,#8919);
#7512=AXIS2_PLACEMENT_3D('',#11343,#8921,#8922);
#7513=AXIS2_PLACEMENT_3D('',#11344,#8923,#8924);
#7514=AXIS2_PLACEMENT_3D('',#11346,#8926,#8927);
#7515=AXIS2_PLACEMENT_3D('',#11348,#8929,#8930);
#7516=AXIS2_PLACEMENT_3D('',#11351,#8933,#8934);
#7517=AXIS2_PLACEMENT_3D('',#11353,#8936,#8937);
#7518=AXIS2_PLACEMENT_3D('',#11355,#8939,#8940);
#7519=AXIS2_PLACEMENT_3D('',#11357,#8942,#8943);
#7520=AXIS2_PLACEMENT_3D('',#11359,#8945,#8946);
#7521=AXIS2_PLACEMENT_3D('',#11361,#8948,#8949);
#7522=AXIS2_PLACEMENT_3D('',#11363,#8951,#8952);
#7523=AXIS2_PLACEMENT_3D('',#11366,#8955,#8956);
#7524=AXIS2_PLACEMENT_3D('',#11368,#8958,#8959);
#7525=AXIS2_PLACEMENT_3D('',#11370,#8961,#8962);
#7526=AXIS2_PLACEMENT_3D('',#11372,#8964,#8965);
#7527=AXIS2_PLACEMENT_3D('',#11374,#8967,#8968);
#7528=AXIS2_PLACEMENT_3D('',#11376,#8970,#8971);
#7529=AXIS2_PLACEMENT_3D('',#11378,#8973,#8974);
#7530=AXIS2_PLACEMENT_3D('',#11381,#8977,#8978);
#7531=AXIS2_PLACEMENT_3D('',#11383,#8980,#8981);
#7532=AXIS2_PLACEMENT_3D('',#11385,#8983,#8984);
#7533=AXIS2_PLACEMENT_3D('',#11387,#8986,#8987);
#7534=AXIS2_PLACEMENT_3D('',#11389,#8989,#8990);
#7535=AXIS2_PLACEMENT_3D('',#11391,#8992,#8993);
#7536=AXIS2_PLACEMENT_3D('',#11393,#8995,#8996);
#7537=AXIS2_PLACEMENT_3D('',#11396,#8999,#9000);
#7538=AXIS2_PLACEMENT_3D('',#11398,#9002,#9003);
#7539=AXIS2_PLACEMENT_3D('',#11400,#9005,#9006);
#7540=AXIS2_PLACEMENT_3D('',#11402,#9008,#9009);
#7541=AXIS2_PLACEMENT_3D('',#11404,#9011,#9012);
#7542=AXIS2_PLACEMENT_3D('',#11406,#9014,#9015);
#7543=AXIS2_PLACEMENT_3D('',#11408,#9017,#9018);
#7544=AXIS2_PLACEMENT_3D('',#11411,#9021,#9022);
#7545=AXIS2_PLACEMENT_3D('',#11413,#9024,#9025);
#7546=AXIS2_PLACEMENT_3D('',#11415,#9027,#9028);
#7547=AXIS2_PLACEMENT_3D('',#11417,#9030,#9031);
#7548=AXIS2_PLACEMENT_3D('',#11419,#9033,#9034);
#7549=AXIS2_PLACEMENT_3D('',#11421,#9036,#9037);
#7550=AXIS2_PLACEMENT_3D('',#11423,#9039,#9040);
#7551=AXIS2_PLACEMENT_3D('',#11426,#9043,#9044);
#7552=AXIS2_PLACEMENT_3D('',#11428,#9046,#9047);
#7553=AXIS2_PLACEMENT_3D('',#11430,#9049,#9050);
#7554=AXIS2_PLACEMENT_3D('',#11432,#9052,#9053);
#7555=AXIS2_PLACEMENT_3D('',#11434,#9055,#9056);
#7556=AXIS2_PLACEMENT_3D('',#11436,#9058,#9059);
#7557=AXIS2_PLACEMENT_3D('',#11438,#9061,#9062);
#7558=AXIS2_PLACEMENT_3D('',#11441,#9065,#9066);
#7559=AXIS2_PLACEMENT_3D('',#11443,#9068,#9069);
#7560=AXIS2_PLACEMENT_3D('',#11445,#9071,#9072);
#7561=AXIS2_PLACEMENT_3D('',#11447,#9074,#9075);
#7562=AXIS2_PLACEMENT_3D('',#11449,#9077,#9078);
#7563=AXIS2_PLACEMENT_3D('',#11451,#9080,#9081);
#7564=AXIS2_PLACEMENT_3D('',#11453,#9083,#9084);
#7565=AXIS2_PLACEMENT_3D('',#11456,#9087,#9088);
#7566=AXIS2_PLACEMENT_3D('',#11458,#9090,#9091);
#7567=AXIS2_PLACEMENT_3D('',#11460,#9093,#9094);
#7568=AXIS2_PLACEMENT_3D('',#11462,#9096,#9097);
#7569=AXIS2_PLACEMENT_3D('',#11464,#9099,#9100);
#7570=AXIS2_PLACEMENT_3D('',#11466,#9102,#9103);
#7571=AXIS2_PLACEMENT_3D('',#11468,#9105,#9106);
#7572=AXIS2_PLACEMENT_3D('',#11470,#9108,#9109);
#7573=AXIS2_PLACEMENT_3D('',#11472,#9111,#9112);
#7574=AXIS2_PLACEMENT_3D('',#11473,#9113,#9114);
#7575=AXIS2_PLACEMENT_3D('',#11476,#9117,#9118);
#7576=AXIS2_PLACEMENT_3D('',#11478,#9120,#9121);
#7577=AXIS2_PLACEMENT_3D('',#11480,#9123,#9124);
#7578=AXIS2_PLACEMENT_3D('',#11482,#9126,#9127);
#7579=AXIS2_PLACEMENT_3D('',#11484,#9129,#9130);
#7580=AXIS2_PLACEMENT_3D('',#11486,#9132,#9133);
#7581=AXIS2_PLACEMENT_3D('',#11488,#9135,#9136);
#7582=AXIS2_PLACEMENT_3D('',#11491,#9139,#9140);
#7583=AXIS2_PLACEMENT_3D('',#11493,#9142,#9143);
#7584=AXIS2_PLACEMENT_3D('',#11495,#9145,#9146);
#7585=AXIS2_PLACEMENT_3D('',#11497,#9148,#9149);
#7586=AXIS2_PLACEMENT_3D('',#11499,#9151,#9152);
#7587=AXIS2_PLACEMENT_3D('',#11501,#9154,#9155);
#7588=AXIS2_PLACEMENT_3D('',#11503,#9157,#9158);
#7589=AXIS2_PLACEMENT_3D('',#11506,#9161,#9162);
#7590=AXIS2_PLACEMENT_3D('',#11508,#9164,#9165);
#7591=AXIS2_PLACEMENT_3D('',#11510,#9167,#9168);
#7592=AXIS2_PLACEMENT_3D('',#11512,#9170,#9171);
#7593=AXIS2_PLACEMENT_3D('',#11514,#9173,#9174);
#7594=AXIS2_PLACEMENT_3D('',#11516,#9176,#9177);
#7595=AXIS2_PLACEMENT_3D('',#11518,#9179,#9180);
#7596=AXIS2_PLACEMENT_3D('',#11521,#9183,#9184);
#7597=AXIS2_PLACEMENT_3D('',#11523,#9186,#9187);
#7598=AXIS2_PLACEMENT_3D('',#11525,#9189,#9190);
#7599=AXIS2_PLACEMENT_3D('',#11527,#9192,#9193);
#7600=AXIS2_PLACEMENT_3D('',#11529,#9195,#9196);
#7601=AXIS2_PLACEMENT_3D('',#11531,#9198,#9199);
#7602=AXIS2_PLACEMENT_3D('',#11533,#9201,#9202);
#7603=AXIS2_PLACEMENT_3D('',#11536,#9205,#9206);
#7604=AXIS2_PLACEMENT_3D('',#11538,#9208,#9209);
#7605=AXIS2_PLACEMENT_3D('',#11540,#9211,#9212);
#7606=AXIS2_PLACEMENT_3D('',#11542,#9214,#9215);
#7607=AXIS2_PLACEMENT_3D('',#11544,#9217,#9218);
#7608=AXIS2_PLACEMENT_3D('',#11546,#9220,#9221);
#7609=AXIS2_PLACEMENT_3D('',#11548,#9223,#9224);
#7610=AXIS2_PLACEMENT_3D('',#11551,#9227,#9228);
#7611=AXIS2_PLACEMENT_3D('',#11553,#9230,#9231);
#7612=AXIS2_PLACEMENT_3D('',#11555,#9233,#9234);
#7613=AXIS2_PLACEMENT_3D('',#11557,#9236,#9237);
#7614=AXIS2_PLACEMENT_3D('',#11559,#9239,#9240);
#7615=AXIS2_PLACEMENT_3D('',#11561,#9242,#9243);
#7616=AXIS2_PLACEMENT_3D('',#11563,#9245,#9246);
#7617=AXIS2_PLACEMENT_3D('',#11566,#9249,#9250);
#7618=AXIS2_PLACEMENT_3D('',#11568,#9252,#9253);
#7619=AXIS2_PLACEMENT_3D('',#11570,#9255,#9256);
#7620=AXIS2_PLACEMENT_3D('',#11572,#9258,#9259);
#7621=AXIS2_PLACEMENT_3D('',#11574,#9261,#9262);
#7622=AXIS2_PLACEMENT_3D('',#11576,#9264,#9265);
#7623=AXIS2_PLACEMENT_3D('',#11578,#9267,#9268);
#7624=AXIS2_PLACEMENT_3D('',#11581,#9271,#9272);
#7625=AXIS2_PLACEMENT_3D('',#11583,#9274,#9275);
#7626=AXIS2_PLACEMENT_3D('',#11585,#9277,#9278);
#7627=AXIS2_PLACEMENT_3D('',#11587,#9280,#9281);
#7628=AXIS2_PLACEMENT_3D('',#11589,#9283,#9284);
#7629=AXIS2_PLACEMENT_3D('',#11591,#9286,#9287);
#7630=AXIS2_PLACEMENT_3D('',#11593,#9289,#9290);
#7631=AXIS2_PLACEMENT_3D('',#11596,#9293,#9294);
#7632=AXIS2_PLACEMENT_3D('',#11598,#9296,#9297);
#7633=AXIS2_PLACEMENT_3D('',#11600,#9299,#9300);
#7634=AXIS2_PLACEMENT_3D('',#11602,#9302,#9303);
#7635=AXIS2_PLACEMENT_3D('',#11604,#9305,#9306);
#7636=AXIS2_PLACEMENT_3D('',#11606,#9308,#9309);
#7637=AXIS2_PLACEMENT_3D('',#11608,#9311,#9312);
#7638=AXIS2_PLACEMENT_3D('',#11611,#9315,#9316);
#7639=AXIS2_PLACEMENT_3D('',#11613,#9318,#9319);
#7640=AXIS2_PLACEMENT_3D('',#11615,#9321,#9322);
#7641=AXIS2_PLACEMENT_3D('',#11617,#9324,#9325);
#7642=AXIS2_PLACEMENT_3D('',#11619,#9327,#9328);
#7643=AXIS2_PLACEMENT_3D('',#11621,#9330,#9331);
#7644=AXIS2_PLACEMENT_3D('',#11623,#9333,#9334);
#7645=AXIS2_PLACEMENT_3D('',#11626,#9337,#9338);
#7646=AXIS2_PLACEMENT_3D('',#11628,#9340,#9341);
#7647=AXIS2_PLACEMENT_3D('',#11630,#9343,#9344);
#7648=AXIS2_PLACEMENT_3D('',#11632,#9346,#9347);
#7649=AXIS2_PLACEMENT_3D('',#11634,#9349,#9350);
#7650=AXIS2_PLACEMENT_3D('',#11636,#9352,#9353);
#7651=AXIS2_PLACEMENT_3D('',#11638,#9355,#9356);
#7652=AXIS2_PLACEMENT_3D('',#11641,#9359,#9360);
#7653=AXIS2_PLACEMENT_3D('',#11643,#9362,#9363);
#7654=AXIS2_PLACEMENT_3D('',#11645,#9365,#9366);
#7655=AXIS2_PLACEMENT_3D('',#11647,#9368,#9369);
#7656=AXIS2_PLACEMENT_3D('',#11649,#9371,#9372);
#7657=AXIS2_PLACEMENT_3D('',#11651,#9374,#9375);
#7658=AXIS2_PLACEMENT_3D('',#11653,#9377,#9378);
#7659=AXIS2_PLACEMENT_3D('',#11656,#9381,#9382);
#7660=AXIS2_PLACEMENT_3D('',#11658,#9384,#9385);
#7661=AXIS2_PLACEMENT_3D('',#11660,#9387,#9388);
#7662=AXIS2_PLACEMENT_3D('',#11662,#9390,#9391);
#7663=AXIS2_PLACEMENT_3D('',#11664,#9393,#9394);
#7664=AXIS2_PLACEMENT_3D('',#11666,#9396,#9397);
#7665=AXIS2_PLACEMENT_3D('',#11668,#9399,#9400);
#7666=AXIS2_PLACEMENT_3D('',#11671,#9403,#9404);
#7667=AXIS2_PLACEMENT_3D('',#11673,#9406,#9407);
#7668=AXIS2_PLACEMENT_3D('',#11675,#9409,#9410);
#7669=AXIS2_PLACEMENT_3D('',#11677,#9412,#9413);
#7670=AXIS2_PLACEMENT_3D('',#11679,#9415,#9416);
#7671=AXIS2_PLACEMENT_3D('',#11681,#9418,#9419);
#7672=AXIS2_PLACEMENT_3D('',#11683,#9421,#9422);
#7673=AXIS2_PLACEMENT_3D('',#11686,#9425,#9426);
#7674=AXIS2_PLACEMENT_3D('',#11688,#9428,#9429);
#7675=AXIS2_PLACEMENT_3D('',#11690,#9431,#9432);
#7676=AXIS2_PLACEMENT_3D('',#11692,#9434,#9435);
#7677=AXIS2_PLACEMENT_3D('',#11694,#9437,#9438);
#7678=AXIS2_PLACEMENT_3D('',#11696,#9440,#9441);
#7679=AXIS2_PLACEMENT_3D('',#11698,#9443,#9444);
#7680=AXIS2_PLACEMENT_3D('',#11700,#9446,#9447);
#7681=AXIS2_PLACEMENT_3D('',#11702,#9449,#9450);
#7682=AXIS2_PLACEMENT_3D('',#11703,#9451,#9452);
#7683=AXIS2_PLACEMENT_3D('',#11706,#9455,#9456);
#7684=AXIS2_PLACEMENT_3D('',#11708,#9458,#9459);
#7685=AXIS2_PLACEMENT_3D('',#11710,#9461,#9462);
#7686=AXIS2_PLACEMENT_3D('',#11712,#9464,#9465);
#7687=AXIS2_PLACEMENT_3D('',#11714,#9467,#9468);
#7688=AXIS2_PLACEMENT_3D('',#11716,#9470,#9471);
#7689=AXIS2_PLACEMENT_3D('',#11718,#9473,#9474);
#7690=AXIS2_PLACEMENT_3D('',#11721,#9477,#9478);
#7691=AXIS2_PLACEMENT_3D('',#11723,#9480,#9481);
#7692=AXIS2_PLACEMENT_3D('',#11725,#9483,#9484);
#7693=AXIS2_PLACEMENT_3D('',#11727,#9486,#9487);
#7694=AXIS2_PLACEMENT_3D('',#11729,#9489,#9490);
#7695=AXIS2_PLACEMENT_3D('',#11731,#9492,#9493);
#7696=AXIS2_PLACEMENT_3D('',#11733,#9495,#9496);
#7697=AXIS2_PLACEMENT_3D('',#11736,#9499,#9500);
#7698=AXIS2_PLACEMENT_3D('',#11738,#9502,#9503);
#7699=AXIS2_PLACEMENT_3D('',#11740,#9505,#9506);
#7700=AXIS2_PLACEMENT_3D('',#11742,#9508,#9509);
#7701=AXIS2_PLACEMENT_3D('',#11744,#9511,#9512);
#7702=AXIS2_PLACEMENT_3D('',#11746,#9514,#9515);
#7703=AXIS2_PLACEMENT_3D('',#11748,#9517,#9518);
#7704=AXIS2_PLACEMENT_3D('',#11751,#9521,#9522);
#7705=AXIS2_PLACEMENT_3D('',#11753,#9524,#9525);
#7706=AXIS2_PLACEMENT_3D('',#11755,#9527,#9528);
#7707=AXIS2_PLACEMENT_3D('',#11757,#9530,#9531);
#7708=AXIS2_PLACEMENT_3D('',#11759,#9533,#9534);
#7709=AXIS2_PLACEMENT_3D('',#11761,#9536,#9537);
#7710=AXIS2_PLACEMENT_3D('',#11763,#9539,#9540);
#7711=AXIS2_PLACEMENT_3D('',#11766,#9543,#9544);
#7712=AXIS2_PLACEMENT_3D('',#11768,#9546,#9547);
#7713=AXIS2_PLACEMENT_3D('',#11770,#9549,#9550);
#7714=AXIS2_PLACEMENT_3D('',#11772,#9552,#9553);
#7715=AXIS2_PLACEMENT_3D('',#11774,#9555,#9556);
#7716=AXIS2_PLACEMENT_3D('',#11776,#9558,#9559);
#7717=AXIS2_PLACEMENT_3D('',#11778,#9561,#9562);
#7718=AXIS2_PLACEMENT_3D('',#11781,#9565,#9566);
#7719=AXIS2_PLACEMENT_3D('',#11783,#9568,#9569);
#7720=AXIS2_PLACEMENT_3D('',#11785,#9571,#9572);
#7721=AXIS2_PLACEMENT_3D('',#11787,#9574,#9575);
#7722=AXIS2_PLACEMENT_3D('',#11789,#9577,#9578);
#7723=AXIS2_PLACEMENT_3D('',#11791,#9580,#9581);
#7724=AXIS2_PLACEMENT_3D('',#11793,#9583,#9584);
#7725=AXIS2_PLACEMENT_3D('',#11796,#9587,#9588);
#7726=AXIS2_PLACEMENT_3D('',#11798,#9590,#9591);
#7727=AXIS2_PLACEMENT_3D('',#11800,#9593,#9594);
#7728=AXIS2_PLACEMENT_3D('',#11802,#9596,#9597);
#7729=AXIS2_PLACEMENT_3D('',#11804,#9599,#9600);
#7730=AXIS2_PLACEMENT_3D('',#11806,#9602,#9603);
#7731=AXIS2_PLACEMENT_3D('',#11808,#9605,#9606);
#7732=AXIS2_PLACEMENT_3D('',#11811,#9609,#9610);
#7733=AXIS2_PLACEMENT_3D('',#11813,#9612,#9613);
#7734=AXIS2_PLACEMENT_3D('',#11815,#9615,#9616);
#7735=AXIS2_PLACEMENT_3D('',#11817,#9618,#9619);
#7736=AXIS2_PLACEMENT_3D('',#11819,#9621,#9622);
#7737=AXIS2_PLACEMENT_3D('',#11821,#9624,#9625);
#7738=AXIS2_PLACEMENT_3D('',#11823,#9627,#9628);
#7739=AXIS2_PLACEMENT_3D('',#11825,#9630,#9631);
#7740=AXIS2_PLACEMENT_3D('',#11827,#9633,#9634);
#7741=AXIS2_PLACEMENT_3D('',#11828,#9635,#9636);
#7742=AXIS2_PLACEMENT_3D('',#11831,#9639,#9640);
#7743=AXIS2_PLACEMENT_3D('',#11833,#9642,#9643);
#7744=AXIS2_PLACEMENT_3D('',#11835,#9645,#9646);
#7745=AXIS2_PLACEMENT_3D('',#11837,#9648,#9649);
#7746=AXIS2_PLACEMENT_3D('',#11839,#9651,#9652);
#7747=AXIS2_PLACEMENT_3D('',#11841,#9654,#9655);
#7748=AXIS2_PLACEMENT_3D('',#11843,#9657,#9658);
#7749=AXIS2_PLACEMENT_3D('',#11846,#9661,#9662);
#7750=AXIS2_PLACEMENT_3D('',#11848,#9664,#9665);
#7751=AXIS2_PLACEMENT_3D('',#11850,#9667,#9668);
#7752=AXIS2_PLACEMENT_3D('',#11852,#9670,#9671);
#7753=AXIS2_PLACEMENT_3D('',#11854,#9673,#9674);
#7754=AXIS2_PLACEMENT_3D('',#11856,#9676,#9677);
#7755=AXIS2_PLACEMENT_3D('',#11858,#9679,#9680);
#7756=AXIS2_PLACEMENT_3D('',#11861,#9683,#9684);
#7757=AXIS2_PLACEMENT_3D('',#11863,#9686,#9687);
#7758=AXIS2_PLACEMENT_3D('',#11865,#9689,#9690);
#7759=AXIS2_PLACEMENT_3D('',#11867,#9692,#9693);
#7760=AXIS2_PLACEMENT_3D('',#11869,#9695,#9696);
#7761=AXIS2_PLACEMENT_3D('',#11871,#9698,#9699);
#7762=AXIS2_PLACEMENT_3D('',#11873,#9701,#9702);
#7763=AXIS2_PLACEMENT_3D('',#11876,#9705,#9706);
#7764=AXIS2_PLACEMENT_3D('',#11878,#9708,#9709);
#7765=AXIS2_PLACEMENT_3D('',#11880,#9711,#9712);
#7766=AXIS2_PLACEMENT_3D('',#11882,#9714,#9715);
#7767=AXIS2_PLACEMENT_3D('',#11884,#9717,#9718);
#7768=AXIS2_PLACEMENT_3D('',#11886,#9720,#9721);
#7769=AXIS2_PLACEMENT_3D('',#11888,#9723,#9724);
#7770=AXIS2_PLACEMENT_3D('',#11891,#9727,#9728);
#7771=AXIS2_PLACEMENT_3D('',#11893,#9730,#9731);
#7772=AXIS2_PLACEMENT_3D('',#11895,#9733,#9734);
#7773=AXIS2_PLACEMENT_3D('',#11897,#9736,#9737);
#7774=AXIS2_PLACEMENT_3D('',#11899,#9739,#9740);
#7775=AXIS2_PLACEMENT_3D('',#11901,#9742,#9743);
#7776=AXIS2_PLACEMENT_3D('',#11903,#9745,#9746);
#7777=AXIS2_PLACEMENT_3D('',#11906,#9749,#9750);
#7778=AXIS2_PLACEMENT_3D('',#11908,#9752,#9753);
#7779=AXIS2_PLACEMENT_3D('',#11910,#9755,#9756);
#7780=AXIS2_PLACEMENT_3D('',#11912,#9758,#9759);
#7781=AXIS2_PLACEMENT_3D('',#11914,#9761,#9762);
#7782=AXIS2_PLACEMENT_3D('',#11916,#9764,#9765);
#7783=AXIS2_PLACEMENT_3D('',#11918,#9767,#9768);
#7784=AXIS2_PLACEMENT_3D('',#11921,#9771,#9772);
#7785=AXIS2_PLACEMENT_3D('',#11923,#9774,#9775);
#7786=AXIS2_PLACEMENT_3D('',#11925,#9777,#9778);
#7787=AXIS2_PLACEMENT_3D('',#11927,#9780,#9781);
#7788=AXIS2_PLACEMENT_3D('',#11929,#9783,#9784);
#7789=AXIS2_PLACEMENT_3D('',#11931,#9786,#9787);
#7790=AXIS2_PLACEMENT_3D('',#11933,#9789,#9790);
#7791=AXIS2_PLACEMENT_3D('',#11936,#9793,#9794);
#7792=AXIS2_PLACEMENT_3D('',#11938,#9796,#9797);
#7793=AXIS2_PLACEMENT_3D('',#11940,#9799,#9800);
#7794=AXIS2_PLACEMENT_3D('',#11942,#9802,#9803);
#7795=AXIS2_PLACEMENT_3D('',#11944,#9805,#9806);
#7796=AXIS2_PLACEMENT_3D('',#11946,#9808,#9809);
#7797=AXIS2_PLACEMENT_3D('',#11948,#9811,#9812);
#7798=AXIS2_PLACEMENT_3D('',#11949,#9813,#9814);
#7799=AXIS2_PLACEMENT_3D('',#11950,#9815,#9816);
#7800=AXIS2_PLACEMENT_3D('',#11951,#9817,#9818);
#7801=AXIS2_PLACEMENT_3D('',#11952,#9819,#9820);
#7802=AXIS2_PLACEMENT_3D('',#11953,#9821,#9822);
#7803=AXIS2_PLACEMENT_3D('',#11954,#9823,#9824);
#7804=AXIS2_PLACEMENT_3D('',#11955,#9825,#9826);
#7805=AXIS2_PLACEMENT_3D('',#11956,#9827,#9828);
#7806=AXIS2_PLACEMENT_3D('',#11957,#9829,#9830);
#7807=AXIS2_PLACEMENT_3D('',#11958,#9831,#9832);
#7808=AXIS2_PLACEMENT_3D('',#11959,#9833,#9834);
#7809=AXIS2_PLACEMENT_3D('',#11960,#9835,#9836);
#7810=AXIS2_PLACEMENT_3D('',#11961,#9837,#9838);
#7811=AXIS2_PLACEMENT_3D('',#11962,#9839,#9840);
#7812=AXIS2_PLACEMENT_3D('',#11963,#9841,#9842);
#7813=AXIS2_PLACEMENT_3D('',#11964,#9843,#9844);
#7814=AXIS2_PLACEMENT_3D('',#11965,#9845,#9846);
#7815=AXIS2_PLACEMENT_3D('',#11966,#9847,#9848);
#7816=AXIS2_PLACEMENT_3D('',#11967,#9849,#9850);
#7817=AXIS2_PLACEMENT_3D('',#11968,#9851,#9852);
#7818=AXIS2_PLACEMENT_3D('',#11969,#9853,#9854);
#7819=AXIS2_PLACEMENT_3D('',#11970,#9855,#9856);
#7820=AXIS2_PLACEMENT_3D('',#11971,#9857,#9858);
#7821=AXIS2_PLACEMENT_3D('',#11972,#9859,#9860);
#7822=AXIS2_PLACEMENT_3D('',#11973,#9861,#9862);
#7823=AXIS2_PLACEMENT_3D('',#11974,#9863,#9864);
#7824=AXIS2_PLACEMENT_3D('',#11975,#9865,#9866);
#7825=AXIS2_PLACEMENT_3D('',#11976,#9867,#9868);
#7826=AXIS2_PLACEMENT_3D('',#11977,#9869,#9870);
#7827=AXIS2_PLACEMENT_3D('',#11978,#9871,#9872);
#7828=AXIS2_PLACEMENT_3D('',#11979,#9873,#9874);
#7829=AXIS2_PLACEMENT_3D('',#11980,#9875,#9876);
#7830=AXIS2_PLACEMENT_3D('',#11981,#9877,#9878);
#7831=AXIS2_PLACEMENT_3D('',#11982,#9879,#9880);
#7832=AXIS2_PLACEMENT_3D('',#11983,#9881,#9882);
#7833=AXIS2_PLACEMENT_3D('',#11984,#9883,#9884);
#7834=AXIS2_PLACEMENT_3D('',#11985,#9885,#9886);
#7835=AXIS2_PLACEMENT_3D('',#11986,#9887,#9888);
#7836=AXIS2_PLACEMENT_3D('',#11987,#9889,#9890);
#7837=AXIS2_PLACEMENT_3D('',#11988,#9891,#9892);
#7838=AXIS2_PLACEMENT_3D('',#11989,#9893,#9894);
#7839=AXIS2_PLACEMENT_3D('',#11990,#9895,#9896);
#7840=AXIS2_PLACEMENT_3D('',#11991,#9897,#9898);
#7841=AXIS2_PLACEMENT_3D('',#11992,#9899,#9900);
#7842=AXIS2_PLACEMENT_3D('',#11993,#9901,#9902);
#7843=AXIS2_PLACEMENT_3D('',#11994,#9903,#9904);
#7844=AXIS2_PLACEMENT_3D('',#11998,#9907,#9908);
#7845=AXIS2_PLACEMENT_3D('',#11999,#9909,#9910);
#7846=AXIS2_PLACEMENT_3D('',#12000,#9911,#9912);
#7847=AXIS2_PLACEMENT_3D('',#12004,#9915,#9916);
#7848=AXIS2_PLACEMENT_3D('',#12008,#9919,#9920);
#7849=AXIS2_PLACEMENT_3D('',#12010,#9922,#9923);
#7850=AXIS2_PLACEMENT_3D('',#12011,#9924,#9925);
#7851=AXIS2_PLACEMENT_3D('',#12015,#9928,#9929);
#7852=AXIS2_PLACEMENT_3D('',#12017,#9931,#9932);
#7853=DIRECTION('',(0.,0.,1.));
#7854=DIRECTION('',(1.,0.,0.));
#7855=DIRECTION('',(0.,1.,0.));
#7856=DIRECTION('',(1.,0.,0.));
#7857=DIRECTION('',(1.,0.,0.));
#7858=DIRECTION('',(0.,0.,-1.));
#7859=DIRECTION('',(1.,0.,0.));
#7860=DIRECTION('',(0.,0.,-1.));
#7861=DIRECTION('',(1.,0.,0.));
#7862=DIRECTION('',(0.,0.,-1.));
#7863=DIRECTION('',(0.,0.,1.));
#7864=DIRECTION('',(1.,0.,0.));
#7865=DIRECTION('',(0.,0.,1.));
#7866=DIRECTION('',(0.,-1.,0.));
#7867=DIRECTION('',(1.,0.,0.));
#7868=DIRECTION('',(0.,0.,1.));
#7869=DIRECTION('',(0.,-1.,0.));
#7870=DIRECTION('',(0.,1.,0.));
#7871=DIRECTION('',(0.,0.,1.));
#7872=DIRECTION('',(0.,-1.,0.));
#7873=DIRECTION('',(-1.,0.,0.));
#7874=DIRECTION('',(0.,0.,1.));
#7875=DIRECTION('',(0.,-1.,0.));
#7876=DIRECTION('',(0.,-1.,0.));
#7877=DIRECTION('',(0.,0.,1.));
#7878=DIRECTION('',(0.,-1.,0.));
#7879=DIRECTION('',(1.,0.,0.));
#7880=DIRECTION('',(0.,0.,1.));
#7881=DIRECTION('',(0.,-1.,0.));
#7882=DIRECTION('',(0.,1.,0.));
#7883=DIRECTION('',(0.,0.,1.));
#7884=DIRECTION('',(0.,-1.,0.));
#7885=DIRECTION('',(-1.,0.,0.));
#7886=DIRECTION('',(0.,0.,1.));
#7887=DIRECTION('',(0.,-1.,0.));
#7888=DIRECTION('',(0.,-1.,0.));
#7889=DIRECTION('',(0.,0.,1.));
#7890=DIRECTION('',(0.,-1.,0.));
#7891=DIRECTION('',(1.,0.,0.));
#7892=DIRECTION('',(0.,0.,1.));
#7893=DIRECTION('',(0.,-1.,0.));
#7894=DIRECTION('',(0.,1.,0.));
#7895=DIRECTION('',(0.,0.,1.));
#7896=DIRECTION('',(0.,-1.,0.));
#7897=DIRECTION('',(-1.,0.,0.));
#7898=DIRECTION('',(0.,0.,1.));
#7899=DIRECTION('',(0.,-1.,0.));
#7900=DIRECTION('',(0.,-1.,0.));
#7901=DIRECTION('',(0.,0.,1.));
#7902=DIRECTION('',(0.,-1.,0.));
#7903=DIRECTION('',(1.,0.,0.));
#7904=DIRECTION('',(0.,0.,1.));
#7905=DIRECTION('',(0.,-1.,0.));
#7906=DIRECTION('',(0.,1.,0.));
#7907=DIRECTION('',(0.,0.,1.));
#7908=DIRECTION('',(0.,-1.,0.));
#7909=DIRECTION('',(-1.,0.,0.));
#7910=DIRECTION('',(0.,0.,1.));
#7911=DIRECTION('',(0.,-1.,0.));
#7912=DIRECTION('',(0.,-1.,0.));
#7913=DIRECTION('',(0.,0.,1.));
#7914=DIRECTION('',(0.,-1.,0.));
#7915=DIRECTION('',(1.,0.,0.));
#7916=DIRECTION('',(0.,0.,1.));
#7917=DIRECTION('',(0.,-1.,0.));
#7918=DIRECTION('',(0.,1.,0.));
#7919=DIRECTION('',(0.,0.,1.));
#7920=DIRECTION('',(0.,-1.,0.));
#7921=DIRECTION('',(-1.,0.,0.));
#7922=DIRECTION('',(0.,0.,1.));
#7923=DIRECTION('',(0.,-1.,0.));
#7924=DIRECTION('',(0.,-1.,0.));
#7925=DIRECTION('',(0.,0.,1.));
#7926=DIRECTION('',(0.,-1.,0.));
#7927=DIRECTION('',(1.,0.,0.));
#7928=DIRECTION('',(0.,0.,1.));
#7929=DIRECTION('',(0.,-1.,0.));
#7930=DIRECTION('',(0.,1.,0.));
#7931=DIRECTION('',(0.,0.,1.));
#7932=DIRECTION('',(0.,-1.,0.));
#7933=DIRECTION('',(-1.,0.,0.));
#7934=DIRECTION('',(0.,0.,1.));
#7935=DIRECTION('',(0.,-1.,0.));
#7936=DIRECTION('',(0.,-1.,0.));
#7937=DIRECTION('',(0.,0.,1.));
#7938=DIRECTION('',(0.,-1.,0.));
#7939=DIRECTION('',(1.,0.,0.));
#7940=DIRECTION('',(0.,0.,1.));
#7941=DIRECTION('',(0.,-1.,0.));
#7942=DIRECTION('',(0.,1.,0.));
#7943=DIRECTION('',(0.,0.,1.));
#7944=DIRECTION('',(0.,-1.,0.));
#7945=DIRECTION('',(-1.,0.,0.));
#7946=DIRECTION('',(0.,0.,1.));
#7947=DIRECTION('',(0.,-1.,0.));
#7948=DIRECTION('',(0.,-1.,0.));
#7949=DIRECTION('',(0.,0.,1.));
#7950=DIRECTION('',(0.,-1.,0.));
#7951=DIRECTION('',(1.,0.,0.));
#7952=DIRECTION('',(0.,0.,1.));
#7953=DIRECTION('',(0.,-1.,0.));
#7954=DIRECTION('',(0.,1.,0.));
#7955=DIRECTION('',(0.,0.,1.));
#7956=DIRECTION('',(0.,-1.,0.));
#7957=DIRECTION('',(-1.,0.,0.));
#7958=DIRECTION('',(0.,0.,1.));
#7959=DIRECTION('',(0.,-1.,0.));
#7960=DIRECTION('',(0.,-1.,0.));
#7961=DIRECTION('',(0.,0.,1.));
#7962=DIRECTION('',(0.,-1.,0.));
#7963=DIRECTION('',(1.,0.,0.));
#7964=DIRECTION('',(0.,0.,1.));
#7965=DIRECTION('',(0.,-1.,0.));
#7966=DIRECTION('',(0.,1.,0.));
#7967=DIRECTION('',(0.,0.,1.));
#7968=DIRECTION('',(0.,-1.,0.));
#7969=DIRECTION('',(-1.,0.,0.));
#7970=DIRECTION('',(0.,0.,1.));
#7971=DIRECTION('',(0.,-1.,0.));
#7972=DIRECTION('',(0.,-1.,0.));
#7973=DIRECTION('',(0.,0.,1.));
#7974=DIRECTION('',(0.,-1.,0.));
#7975=DIRECTION('',(1.,0.,0.));
#7976=DIRECTION('',(0.,0.,1.));
#7977=DIRECTION('',(0.,-1.,0.));
#7978=DIRECTION('',(0.,1.,0.));
#7979=DIRECTION('',(0.,0.,1.));
#7980=DIRECTION('',(0.,-1.,0.));
#7981=DIRECTION('',(-1.,0.,0.));
#7982=DIRECTION('',(0.,0.,1.));
#7983=DIRECTION('',(0.,-1.,0.));
#7984=DIRECTION('',(0.,-1.,0.));
#7985=DIRECTION('',(0.,0.,1.));
#7986=DIRECTION('',(0.,-1.,0.));
#7987=DIRECTION('',(1.,0.,0.));
#7988=DIRECTION('',(0.,0.,1.));
#7989=DIRECTION('',(0.,-1.,0.));
#7990=DIRECTION('',(0.,1.,0.));
#7991=DIRECTION('',(0.,0.,1.));
#7992=DIRECTION('',(0.,-1.,0.));
#7993=DIRECTION('',(-1.,0.,0.));
#7994=DIRECTION('',(0.,0.,1.));
#7995=DIRECTION('',(0.,-1.,0.));
#7996=DIRECTION('',(0.,-1.,0.));
#7997=DIRECTION('',(0.,0.,1.));
#7998=DIRECTION('',(0.,-1.,0.));
#7999=DIRECTION('',(1.,0.,0.));
#8000=DIRECTION('',(0.,0.,1.));
#8001=DIRECTION('',(0.,-1.,0.));
#8002=DIRECTION('',(0.,1.,0.));
#8003=DIRECTION('',(0.,0.,1.));
#8004=DIRECTION('',(0.,-1.,0.));
#8005=DIRECTION('',(-1.,0.,0.));
#8006=DIRECTION('',(0.,0.,1.));
#8007=DIRECTION('',(0.,-1.,0.));
#8008=DIRECTION('',(0.,-1.,0.));
#8009=DIRECTION('',(0.,0.,1.));
#8010=DIRECTION('',(0.,-1.,0.));
#8011=DIRECTION('',(1.,0.,0.));
#8012=DIRECTION('',(0.,0.,1.));
#8013=DIRECTION('',(0.,-1.,0.));
#8014=DIRECTION('',(0.,1.,0.));
#8015=DIRECTION('',(0.,0.,1.));
#8016=DIRECTION('',(0.,-1.,0.));
#8017=DIRECTION('',(-1.,0.,0.));
#8018=DIRECTION('',(0.,0.,1.));
#8019=DIRECTION('',(0.,-1.,0.));
#8020=DIRECTION('',(0.,-1.,0.));
#8021=DIRECTION('',(0.,0.,1.));
#8022=DIRECTION('',(0.,-1.,0.));
#8023=DIRECTION('',(1.,0.,0.));
#8024=DIRECTION('',(0.,0.,1.));
#8025=DIRECTION('',(0.,-1.,0.));
#8026=DIRECTION('',(0.,1.,0.));
#8027=DIRECTION('',(0.,0.,1.));
#8028=DIRECTION('',(0.,-1.,0.));
#8029=DIRECTION('',(-1.,0.,0.));
#8030=DIRECTION('',(0.,0.,1.));
#8031=DIRECTION('',(0.,-1.,0.));
#8032=DIRECTION('',(0.,-1.,0.));
#8033=DIRECTION('',(0.,0.,1.));
#8034=DIRECTION('',(0.,-1.,0.));
#8035=DIRECTION('',(1.,0.,0.));
#8036=DIRECTION('',(0.,0.,1.));
#8037=DIRECTION('',(0.,-1.,0.));
#8038=DIRECTION('',(0.,1.,0.));
#8039=DIRECTION('',(0.,0.,1.));
#8040=DIRECTION('',(0.,-1.,0.));
#8041=DIRECTION('',(-1.,0.,0.));
#8042=DIRECTION('',(0.,0.,1.));
#8043=DIRECTION('',(0.,-1.,0.));
#8044=DIRECTION('',(0.,-1.,0.));
#8045=DIRECTION('',(0.,0.,1.));
#8046=DIRECTION('',(0.,-1.,0.));
#8047=DIRECTION('',(1.,0.,0.));
#8048=DIRECTION('',(0.,0.,1.));
#8049=DIRECTION('',(0.,-1.,0.));
#8050=DIRECTION('',(0.,1.,0.));
#8051=DIRECTION('',(0.,0.,1.));
#8052=DIRECTION('',(0.,-1.,0.));
#8053=DIRECTION('',(-1.,0.,0.));
#8054=DIRECTION('',(0.,0.,1.));
#8055=DIRECTION('',(0.,-1.,0.));
#8056=DIRECTION('',(0.,-1.,0.));
#8057=DIRECTION('',(0.,0.,1.));
#8058=DIRECTION('',(0.,-1.,0.));
#8059=DIRECTION('',(1.,0.,0.));
#8060=DIRECTION('',(0.,0.,1.));
#8061=DIRECTION('',(0.,-1.,0.));
#8062=DIRECTION('',(0.,1.,0.));
#8063=DIRECTION('',(0.,0.,1.));
#8064=DIRECTION('',(0.,-1.,0.));
#8065=DIRECTION('',(-1.,0.,0.));
#8066=DIRECTION('',(0.,0.,1.));
#8067=DIRECTION('',(0.,-1.,0.));
#8068=DIRECTION('',(0.,-1.,0.));
#8069=DIRECTION('',(0.,0.,1.));
#8070=DIRECTION('',(0.,-1.,0.));
#8071=DIRECTION('',(1.,0.,0.));
#8072=DIRECTION('',(0.,0.,1.));
#8073=DIRECTION('',(0.,-1.,0.));
#8074=DIRECTION('',(0.,1.,0.));
#8075=DIRECTION('',(0.,0.,1.));
#8076=DIRECTION('',(0.,-1.,0.));
#8077=DIRECTION('',(-1.,0.,0.));
#8078=DIRECTION('',(0.,0.,1.));
#8079=DIRECTION('',(0.,-1.,0.));
#8080=DIRECTION('',(0.,-1.,0.));
#8081=DIRECTION('',(0.,0.,1.));
#8082=DIRECTION('',(0.,-1.,0.));
#8083=DIRECTION('',(1.,0.,0.));
#8084=DIRECTION('',(0.,0.,1.));
#8085=DIRECTION('',(0.,-1.,0.));
#8086=DIRECTION('',(0.,1.,0.));
#8087=DIRECTION('',(0.,0.,1.));
#8088=DIRECTION('',(0.,-1.,0.));
#8089=DIRECTION('',(-1.,0.,0.));
#8090=DIRECTION('',(0.,0.,1.));
#8091=DIRECTION('',(0.,-1.,0.));
#8092=DIRECTION('',(0.,-1.,0.));
#8093=DIRECTION('',(0.,0.,1.));
#8094=DIRECTION('',(0.,-1.,0.));
#8095=DIRECTION('',(1.,0.,0.));
#8096=DIRECTION('',(0.,0.,1.));
#8097=DIRECTION('',(0.,-1.,0.));
#8098=DIRECTION('',(0.,1.,0.));
#8099=DIRECTION('',(0.,0.,1.));
#8100=DIRECTION('',(0.,-1.,0.));
#8101=DIRECTION('',(-1.,0.,0.));
#8102=DIRECTION('',(0.,0.,1.));
#8103=DIRECTION('',(0.,-1.,0.));
#8104=DIRECTION('',(0.,-1.,0.));
#8105=DIRECTION('',(0.,0.,1.));
#8106=DIRECTION('',(0.,-1.,0.));
#8107=DIRECTION('',(1.,0.,0.));
#8108=DIRECTION('',(0.,0.,1.));
#8109=DIRECTION('',(0.,-1.,0.));
#8110=DIRECTION('',(0.,1.,0.));
#8111=DIRECTION('',(0.,0.,1.));
#8112=DIRECTION('',(0.,-1.,0.));
#8113=DIRECTION('',(-1.,0.,0.));
#8114=DIRECTION('',(0.,0.,1.));
#8115=DIRECTION('',(0.,-1.,0.));
#8116=DIRECTION('',(0.,-1.,0.));
#8117=DIRECTION('',(0.,0.,1.));
#8118=DIRECTION('',(0.,-1.,0.));
#8119=DIRECTION('',(1.,0.,0.));
#8120=DIRECTION('',(0.,0.,1.));
#8121=DIRECTION('',(0.,-1.,0.));
#8122=DIRECTION('',(0.,1.,0.));
#8123=DIRECTION('',(0.,0.,1.));
#8124=DIRECTION('',(0.,-1.,0.));
#8125=DIRECTION('',(-1.,0.,0.));
#8126=DIRECTION('',(0.,0.,1.));
#8127=DIRECTION('',(0.,-1.,0.));
#8128=DIRECTION('',(0.,-1.,0.));
#8129=DIRECTION('',(0.,0.,1.));
#8130=DIRECTION('',(0.,-1.,0.));
#8131=DIRECTION('',(1.,0.,0.));
#8132=DIRECTION('',(0.,0.,1.));
#8133=DIRECTION('',(0.,-1.,0.));
#8134=DIRECTION('',(0.,1.,0.));
#8135=DIRECTION('',(0.,0.,1.));
#8136=DIRECTION('',(0.,-1.,0.));
#8137=DIRECTION('',(-1.,0.,0.));
#8138=DIRECTION('',(0.,0.,1.));
#8139=DIRECTION('',(0.,-1.,0.));
#8140=DIRECTION('',(0.,-1.,0.));
#8141=DIRECTION('',(0.,0.,1.));
#8142=DIRECTION('',(0.,-1.,0.));
#8143=DIRECTION('',(1.,0.,0.));
#8144=DIRECTION('',(0.,0.,1.));
#8145=DIRECTION('',(0.,-1.,0.));
#8146=DIRECTION('',(0.,1.,0.));
#8147=DIRECTION('',(0.,0.,1.));
#8148=DIRECTION('',(0.,-1.,0.));
#8149=DIRECTION('',(-1.,0.,0.));
#8150=DIRECTION('',(0.,0.,1.));
#8151=DIRECTION('',(0.,-1.,0.));
#8152=DIRECTION('',(0.,-1.,0.));
#8153=DIRECTION('',(0.,0.,1.));
#8154=DIRECTION('',(0.,-1.,0.));
#8155=DIRECTION('',(1.,0.,0.));
#8156=DIRECTION('',(0.,0.,1.));
#8157=DIRECTION('',(0.,-1.,0.));
#8158=DIRECTION('',(0.,1.,0.));
#8159=DIRECTION('',(0.,0.,1.));
#8160=DIRECTION('',(0.,-1.,0.));
#8161=DIRECTION('',(-1.,0.,0.));
#8162=DIRECTION('',(0.,0.,1.));
#8163=DIRECTION('',(0.,-1.,0.));
#8164=DIRECTION('',(0.,-1.,0.));
#8165=DIRECTION('',(0.,0.,1.));
#8166=DIRECTION('',(0.,-1.,0.));
#8167=DIRECTION('',(1.,0.,0.));
#8168=DIRECTION('',(0.,0.,1.));
#8169=DIRECTION('',(0.,-1.,0.));
#8170=DIRECTION('',(0.,1.,0.));
#8171=DIRECTION('',(0.,0.,1.));
#8172=DIRECTION('',(0.,-1.,0.));
#8173=DIRECTION('',(-1.,0.,0.));
#8174=DIRECTION('',(0.,0.,1.));
#8175=DIRECTION('',(0.,-1.,0.));
#8176=DIRECTION('',(0.,-1.,0.));
#8177=DIRECTION('',(0.,0.,1.));
#8178=DIRECTION('',(0.,-1.,0.));
#8179=DIRECTION('',(1.,0.,0.));
#8180=DIRECTION('',(0.,0.,1.));
#8181=DIRECTION('',(0.,-1.,0.));
#8182=DIRECTION('',(0.,1.,0.));
#8183=DIRECTION('',(0.,0.,1.));
#8184=DIRECTION('',(0.,-1.,0.));
#8185=DIRECTION('',(-1.,0.,0.));
#8186=DIRECTION('',(0.,0.,1.));
#8187=DIRECTION('',(0.,-1.,0.));
#8188=DIRECTION('',(0.,-1.,0.));
#8189=DIRECTION('',(0.,0.,1.));
#8190=DIRECTION('',(0.,-1.,0.));
#8191=DIRECTION('',(1.,0.,0.));
#8192=DIRECTION('',(0.,0.,1.));
#8193=DIRECTION('',(0.,-1.,0.));
#8194=DIRECTION('',(0.,1.,0.));
#8195=DIRECTION('',(0.,0.,1.));
#8196=DIRECTION('',(0.,-1.,0.));
#8197=DIRECTION('',(-1.,0.,0.));
#8198=DIRECTION('',(0.,0.,1.));
#8199=DIRECTION('',(0.,-1.,0.));
#8200=DIRECTION('',(0.,-1.,0.));
#8201=DIRECTION('',(0.,0.,1.));
#8202=DIRECTION('',(0.,-1.,0.));
#8203=DIRECTION('',(1.,0.,0.));
#8204=DIRECTION('',(0.,0.,1.));
#8205=DIRECTION('',(0.,-1.,0.));
#8206=DIRECTION('',(0.,1.,0.));
#8207=DIRECTION('',(0.,0.,1.));
#8208=DIRECTION('',(0.,-1.,0.));
#8209=DIRECTION('',(-1.,0.,0.));
#8210=DIRECTION('',(0.,0.,1.));
#8211=DIRECTION('',(0.,-1.,0.));
#8212=DIRECTION('',(0.,-1.,0.));
#8213=DIRECTION('',(0.,0.,1.));
#8214=DIRECTION('',(0.,-1.,0.));
#8215=DIRECTION('',(1.,0.,0.));
#8216=DIRECTION('',(0.,0.,1.));
#8217=DIRECTION('',(0.,-1.,0.));
#8218=DIRECTION('',(0.,1.,0.));
#8219=DIRECTION('',(0.,0.,1.));
#8220=DIRECTION('',(0.,-1.,0.));
#8221=DIRECTION('',(-1.,0.,0.));
#8222=DIRECTION('',(0.,0.,1.));
#8223=DIRECTION('',(0.,-1.,0.));
#8224=DIRECTION('',(0.,-1.,0.));
#8225=DIRECTION('',(0.,0.,1.));
#8226=DIRECTION('',(0.,-1.,0.));
#8227=DIRECTION('',(1.,0.,0.));
#8228=DIRECTION('',(0.,0.,1.));
#8229=DIRECTION('',(0.,-1.,0.));
#8230=DIRECTION('',(0.,1.,0.));
#8231=DIRECTION('',(0.,0.,1.));
#8232=DIRECTION('',(0.,-1.,0.));
#8233=DIRECTION('',(-1.,0.,0.));
#8234=DIRECTION('',(0.,0.,1.));
#8235=DIRECTION('',(0.,-1.,0.));
#8236=DIRECTION('',(0.,-1.,0.));
#8237=DIRECTION('',(0.,0.,1.));
#8238=DIRECTION('',(0.,-1.,0.));
#8239=DIRECTION('',(1.,0.,0.));
#8240=DIRECTION('',(0.,0.,1.));
#8241=DIRECTION('',(0.,-1.,0.));
#8242=DIRECTION('',(0.,1.,0.));
#8243=DIRECTION('',(0.,0.,1.));
#8244=DIRECTION('',(0.,-1.,0.));
#8245=DIRECTION('',(-1.,0.,0.));
#8246=DIRECTION('',(0.,0.,1.));
#8247=DIRECTION('',(0.,-1.,0.));
#8248=DIRECTION('',(0.,-1.,0.));
#8249=DIRECTION('',(0.,0.,1.));
#8250=DIRECTION('',(0.,-1.,0.));
#8251=DIRECTION('',(1.,0.,0.));
#8252=DIRECTION('',(0.,0.,1.));
#8253=DIRECTION('',(0.,-1.,0.));
#8254=DIRECTION('',(0.,1.,0.));
#8255=DIRECTION('',(0.,0.,1.));
#8256=DIRECTION('',(0.,-1.,0.));
#8257=DIRECTION('',(-1.,0.,0.));
#8258=DIRECTION('',(0.,0.,1.));
#8259=DIRECTION('',(0.,-1.,0.));
#8260=DIRECTION('',(0.,-1.,0.));
#8261=DIRECTION('',(0.,0.,1.));
#8262=DIRECTION('',(0.,-1.,0.));
#8263=DIRECTION('',(1.,0.,0.));
#8264=DIRECTION('',(0.,0.,1.));
#8265=DIRECTION('',(0.,-1.,0.));
#8266=DIRECTION('',(0.,1.,0.));
#8267=DIRECTION('',(0.,0.,1.));
#8268=DIRECTION('',(0.,-1.,0.));
#8269=DIRECTION('',(-1.,0.,0.));
#8270=DIRECTION('',(0.,0.,1.));
#8271=DIRECTION('',(0.,-1.,0.));
#8272=DIRECTION('',(0.,-1.,0.));
#8273=DIRECTION('',(0.,0.,1.));
#8274=DIRECTION('',(0.,-1.,0.));
#8275=DIRECTION('',(1.,0.,0.));
#8276=DIRECTION('',(0.,0.,1.));
#8277=DIRECTION('',(0.,-1.,0.));
#8278=DIRECTION('',(0.,1.,0.));
#8279=DIRECTION('',(0.,0.,1.));
#8280=DIRECTION('',(0.,-1.,0.));
#8281=DIRECTION('',(-1.,0.,0.));
#8282=DIRECTION('',(0.,0.,1.));
#8283=DIRECTION('',(0.,-1.,0.));
#8284=DIRECTION('',(0.,-1.,0.));
#8285=DIRECTION('',(0.,0.,1.));
#8286=DIRECTION('',(0.,-1.,0.));
#8287=DIRECTION('',(1.,0.,0.));
#8288=DIRECTION('',(0.,0.,1.));
#8289=DIRECTION('',(0.,-1.,0.));
#8290=DIRECTION('',(0.,1.,0.));
#8291=DIRECTION('',(0.,0.,1.));
#8292=DIRECTION('',(0.,-1.,0.));
#8293=DIRECTION('',(-1.,0.,0.));
#8294=DIRECTION('',(0.,0.,1.));
#8295=DIRECTION('',(0.,-1.,0.));
#8296=DIRECTION('',(0.,-1.,0.));
#8297=DIRECTION('',(0.,0.,1.));
#8298=DIRECTION('',(0.,-1.,0.));
#8299=DIRECTION('',(1.,0.,0.));
#8300=DIRECTION('',(0.,0.,1.));
#8301=DIRECTION('',(0.,-1.,0.));
#8302=DIRECTION('',(0.,1.,0.));
#8303=DIRECTION('',(0.,0.,1.));
#8304=DIRECTION('',(0.,-1.,0.));
#8305=DIRECTION('',(-1.,0.,0.));
#8306=DIRECTION('',(0.,0.,1.));
#8307=DIRECTION('',(0.,-1.,0.));
#8308=DIRECTION('',(0.,-1.,0.));
#8309=DIRECTION('',(0.,0.,1.));
#8310=DIRECTION('',(0.,-1.,0.));
#8311=DIRECTION('',(1.,0.,0.));
#8312=DIRECTION('',(0.,0.,1.));
#8313=DIRECTION('',(0.,-1.,0.));
#8314=DIRECTION('',(0.,1.,0.));
#8315=DIRECTION('',(0.,0.,1.));
#8316=DIRECTION('',(0.,-1.,0.));
#8317=DIRECTION('',(-1.,0.,0.));
#8318=DIRECTION('',(0.,0.,1.));
#8319=DIRECTION('',(0.,-1.,0.));
#8320=DIRECTION('',(0.,-1.,0.));
#8321=DIRECTION('',(0.,0.,1.));
#8322=DIRECTION('',(0.,-1.,0.));
#8323=DIRECTION('',(1.,0.,0.));
#8324=DIRECTION('',(0.,0.,1.));
#8325=DIRECTION('',(0.,-1.,0.));
#8326=DIRECTION('',(0.,1.,0.));
#8327=DIRECTION('',(0.,0.,1.));
#8328=DIRECTION('',(0.,-1.,0.));
#8329=DIRECTION('',(-1.,0.,0.));
#8330=DIRECTION('',(0.,0.,1.));
#8331=DIRECTION('',(0.,-1.,0.));
#8332=DIRECTION('',(0.,-1.,0.));
#8333=DIRECTION('',(0.,0.,1.));
#8334=DIRECTION('',(0.,-1.,0.));
#8335=DIRECTION('',(0.,0.,1.));
#8336=DIRECTION('',(0.,-1.,0.));
#8337=DIRECTION('',(0.,0.,1.));
#8338=DIRECTION('',(0.,-1.,0.));
#8339=DIRECTION('',(0.,0.,1.));
#8340=DIRECTION('',(0.,-1.,0.));
#8341=DIRECTION('',(0.,0.,1.));
#8342=DIRECTION('',(0.,-1.,0.));
#8343=DIRECTION('',(0.,0.,1.));
#8344=DIRECTION('',(0.,-1.,0.));
#8345=DIRECTION('',(1.,0.,0.));
#8346=DIRECTION('',(0.,-1.,0.));
#8347=DIRECTION('',(1.,1.51179305480872E-16,0.));
#8348=DIRECTION('',(0.,0.,1.));
#8349=DIRECTION('',(0.,-1.,0.));
#8350=DIRECTION('',(0.,-1.,0.));
#8351=DIRECTION('',(0.,0.,1.));
#8352=DIRECTION('',(0.,-1.,0.));
#8353=DIRECTION('',(0.,1.,0.));
#8354=DIRECTION('',(1.,0.,0.));
#8355=DIRECTION('',(0.,1.,0.));
#8356=DIRECTION('',(-1.,0.,0.));
#8357=DIRECTION('',(0.,0.,1.));
#8358=DIRECTION('',(0.,-1.,0.));
#8359=DIRECTION('',(0.,-1.,0.));
#8360=DIRECTION('',(0.,0.,1.));
#8361=DIRECTION('',(0.,-1.,0.));
#8362=DIRECTION('',(1.,0.,0.));
#8363=DIRECTION('',(0.,1.,0.));
#8364=DIRECTION('',(-1.,0.,0.));
#8365=DIRECTION('',(0.,0.,1.));
#8366=DIRECTION('',(0.,-1.,0.));
#8367=DIRECTION('',(0.,-1.,0.));
#8368=DIRECTION('',(0.,0.,1.));
#8369=DIRECTION('',(0.,-1.,0.));
#8370=DIRECTION('',(1.,0.,0.));
#8371=DIRECTION('',(0.,1.,0.));
#8372=DIRECTION('',(-1.,0.,0.));
#8373=DIRECTION('',(0.,0.,1.));
#8374=DIRECTION('',(0.,-1.,0.));
#8375=DIRECTION('',(0.,-1.,0.));
#8376=DIRECTION('',(0.,0.,1.));
#8377=DIRECTION('',(0.,-1.,0.));
#8378=DIRECTION('',(1.,0.,0.));
#8379=DIRECTION('',(0.,1.,0.));
#8380=DIRECTION('',(-1.51179305480872E-16,1.,0.));
#8381=DIRECTION('',(1.,1.51179305480872E-16,0.));
#8382=DIRECTION('',(0.,0.,-1.));
#8383=DIRECTION('',(1.,0.,0.));
#8384=DIRECTION('',(0.,0.,-1.));
#8385=DIRECTION('',(1.,1.51179305480872E-16,0.));
#8386=DIRECTION('',(0.,0.,-1.));
#8387=DIRECTION('',(0.,-1.,0.));
#8388=DIRECTION('',(-1.,0.,0.));
#8389=DIRECTION('',(0.,0.,1.));
#8390=DIRECTION('',(-1.,0.,0.));
#8391=DIRECTION('',(0.,0.,-1.));
#8392=DIRECTION('',(0.,-1.,0.));
#8393=DIRECTION('',(-1.,0.,0.));
#8394=DIRECTION('',(0.,0.,1.));
#8395=DIRECTION('',(-1.,0.,0.));
#8396=DIRECTION('',(0.,0.,-1.));
#8397=DIRECTION('',(0.,-1.,0.));
#8398=DIRECTION('',(-1.,0.,0.));
#8399=DIRECTION('',(0.,0.,1.));
#8400=DIRECTION('',(-1.,0.,0.));
#8401=DIRECTION('',(0.,0.,-1.));
#8402=DIRECTION('',(0.,1.,0.));
#8403=DIRECTION('',(1.,0.,0.));
#8404=DIRECTION('',(1.,0.,0.));
#8405=DIRECTION('',(0.,0.,-1.));
#8406=DIRECTION('',(0.,0.,-1.));
#8407=DIRECTION('',(0.,1.,0.));
#8408=DIRECTION('',(1.,0.,0.));
#8409=DIRECTION('',(1.,0.,0.));
#8410=DIRECTION('',(0.,0.,-1.));
#8411=DIRECTION('',(0.,0.,-1.));
#8412=DIRECTION('',(0.,1.,0.));
#8413=DIRECTION('',(1.,0.,0.));
#8414=DIRECTION('',(1.,0.,0.));
#8415=DIRECTION('',(0.,0.,-1.));
#8416=DIRECTION('',(0.,0.,-1.));
#8417=DIRECTION('',(0.,0.,1.));
#8418=DIRECTION('',(1.,0.,0.));
#8419=DIRECTION('',(0.,0.,1.));
#8420=DIRECTION('',(0.,-1.,0.));
#8421=DIRECTION('',(0.,0.,1.));
#8422=DIRECTION('',(0.,-1.,0.));
#8423=DIRECTION('',(0.,0.,1.));
#8424=DIRECTION('',(0.,-1.,0.));
#8425=DIRECTION('',(0.,0.,1.));
#8426=DIRECTION('',(0.,-1.,0.));
#8427=DIRECTION('',(0.,0.,1.));
#8428=DIRECTION('',(0.,-1.,0.));
#8429=DIRECTION('',(0.,0.,1.));
#8430=DIRECTION('',(0.,-1.,0.));
#8431=DIRECTION('',(0.,0.,1.));
#8432=DIRECTION('',(0.,-1.,0.));
#8433=DIRECTION('',(0.,-1.,0.));
#8434=DIRECTION('',(0.,0.,1.));
#8435=DIRECTION('',(0.,-1.,0.));
#8436=DIRECTION('',(-1.,0.,0.));
#8437=DIRECTION('',(0.,0.,1.));
#8438=DIRECTION('',(0.,-1.,0.));
#8439=DIRECTION('',(0.,1.,0.));
#8440=DIRECTION('',(0.,0.,1.));
#8441=DIRECTION('',(0.,-1.,0.));
#8442=DIRECTION('',(1.,0.,0.));
#8443=DIRECTION('',(0.,0.,1.));
#8444=DIRECTION('',(0.,-1.,0.));
#8445=DIRECTION('',(0.,-1.,0.));
#8446=DIRECTION('',(0.,0.,1.));
#8447=DIRECTION('',(0.,-1.,0.));
#8448=DIRECTION('',(-1.,0.,0.));
#8449=DIRECTION('',(0.,0.,1.));
#8450=DIRECTION('',(0.,-1.,0.));
#8451=DIRECTION('',(0.,1.,0.));
#8452=DIRECTION('',(0.,0.,1.));
#8453=DIRECTION('',(0.,-1.,0.));
#8454=DIRECTION('',(1.,0.,0.));
#8455=DIRECTION('',(0.,0.,1.));
#8456=DIRECTION('',(0.,-1.,0.));
#8457=DIRECTION('',(0.,-1.,0.));
#8458=DIRECTION('',(0.,0.,1.));
#8459=DIRECTION('',(0.,-1.,0.));
#8460=DIRECTION('',(-1.,0.,0.));
#8461=DIRECTION('',(0.,0.,1.));
#8462=DIRECTION('',(0.,-1.,0.));
#8463=DIRECTION('',(0.,1.,0.));
#8464=DIRECTION('',(0.,0.,1.));
#8465=DIRECTION('',(0.,-1.,0.));
#8466=DIRECTION('',(1.,0.,0.));
#8467=DIRECTION('',(0.,0.,1.));
#8468=DIRECTION('',(0.,-1.,0.));
#8469=DIRECTION('',(0.,-1.,0.));
#8470=DIRECTION('',(0.,0.,1.));
#8471=DIRECTION('',(0.,-1.,0.));
#8472=DIRECTION('',(-1.,0.,0.));
#8473=DIRECTION('',(0.,0.,1.));
#8474=DIRECTION('',(0.,-1.,0.));
#8475=DIRECTION('',(0.,1.,0.));
#8476=DIRECTION('',(0.,0.,1.));
#8477=DIRECTION('',(0.,-1.,0.));
#8478=DIRECTION('',(1.,0.,0.));
#8479=DIRECTION('',(0.,0.,1.));
#8480=DIRECTION('',(0.,-1.,0.));
#8481=DIRECTION('',(0.,-1.,0.));
#8482=DIRECTION('',(0.,0.,1.));
#8483=DIRECTION('',(0.,-1.,0.));
#8484=DIRECTION('',(-1.,0.,0.));
#8485=DIRECTION('',(0.,0.,1.));
#8486=DIRECTION('',(0.,-1.,0.));
#8487=DIRECTION('',(0.,1.,0.));
#8488=DIRECTION('',(0.,0.,1.));
#8489=DIRECTION('',(0.,-1.,0.));
#8490=DIRECTION('',(1.,0.,0.));
#8491=DIRECTION('',(0.,0.,1.));
#8492=DIRECTION('',(0.,-1.,0.));
#8493=DIRECTION('',(0.,-1.,0.));
#8494=DIRECTION('',(0.,0.,1.));
#8495=DIRECTION('',(0.,-1.,0.));
#8496=DIRECTION('',(-1.,0.,0.));
#8497=DIRECTION('',(0.,0.,1.));
#8498=DIRECTION('',(0.,-1.,0.));
#8499=DIRECTION('',(0.,1.,0.));
#8500=DIRECTION('',(0.,0.,1.));
#8501=DIRECTION('',(0.,-1.,0.));
#8502=DIRECTION('',(1.,0.,0.));
#8503=DIRECTION('',(0.,0.,1.));
#8504=DIRECTION('',(0.,-1.,0.));
#8505=DIRECTION('',(0.,-1.,0.));
#8506=DIRECTION('',(0.,0.,1.));
#8507=DIRECTION('',(0.,-1.,0.));
#8508=DIRECTION('',(-1.,0.,0.));
#8509=DIRECTION('',(0.,0.,1.));
#8510=DIRECTION('',(0.,-1.,0.));
#8511=DIRECTION('',(0.,1.,0.));
#8512=DIRECTION('',(0.,0.,1.));
#8513=DIRECTION('',(0.,-1.,0.));
#8514=DIRECTION('',(1.,0.,0.));
#8515=DIRECTION('',(0.,0.,1.));
#8516=DIRECTION('',(0.,-1.,0.));
#8517=DIRECTION('',(0.,-1.,0.));
#8518=DIRECTION('',(0.,0.,1.));
#8519=DIRECTION('',(0.,-1.,0.));
#8520=DIRECTION('',(-1.,0.,0.));
#8521=DIRECTION('',(0.,0.,1.));
#8522=DIRECTION('',(0.,-1.,0.));
#8523=DIRECTION('',(0.,1.,0.));
#8524=DIRECTION('',(0.,0.,1.));
#8525=DIRECTION('',(0.,-1.,0.));
#8526=DIRECTION('',(1.,0.,0.));
#8527=DIRECTION('',(0.,0.,1.));
#8528=DIRECTION('',(0.,-1.,0.));
#8529=DIRECTION('',(0.,-1.,0.));
#8530=DIRECTION('',(0.,0.,1.));
#8531=DIRECTION('',(0.,-1.,0.));
#8532=DIRECTION('',(-1.,0.,0.));
#8533=DIRECTION('',(0.,0.,1.));
#8534=DIRECTION('',(0.,-1.,0.));
#8535=DIRECTION('',(0.,1.,0.));
#8536=DIRECTION('',(0.,0.,1.));
#8537=DIRECTION('',(0.,-1.,0.));
#8538=DIRECTION('',(1.,0.,0.));
#8539=DIRECTION('',(0.,0.,1.));
#8540=DIRECTION('',(0.,-1.,0.));
#8541=DIRECTION('',(0.,-1.,0.));
#8542=DIRECTION('',(0.,0.,1.));
#8543=DIRECTION('',(0.,-1.,0.));
#8544=DIRECTION('',(-1.,0.,0.));
#8545=DIRECTION('',(0.,0.,1.));
#8546=DIRECTION('',(0.,-1.,0.));
#8547=DIRECTION('',(0.,1.,0.));
#8548=DIRECTION('',(0.,0.,1.));
#8549=DIRECTION('',(0.,-1.,0.));
#8550=DIRECTION('',(1.,0.,0.));
#8551=DIRECTION('',(0.,0.,1.));
#8552=DIRECTION('',(0.,-1.,0.));
#8553=DIRECTION('',(0.,-1.,0.));
#8554=DIRECTION('',(0.,0.,1.));
#8555=DIRECTION('',(0.,-1.,0.));
#8556=DIRECTION('',(-1.,0.,0.));
#8557=DIRECTION('',(0.,0.,1.));
#8558=DIRECTION('',(0.,-1.,0.));
#8559=DIRECTION('',(0.,1.,0.));
#8560=DIRECTION('',(0.,0.,1.));
#8561=DIRECTION('',(0.,-1.,0.));
#8562=DIRECTION('',(1.,0.,0.));
#8563=DIRECTION('',(0.,0.,1.));
#8564=DIRECTION('',(0.,-1.,0.));
#8565=DIRECTION('',(0.,-1.,0.));
#8566=DIRECTION('',(0.,0.,1.));
#8567=DIRECTION('',(0.,-1.,0.));
#8568=DIRECTION('',(-1.,0.,0.));
#8569=DIRECTION('',(0.,0.,1.));
#8570=DIRECTION('',(0.,-1.,0.));
#8571=DIRECTION('',(0.,1.,0.));
#8572=DIRECTION('',(0.,0.,1.));
#8573=DIRECTION('',(0.,-1.,0.));
#8574=DIRECTION('',(1.,0.,0.));
#8575=DIRECTION('',(0.,0.,1.));
#8576=DIRECTION('',(0.,-1.,0.));
#8577=DIRECTION('',(0.,-1.,0.));
#8578=DIRECTION('',(0.,0.,1.));
#8579=DIRECTION('',(0.,-1.,0.));
#8580=DIRECTION('',(-1.,0.,0.));
#8581=DIRECTION('',(0.,0.,1.));
#8582=DIRECTION('',(0.,-1.,0.));
#8583=DIRECTION('',(0.,1.,0.));
#8584=DIRECTION('',(0.,0.,1.));
#8585=DIRECTION('',(0.,-1.,0.));
#8586=DIRECTION('',(1.,0.,0.));
#8587=DIRECTION('',(0.,0.,1.));
#8588=DIRECTION('',(0.,-1.,0.));
#8589=DIRECTION('',(0.,-1.,0.));
#8590=DIRECTION('',(0.,0.,1.));
#8591=DIRECTION('',(0.,-1.,0.));
#8592=DIRECTION('',(-1.,0.,0.));
#8593=DIRECTION('',(0.,0.,1.));
#8594=DIRECTION('',(0.,-1.,0.));
#8595=DIRECTION('',(0.,1.,0.));
#8596=DIRECTION('',(0.,0.,1.));
#8597=DIRECTION('',(0.,-1.,0.));
#8598=DIRECTION('',(1.,0.,0.));
#8599=DIRECTION('',(0.,0.,1.));
#8600=DIRECTION('',(0.,-1.,0.));
#8601=DIRECTION('',(0.,-1.,0.));
#8602=DIRECTION('',(0.,0.,1.));
#8603=DIRECTION('',(0.,-1.,0.));
#8604=DIRECTION('',(-1.,0.,0.));
#8605=DIRECTION('',(0.,0.,1.));
#8606=DIRECTION('',(0.,-1.,0.));
#8607=DIRECTION('',(0.,1.,0.));
#8608=DIRECTION('',(0.,0.,1.));
#8609=DIRECTION('',(0.,-1.,0.));
#8610=DIRECTION('',(1.,0.,0.));
#8611=DIRECTION('',(0.,0.,1.));
#8612=DIRECTION('',(0.,-1.,0.));
#8613=DIRECTION('',(0.,-1.,0.));
#8614=DIRECTION('',(0.,0.,1.));
#8615=DIRECTION('',(0.,-1.,0.));
#8616=DIRECTION('',(-1.,0.,0.));
#8617=DIRECTION('',(0.,0.,1.));
#8618=DIRECTION('',(0.,-1.,0.));
#8619=DIRECTION('',(0.,1.,0.));
#8620=DIRECTION('',(0.,0.,1.));
#8621=DIRECTION('',(0.,-1.,0.));
#8622=DIRECTION('',(1.,0.,0.));
#8623=DIRECTION('',(0.,0.,1.));
#8624=DIRECTION('',(0.,-1.,0.));
#8625=DIRECTION('',(0.,-1.,0.));
#8626=DIRECTION('',(0.,0.,1.));
#8627=DIRECTION('',(0.,-1.,0.));
#8628=DIRECTION('',(-1.,0.,0.));
#8629=DIRECTION('',(0.,0.,1.));
#8630=DIRECTION('',(0.,-1.,0.));
#8631=DIRECTION('',(0.,1.,0.));
#8632=DIRECTION('',(0.,0.,1.));
#8633=DIRECTION('',(0.,-1.,0.));
#8634=DIRECTION('',(1.,0.,0.));
#8635=DIRECTION('',(0.,0.,1.));
#8636=DIRECTION('',(0.,-1.,0.));
#8637=DIRECTION('',(0.,-1.,0.));
#8638=DIRECTION('',(0.,0.,1.));
#8639=DIRECTION('',(0.,-1.,0.));
#8640=DIRECTION('',(-1.,0.,0.));
#8641=DIRECTION('',(0.,0.,1.));
#8642=DIRECTION('',(0.,-1.,0.));
#8643=DIRECTION('',(0.,1.,0.));
#8644=DIRECTION('',(0.,0.,1.));
#8645=DIRECTION('',(0.,-1.,0.));
#8646=DIRECTION('',(1.,0.,0.));
#8647=DIRECTION('',(0.,0.,1.));
#8648=DIRECTION('',(0.,-1.,0.));
#8649=DIRECTION('',(0.,-1.,0.));
#8650=DIRECTION('',(0.,0.,1.));
#8651=DIRECTION('',(0.,-1.,0.));
#8652=DIRECTION('',(-1.,0.,0.));
#8653=DIRECTION('',(0.,0.,1.));
#8654=DIRECTION('',(0.,-1.,0.));
#8655=DIRECTION('',(0.,1.,0.));
#8656=DIRECTION('',(0.,0.,1.));
#8657=DIRECTION('',(0.,-1.,0.));
#8658=DIRECTION('',(1.,0.,0.));
#8659=DIRECTION('',(0.,0.,1.));
#8660=DIRECTION('',(0.,-1.,0.));
#8661=DIRECTION('',(0.,-1.,0.));
#8662=DIRECTION('',(0.,0.,1.));
#8663=DIRECTION('',(0.,-1.,0.));
#8664=DIRECTION('',(-1.,0.,0.));
#8665=DIRECTION('',(0.,0.,1.));
#8666=DIRECTION('',(0.,-1.,0.));
#8667=DIRECTION('',(0.,1.,0.));
#8668=DIRECTION('',(0.,0.,1.));
#8669=DIRECTION('',(0.,-1.,0.));
#8670=DIRECTION('',(1.,0.,0.));
#8671=DIRECTION('',(0.,0.,1.));
#8672=DIRECTION('',(0.,-1.,0.));
#8673=DIRECTION('',(0.,-1.,0.));
#8674=DIRECTION('',(0.,0.,1.));
#8675=DIRECTION('',(0.,-1.,0.));
#8676=DIRECTION('',(-1.,0.,0.));
#8677=DIRECTION('',(0.,0.,1.));
#8678=DIRECTION('',(0.,-1.,0.));
#8679=DIRECTION('',(0.,1.,0.));
#8680=DIRECTION('',(0.,0.,1.));
#8681=DIRECTION('',(0.,-1.,0.));
#8682=DIRECTION('',(1.,0.,0.));
#8683=DIRECTION('',(0.,0.,1.));
#8684=DIRECTION('',(0.,-1.,0.));
#8685=DIRECTION('',(0.,-1.,0.));
#8686=DIRECTION('',(0.,0.,1.));
#8687=DIRECTION('',(0.,-1.,0.));
#8688=DIRECTION('',(-1.,0.,0.));
#8689=DIRECTION('',(0.,0.,1.));
#8690=DIRECTION('',(0.,-1.,0.));
#8691=DIRECTION('',(0.,1.,0.));
#8692=DIRECTION('',(0.,0.,1.));
#8693=DIRECTION('',(0.,-1.,0.));
#8694=DIRECTION('',(1.,0.,0.));
#8695=DIRECTION('',(0.,0.,1.));
#8696=DIRECTION('',(0.,-1.,0.));
#8697=DIRECTION('',(0.,-1.,0.));
#8698=DIRECTION('',(0.,0.,1.));
#8699=DIRECTION('',(0.,-1.,0.));
#8700=DIRECTION('',(-1.,0.,0.));
#8701=DIRECTION('',(0.,0.,1.));
#8702=DIRECTION('',(0.,-1.,0.));
#8703=DIRECTION('',(0.,1.,0.));
#8704=DIRECTION('',(0.,0.,1.));
#8705=DIRECTION('',(0.,-1.,0.));
#8706=DIRECTION('',(1.,0.,0.));
#8707=DIRECTION('',(0.,0.,1.));
#8708=DIRECTION('',(0.,-1.,0.));
#8709=DIRECTION('',(0.,-1.,0.));
#8710=DIRECTION('',(0.,0.,1.));
#8711=DIRECTION('',(0.,-1.,0.));
#8712=DIRECTION('',(-1.,0.,0.));
#8713=DIRECTION('',(0.,0.,1.));
#8714=DIRECTION('',(0.,-1.,0.));
#8715=DIRECTION('',(0.,1.,0.));
#8716=DIRECTION('',(0.,0.,1.));
#8717=DIRECTION('',(0.,-1.,0.));
#8718=DIRECTION('',(1.,0.,0.));
#8719=DIRECTION('',(0.,0.,1.));
#8720=DIRECTION('',(0.,-1.,0.));
#8721=DIRECTION('',(0.,-1.,0.));
#8722=DIRECTION('',(0.,0.,1.));
#8723=DIRECTION('',(0.,-1.,0.));
#8724=DIRECTION('',(-1.,0.,0.));
#8725=DIRECTION('',(0.,0.,1.));
#8726=DIRECTION('',(0.,-1.,0.));
#8727=DIRECTION('',(0.,1.,0.));
#8728=DIRECTION('',(0.,0.,1.));
#8729=DIRECTION('',(0.,-1.,0.));
#8730=DIRECTION('',(1.,0.,0.));
#8731=DIRECTION('',(0.,0.,1.));
#8732=DIRECTION('',(0.,-1.,0.));
#8733=DIRECTION('',(0.,-1.,0.));
#8734=DIRECTION('',(0.,0.,1.));
#8735=DIRECTION('',(0.,-1.,0.));
#8736=DIRECTION('',(-1.,0.,0.));
#8737=DIRECTION('',(0.,0.,1.));
#8738=DIRECTION('',(0.,-1.,0.));
#8739=DIRECTION('',(0.,1.,0.));
#8740=DIRECTION('',(0.,0.,1.));
#8741=DIRECTION('',(0.,-1.,0.));
#8742=DIRECTION('',(1.,0.,0.));
#8743=DIRECTION('',(0.,0.,1.));
#8744=DIRECTION('',(0.,-1.,0.));
#8745=DIRECTION('',(0.,-1.,0.));
#8746=DIRECTION('',(0.,0.,1.));
#8747=DIRECTION('',(0.,-1.,0.));
#8748=DIRECTION('',(-1.,0.,0.));
#8749=DIRECTION('',(0.,0.,1.));
#8750=DIRECTION('',(0.,-1.,0.));
#8751=DIRECTION('',(0.,1.,0.));
#8752=DIRECTION('',(0.,0.,1.));
#8753=DIRECTION('',(0.,-1.,0.));
#8754=DIRECTION('',(1.,0.,0.));
#8755=DIRECTION('',(0.,0.,1.));
#8756=DIRECTION('',(0.,-1.,0.));
#8757=DIRECTION('',(0.,-1.,0.));
#8758=DIRECTION('',(0.,0.,1.));
#8759=DIRECTION('',(0.,-1.,0.));
#8760=DIRECTION('',(-1.,0.,0.));
#8761=DIRECTION('',(0.,0.,1.));
#8762=DIRECTION('',(0.,-1.,0.));
#8763=DIRECTION('',(0.,1.,0.));
#8764=DIRECTION('',(0.,0.,1.));
#8765=DIRECTION('',(0.,-1.,0.));
#8766=DIRECTION('',(1.,0.,0.));
#8767=DIRECTION('',(0.,0.,1.));
#8768=DIRECTION('',(0.,-1.,0.));
#8769=DIRECTION('',(0.,-1.,0.));
#8770=DIRECTION('',(0.,0.,1.));
#8771=DIRECTION('',(0.,-1.,0.));
#8772=DIRECTION('',(-1.,0.,0.));
#8773=DIRECTION('',(0.,0.,1.));
#8774=DIRECTION('',(0.,-1.,0.));
#8775=DIRECTION('',(0.,1.,0.));
#8776=DIRECTION('',(0.,0.,1.));
#8777=DIRECTION('',(0.,-1.,0.));
#8778=DIRECTION('',(1.,0.,0.));
#8779=DIRECTION('',(0.,0.,1.));
#8780=DIRECTION('',(0.,-1.,0.));
#8781=DIRECTION('',(0.,-1.,0.));
#8782=DIRECTION('',(0.,0.,1.));
#8783=DIRECTION('',(0.,-1.,0.));
#8784=DIRECTION('',(-1.,0.,0.));
#8785=DIRECTION('',(0.,0.,1.));
#8786=DIRECTION('',(0.,-1.,0.));
#8787=DIRECTION('',(0.,1.,0.));
#8788=DIRECTION('',(0.,0.,1.));
#8789=DIRECTION('',(0.,-1.,0.));
#8790=DIRECTION('',(1.,0.,0.));
#8791=DIRECTION('',(0.,0.,1.));
#8792=DIRECTION('',(0.,-1.,0.));
#8793=DIRECTION('',(0.,-1.,0.));
#8794=DIRECTION('',(0.,0.,1.));
#8795=DIRECTION('',(0.,-1.,0.));
#8796=DIRECTION('',(-1.,0.,0.));
#8797=DIRECTION('',(0.,0.,1.));
#8798=DIRECTION('',(0.,-1.,0.));
#8799=DIRECTION('',(0.,1.,0.));
#8800=DIRECTION('',(0.,0.,1.));
#8801=DIRECTION('',(0.,-1.,0.));
#8802=DIRECTION('',(1.,0.,0.));
#8803=DIRECTION('',(0.,0.,1.));
#8804=DIRECTION('',(0.,-1.,0.));
#8805=DIRECTION('',(0.,-1.,0.));
#8806=DIRECTION('',(0.,0.,1.));
#8807=DIRECTION('',(0.,-1.,0.));
#8808=DIRECTION('',(-1.,0.,0.));
#8809=DIRECTION('',(0.,0.,1.));
#8810=DIRECTION('',(0.,-1.,0.));
#8811=DIRECTION('',(0.,1.,0.));
#8812=DIRECTION('',(0.,0.,1.));
#8813=DIRECTION('',(0.,-1.,0.));
#8814=DIRECTION('',(1.,0.,0.));
#8815=DIRECTION('',(0.,0.,1.));
#8816=DIRECTION('',(0.,-1.,0.));
#8817=DIRECTION('',(0.,-1.,0.));
#8818=DIRECTION('',(0.,0.,1.));
#8819=DIRECTION('',(0.,-1.,0.));
#8820=DIRECTION('',(-1.,0.,0.));
#8821=DIRECTION('',(0.,0.,1.));
#8822=DIRECTION('',(0.,-1.,0.));
#8823=DIRECTION('',(0.,1.,0.));
#8824=DIRECTION('',(0.,0.,1.));
#8825=DIRECTION('',(0.,-1.,0.));
#8826=DIRECTION('',(1.,0.,0.));
#8827=DIRECTION('',(0.,0.,1.));
#8828=DIRECTION('',(0.,-1.,0.));
#8829=DIRECTION('',(0.,-1.,0.));
#8830=DIRECTION('',(0.,0.,1.));
#8831=DIRECTION('',(0.,-1.,0.));
#8832=DIRECTION('',(-1.,0.,0.));
#8833=DIRECTION('',(0.,0.,1.));
#8834=DIRECTION('',(0.,-1.,0.));
#8835=DIRECTION('',(0.,1.,0.));
#8836=DIRECTION('',(0.,0.,1.));
#8837=DIRECTION('',(0.,-1.,0.));
#8838=DIRECTION('',(1.,0.,0.));
#8839=DIRECTION('',(0.,0.,1.));
#8840=DIRECTION('',(0.,-1.,0.));
#8841=DIRECTION('',(0.,-1.,0.));
#8842=DIRECTION('',(0.,0.,1.));
#8843=DIRECTION('',(0.,-1.,0.));
#8844=DIRECTION('',(-1.,0.,0.));
#8845=DIRECTION('',(0.,0.,1.));
#8846=DIRECTION('',(0.,-1.,0.));
#8847=DIRECTION('',(0.,1.,0.));
#8848=DIRECTION('',(0.,0.,1.));
#8849=DIRECTION('',(0.,-1.,0.));
#8850=DIRECTION('',(1.,0.,0.));
#8851=DIRECTION('',(0.,0.,1.));
#8852=DIRECTION('',(0.,-1.,0.));
#8853=DIRECTION('',(0.,-1.,0.));
#8854=DIRECTION('',(0.,0.,1.));
#8855=DIRECTION('',(0.,-1.,0.));
#8856=DIRECTION('',(-1.,0.,0.));
#8857=DIRECTION('',(0.,0.,1.));
#8858=DIRECTION('',(0.,-1.,0.));
#8859=DIRECTION('',(0.,1.,0.));
#8860=DIRECTION('',(0.,0.,1.));
#8861=DIRECTION('',(0.,-1.,0.));
#8862=DIRECTION('',(1.,0.,0.));
#8863=DIRECTION('',(0.,0.,1.));
#8864=DIRECTION('',(0.,-1.,0.));
#8865=DIRECTION('',(0.,-1.,0.));
#8866=DIRECTION('',(0.,0.,1.));
#8867=DIRECTION('',(0.,-1.,0.));
#8868=DIRECTION('',(-1.,0.,0.));
#8869=DIRECTION('',(0.,0.,1.));
#8870=DIRECTION('',(0.,-1.,0.));
#8871=DIRECTION('',(0.,1.,0.));
#8872=DIRECTION('',(0.,0.,1.));
#8873=DIRECTION('',(0.,-1.,0.));
#8874=DIRECTION('',(1.,0.,0.));
#8875=DIRECTION('',(0.,0.,1.));
#8876=DIRECTION('',(0.,-1.,0.));
#8877=DIRECTION('',(0.,-1.,0.));
#8878=DIRECTION('',(0.,0.,1.));
#8879=DIRECTION('',(0.,-1.,0.));
#8880=DIRECTION('',(-1.,0.,0.));
#8881=DIRECTION('',(0.,0.,1.));
#8882=DIRECTION('',(0.,-1.,0.));
#8883=DIRECTION('',(0.,1.,0.));
#8884=DIRECTION('',(0.,0.,1.));
#8885=DIRECTION('',(0.,-1.,0.));
#8886=DIRECTION('',(1.,0.,0.));
#8887=DIRECTION('',(0.,0.,1.));
#8888=DIRECTION('',(0.,-1.,0.));
#8889=DIRECTION('',(0.,-1.,0.));
#8890=DIRECTION('',(0.,0.,1.));
#8891=DIRECTION('',(0.,-1.,0.));
#8892=DIRECTION('',(-1.,0.,0.));
#8893=DIRECTION('',(0.,0.,1.));
#8894=DIRECTION('',(0.,-1.,0.));
#8895=DIRECTION('',(0.,1.,0.));
#8896=DIRECTION('',(0.,0.,1.));
#8897=DIRECTION('',(0.,-1.,0.));
#8898=DIRECTION('',(1.,0.,0.));
#8899=DIRECTION('',(0.,1.,0.));
#8900=DIRECTION('',(0.,0.,1.));
#8901=DIRECTION('',(0.,-1.,0.));
#8902=DIRECTION('',(0.,-1.,0.));
#8903=DIRECTION('',(0.,0.,1.));
#8904=DIRECTION('',(0.,-1.,0.));
#8905=DIRECTION('',(0.,1.,0.));
#8906=DIRECTION('',(0.,0.,1.));
#8907=DIRECTION('',(0.,-1.,0.));
#8908=DIRECTION('',(0.,-1.,0.));
#8909=DIRECTION('',(0.,0.,1.));
#8910=DIRECTION('',(0.,-1.,0.));
#8911=DIRECTION('',(0.,1.,0.));
#8912=DIRECTION('',(0.,0.,1.));
#8913=DIRECTION('',(0.,-1.,0.));
#8914=DIRECTION('',(0.,-1.,0.));
#8915=DIRECTION('',(0.,0.,1.));
#8916=DIRECTION('',(0.,-1.,0.));
#8917=DIRECTION('',(0.,1.,0.));
#8918=DIRECTION('',(0.,0.,1.));
#8919=DIRECTION('',(0.,-1.,0.));
#8920=DIRECTION('',(0.,-1.,0.));
#8921=DIRECTION('',(0.,0.,1.));
#8922=DIRECTION('',(0.,-1.,0.));
#8923=DIRECTION('',(0.,0.,-1.));
#8924=DIRECTION('',(0.,1.,0.));
#8925=DIRECTION('',(0.,0.,-1.));
#8926=DIRECTION('',(1.,0.,0.));
#8927=DIRECTION('',(0.,-1.,0.));
#8928=DIRECTION('',(0.,0.,-1.));
#8929=DIRECTION('',(0.,0.,-1.));
#8930=DIRECTION('',(0.,1.,0.));
#8931=DIRECTION('',(0.,0.,-1.));
#8932=DIRECTION('',(0.,0.,-1.));
#8933=DIRECTION('',(1.,0.,0.));
#8934=DIRECTION('',(0.,-1.,0.));
#8935=DIRECTION('',(0.,0.,-1.));
#8936=DIRECTION('',(0.,0.,-1.));
#8937=DIRECTION('',(0.,1.,0.));
#8938=DIRECTION('',(0.,0.,-1.));
#8939=DIRECTION('',(0.,-1.,0.));
#8940=DIRECTION('',(-1.,0.,0.));
#8941=DIRECTION('',(0.,0.,-1.));
#8942=DIRECTION('',(0.,0.,-1.));
#8943=DIRECTION('',(0.,1.,0.));
#8944=DIRECTION('',(0.,0.,-1.));
#8945=DIRECTION('',(-1.,0.,0.));
#8946=DIRECTION('',(0.,1.,0.));
#8947=DIRECTION('',(0.,0.,-1.));
#8948=DIRECTION('',(0.,0.,-1.));
#8949=DIRECTION('',(0.,1.,0.));
#8950=DIRECTION('',(0.,0.,-1.));
#8951=DIRECTION('',(0.,0.,-1.));
#8952=DIRECTION('',(0.,1.,0.));
#8953=DIRECTION('',(0.,0.,-1.));
#8954=DIRECTION('',(0.,0.,-1.));
#8955=DIRECTION('',(1.,0.,0.));
#8956=DIRECTION('',(0.,-1.,0.));
#8957=DIRECTION('',(0.,0.,-1.));
#8958=DIRECTION('',(0.,0.,-1.));
#8959=DIRECTION('',(0.,1.,0.));
#8960=DIRECTION('',(0.,0.,-1.));
#8961=DIRECTION('',(0.,-1.,0.));
#8962=DIRECTION('',(-1.,0.,0.));
#8963=DIRECTION('',(0.,0.,-1.));
#8964=DIRECTION('',(0.,0.,-1.));
#8965=DIRECTION('',(0.,1.,0.));
#8966=DIRECTION('',(0.,0.,-1.));
#8967=DIRECTION('',(-1.,0.,0.));
#8968=DIRECTION('',(0.,1.,0.));
#8969=DIRECTION('',(0.,0.,-1.));
#8970=DIRECTION('',(0.,0.,-1.));
#8971=DIRECTION('',(0.,1.,0.));
#8972=DIRECTION('',(0.,0.,-1.));
#8973=DIRECTION('',(0.,0.,-1.));
#8974=DIRECTION('',(0.,1.,0.));
#8975=DIRECTION('',(0.,0.,-1.));
#8976=DIRECTION('',(0.,0.,-1.));
#8977=DIRECTION('',(1.,0.,0.));
#8978=DIRECTION('',(0.,-1.,0.));
#8979=DIRECTION('',(0.,0.,-1.));
#8980=DIRECTION('',(0.,0.,-1.));
#8981=DIRECTION('',(0.,1.,0.));
#8982=DIRECTION('',(0.,0.,-1.));
#8983=DIRECTION('',(0.,-1.,0.));
#8984=DIRECTION('',(-1.,0.,0.));
#8985=DIRECTION('',(0.,0.,-1.));
#8986=DIRECTION('',(0.,0.,-1.));
#8987=DIRECTION('',(0.,1.,0.));
#8988=DIRECTION('',(0.,0.,-1.));
#8989=DIRECTION('',(-1.,0.,0.));
#8990=DIRECTION('',(0.,1.,0.));
#8991=DIRECTION('',(0.,0.,-1.));
#8992=DIRECTION('',(0.,0.,-1.));
#8993=DIRECTION('',(0.,1.,0.));
#8994=DIRECTION('',(0.,0.,-1.));
#8995=DIRECTION('',(0.,0.,-1.));
#8996=DIRECTION('',(0.,1.,0.));
#8997=DIRECTION('',(0.,0.,-1.));
#8998=DIRECTION('',(0.,0.,-1.));
#8999=DIRECTION('',(1.,0.,0.));
#9000=DIRECTION('',(0.,-1.,0.));
#9001=DIRECTION('',(0.,0.,-1.));
#9002=DIRECTION('',(0.,0.,-1.));
#9003=DIRECTION('',(0.,1.,0.));
#9004=DIRECTION('',(0.,0.,-1.));
#9005=DIRECTION('',(0.,-1.,0.));
#9006=DIRECTION('',(-1.,0.,0.));
#9007=DIRECTION('',(0.,0.,-1.));
#9008=DIRECTION('',(0.,0.,-1.));
#9009=DIRECTION('',(0.,1.,0.));
#9010=DIRECTION('',(0.,0.,-1.));
#9011=DIRECTION('',(-1.,0.,0.));
#9012=DIRECTION('',(0.,1.,0.));
#9013=DIRECTION('',(0.,0.,-1.));
#9014=DIRECTION('',(0.,0.,-1.));
#9015=DIRECTION('',(0.,1.,0.));
#9016=DIRECTION('',(0.,0.,-1.));
#9017=DIRECTION('',(0.,0.,-1.));
#9018=DIRECTION('',(0.,1.,0.));
#9019=DIRECTION('',(0.,0.,-1.));
#9020=DIRECTION('',(0.,0.,-1.));
#9021=DIRECTION('',(1.,0.,0.));
#9022=DIRECTION('',(0.,-1.,0.));
#9023=DIRECTION('',(0.,0.,-1.));
#9024=DIRECTION('',(0.,0.,-1.));
#9025=DIRECTION('',(0.,1.,0.));
#9026=DIRECTION('',(0.,0.,-1.));
#9027=DIRECTION('',(0.,-1.,0.));
#9028=DIRECTION('',(-1.,0.,0.));
#9029=DIRECTION('',(0.,0.,-1.));
#9030=DIRECTION('',(0.,0.,-1.));
#9031=DIRECTION('',(0.,1.,0.));
#9032=DIRECTION('',(0.,0.,-1.));
#9033=DIRECTION('',(-1.,0.,0.));
#9034=DIRECTION('',(0.,1.,0.));
#9035=DIRECTION('',(0.,0.,-1.));
#9036=DIRECTION('',(0.,0.,-1.));
#9037=DIRECTION('',(0.,1.,0.));
#9038=DIRECTION('',(0.,0.,-1.));
#9039=DIRECTION('',(0.,0.,-1.));
#9040=DIRECTION('',(0.,1.,0.));
#9041=DIRECTION('',(0.,0.,-1.));
#9042=DIRECTION('',(0.,0.,-1.));
#9043=DIRECTION('',(1.,0.,0.));
#9044=DIRECTION('',(0.,-1.,0.));
#9045=DIRECTION('',(0.,0.,-1.));
#9046=DIRECTION('',(0.,0.,-1.));
#9047=DIRECTION('',(0.,1.,0.));
#9048=DIRECTION('',(0.,0.,-1.));
#9049=DIRECTION('',(0.,-1.,0.));
#9050=DIRECTION('',(-1.,0.,0.));
#9051=DIRECTION('',(0.,0.,-1.));
#9052=DIRECTION('',(0.,0.,-1.));
#9053=DIRECTION('',(0.,1.,0.));
#9054=DIRECTION('',(0.,0.,-1.));
#9055=DIRECTION('',(-1.,0.,0.));
#9056=DIRECTION('',(0.,1.,0.));
#9057=DIRECTION('',(0.,0.,-1.));
#9058=DIRECTION('',(0.,0.,-1.));
#9059=DIRECTION('',(0.,1.,0.));
#9060=DIRECTION('',(0.,0.,-1.));
#9061=DIRECTION('',(0.,0.,-1.));
#9062=DIRECTION('',(0.,1.,0.));
#9063=DIRECTION('',(0.,0.,-1.));
#9064=DIRECTION('',(0.,0.,-1.));
#9065=DIRECTION('',(1.,0.,0.));
#9066=DIRECTION('',(0.,-1.,0.));
#9067=DIRECTION('',(0.,0.,-1.));
#9068=DIRECTION('',(0.,0.,-1.));
#9069=DIRECTION('',(0.,1.,0.));
#9070=DIRECTION('',(0.,0.,-1.));
#9071=DIRECTION('',(0.,-1.,0.));
#9072=DIRECTION('',(-1.,0.,0.));
#9073=DIRECTION('',(0.,0.,-1.));
#9074=DIRECTION('',(0.,0.,-1.));
#9075=DIRECTION('',(0.,1.,0.));
#9076=DIRECTION('',(0.,0.,-1.));
#9077=DIRECTION('',(-1.,0.,0.));
#9078=DIRECTION('',(0.,1.,0.));
#9079=DIRECTION('',(0.,0.,-1.));
#9080=DIRECTION('',(0.,0.,-1.));
#9081=DIRECTION('',(0.,1.,0.));
#9082=DIRECTION('',(0.,0.,-1.));
#9083=DIRECTION('',(0.,0.,-1.));
#9084=DIRECTION('',(0.,1.,0.));
#9085=DIRECTION('',(0.,0.,-1.));
#9086=DIRECTION('',(0.,0.,-1.));
#9087=DIRECTION('',(1.,0.,0.));
#9088=DIRECTION('',(0.,-1.,0.));
#9089=DIRECTION('',(0.,0.,-1.));
#9090=DIRECTION('',(0.,0.,-1.));
#9091=DIRECTION('',(0.,1.,0.));
#9092=DIRECTION('',(0.,0.,-1.));
#9093=DIRECTION('',(0.,-1.,0.));
#9094=DIRECTION('',(-1.,0.,0.));
#9095=DIRECTION('',(0.,0.,-1.));
#9096=DIRECTION('',(0.,0.,-1.));
#9097=DIRECTION('',(0.,1.,0.));
#9098=DIRECTION('',(0.,0.,-1.));
#9099=DIRECTION('',(-1.,0.,0.));
#9100=DIRECTION('',(0.,1.,0.));
#9101=DIRECTION('',(0.,0.,-1.));
#9102=DIRECTION('',(0.,0.,-1.));
#9103=DIRECTION('',(0.,1.,0.));
#9104=DIRECTION('',(0.,0.,-1.));
#9105=DIRECTION('',(0.,0.,-1.));
#9106=DIRECTION('',(0.,1.,0.));
#9107=DIRECTION('',(0.,0.,-1.));
#9108=DIRECTION('',(1.,0.,0.));
#9109=DIRECTION('',(0.,-1.,0.));
#9110=DIRECTION('',(0.,0.,-1.));
#9111=DIRECTION('',(0.,0.,-1.));
#9112=DIRECTION('',(0.,1.,0.));
#9113=DIRECTION('',(0.,0.,-1.));
#9114=DIRECTION('',(0.,1.,0.));
#9115=DIRECTION('',(0.,0.,-1.));
#9116=DIRECTION('',(0.,0.,-1.));
#9117=DIRECTION('',(1.,0.,0.));
#9118=DIRECTION('',(0.,-1.,0.));
#9119=DIRECTION('',(0.,0.,-1.));
#9120=DIRECTION('',(0.,0.,-1.));
#9121=DIRECTION('',(0.,1.,0.));
#9122=DIRECTION('',(0.,0.,-1.));
#9123=DIRECTION('',(0.,-1.,0.));
#9124=DIRECTION('',(-1.,0.,0.));
#9125=DIRECTION('',(0.,0.,-1.));
#9126=DIRECTION('',(0.,0.,-1.));
#9127=DIRECTION('',(0.,1.,0.));
#9128=DIRECTION('',(0.,0.,-1.));
#9129=DIRECTION('',(-1.,0.,0.));
#9130=DIRECTION('',(0.,1.,0.));
#9131=DIRECTION('',(0.,0.,-1.));
#9132=DIRECTION('',(0.,0.,-1.));
#9133=DIRECTION('',(0.,1.,0.));
#9134=DIRECTION('',(0.,0.,-1.));
#9135=DIRECTION('',(0.,0.,-1.));
#9136=DIRECTION('',(0.,1.,0.));
#9137=DIRECTION('',(0.,0.,-1.));
#9138=DIRECTION('',(0.,0.,-1.));
#9139=DIRECTION('',(1.,0.,0.));
#9140=DIRECTION('',(0.,-1.,0.));
#9141=DIRECTION('',(0.,0.,-1.));
#9142=DIRECTION('',(0.,0.,-1.));
#9143=DIRECTION('',(0.,1.,0.));
#9144=DIRECTION('',(0.,0.,-1.));
#9145=DIRECTION('',(0.,-1.,0.));
#9146=DIRECTION('',(-1.,0.,0.));
#9147=DIRECTION('',(0.,0.,-1.));
#9148=DIRECTION('',(0.,0.,-1.));
#9149=DIRECTION('',(0.,1.,0.));
#9150=DIRECTION('',(0.,0.,-1.));
#9151=DIRECTION('',(-1.,0.,0.));
#9152=DIRECTION('',(0.,1.,0.));
#9153=DIRECTION('',(0.,0.,-1.));
#9154=DIRECTION('',(0.,0.,-1.));
#9155=DIRECTION('',(0.,1.,0.));
#9156=DIRECTION('',(0.,0.,-1.));
#9157=DIRECTION('',(0.,0.,-1.));
#9158=DIRECTION('',(0.,1.,0.));
#9159=DIRECTION('',(0.,0.,-1.));
#9160=DIRECTION('',(0.,0.,-1.));
#9161=DIRECTION('',(1.,0.,0.));
#9162=DIRECTION('',(0.,-1.,0.));
#9163=DIRECTION('',(0.,0.,-1.));
#9164=DIRECTION('',(0.,0.,-1.));
#9165=DIRECTION('',(0.,1.,0.));
#9166=DIRECTION('',(0.,0.,-1.));
#9167=DIRECTION('',(0.,-1.,0.));
#9168=DIRECTION('',(-1.,0.,0.));
#9169=DIRECTION('',(0.,0.,-1.));
#9170=DIRECTION('',(0.,0.,-1.));
#9171=DIRECTION('',(0.,1.,0.));
#9172=DIRECTION('',(0.,0.,-1.));
#9173=DIRECTION('',(-1.,0.,0.));
#9174=DIRECTION('',(0.,1.,0.));
#9175=DIRECTION('',(0.,0.,-1.));
#9176=DIRECTION('',(0.,0.,-1.));
#9177=DIRECTION('',(0.,1.,0.));
#9178=DIRECTION('',(0.,0.,-1.));
#9179=DIRECTION('',(0.,0.,-1.));
#9180=DIRECTION('',(0.,1.,0.));
#9181=DIRECTION('',(0.,0.,-1.));
#9182=DIRECTION('',(0.,0.,-1.));
#9183=DIRECTION('',(1.,0.,0.));
#9184=DIRECTION('',(0.,-1.,0.));
#9185=DIRECTION('',(0.,0.,-1.));
#9186=DIRECTION('',(0.,0.,-1.));
#9187=DIRECTION('',(0.,1.,0.));
#9188=DIRECTION('',(0.,0.,-1.));
#9189=DIRECTION('',(0.,-1.,0.));
#9190=DIRECTION('',(-1.,0.,0.));
#9191=DIRECTION('',(0.,0.,-1.));
#9192=DIRECTION('',(0.,0.,-1.));
#9193=DIRECTION('',(0.,1.,0.));
#9194=DIRECTION('',(0.,0.,-1.));
#9195=DIRECTION('',(-1.,0.,0.));
#9196=DIRECTION('',(0.,1.,0.));
#9197=DIRECTION('',(0.,0.,-1.));
#9198=DIRECTION('',(0.,0.,-1.));
#9199=DIRECTION('',(0.,1.,0.));
#9200=DIRECTION('',(0.,0.,-1.));
#9201=DIRECTION('',(0.,0.,-1.));
#9202=DIRECTION('',(0.,1.,0.));
#9203=DIRECTION('',(0.,0.,-1.));
#9204=DIRECTION('',(0.,0.,-1.));
#9205=DIRECTION('',(1.,0.,0.));
#9206=DIRECTION('',(0.,-1.,0.));
#9207=DIRECTION('',(0.,0.,-1.));
#9208=DIRECTION('',(0.,0.,-1.));
#9209=DIRECTION('',(0.,1.,0.));
#9210=DIRECTION('',(0.,0.,-1.));
#9211=DIRECTION('',(0.,-1.,0.));
#9212=DIRECTION('',(-1.,0.,0.));
#9213=DIRECTION('',(0.,0.,-1.));
#9214=DIRECTION('',(0.,0.,-1.));
#9215=DIRECTION('',(0.,1.,0.));
#9216=DIRECTION('',(0.,0.,-1.));
#9217=DIRECTION('',(-1.,0.,0.));
#9218=DIRECTION('',(0.,1.,0.));
#9219=DIRECTION('',(0.,0.,-1.));
#9220=DIRECTION('',(0.,0.,-1.));
#9221=DIRECTION('',(0.,1.,0.));
#9222=DIRECTION('',(0.,0.,-1.));
#9223=DIRECTION('',(0.,0.,-1.));
#9224=DIRECTION('',(0.,1.,0.));
#9225=DIRECTION('',(0.,0.,-1.));
#9226=DIRECTION('',(0.,0.,-1.));
#9227=DIRECTION('',(1.,0.,0.));
#9228=DIRECTION('',(0.,-1.,0.));
#9229=DIRECTION('',(0.,0.,-1.));
#9230=DIRECTION('',(0.,0.,-1.));
#9231=DIRECTION('',(0.,1.,0.));
#9232=DIRECTION('',(0.,0.,-1.));
#9233=DIRECTION('',(0.,-1.,0.));
#9234=DIRECTION('',(-1.,0.,0.));
#9235=DIRECTION('',(0.,0.,-1.));
#9236=DIRECTION('',(0.,0.,-1.));
#9237=DIRECTION('',(0.,1.,0.));
#9238=DIRECTION('',(0.,0.,-1.));
#9239=DIRECTION('',(-1.,0.,0.));
#9240=DIRECTION('',(0.,1.,0.));
#9241=DIRECTION('',(0.,0.,-1.));
#9242=DIRECTION('',(0.,0.,-1.));
#9243=DIRECTION('',(0.,1.,0.));
#9244=DIRECTION('',(0.,0.,-1.));
#9245=DIRECTION('',(0.,0.,-1.));
#9246=DIRECTION('',(0.,1.,0.));
#9247=DIRECTION('',(0.,0.,-1.));
#9248=DIRECTION('',(0.,0.,-1.));
#9249=DIRECTION('',(1.,0.,0.));
#9250=DIRECTION('',(0.,-1.,0.));
#9251=DIRECTION('',(0.,0.,-1.));
#9252=DIRECTION('',(0.,0.,-1.));
#9253=DIRECTION('',(0.,1.,0.));
#9254=DIRECTION('',(0.,0.,-1.));
#9255=DIRECTION('',(0.,-1.,0.));
#9256=DIRECTION('',(-1.,0.,0.));
#9257=DIRECTION('',(0.,0.,-1.));
#9258=DIRECTION('',(0.,0.,-1.));
#9259=DIRECTION('',(0.,1.,0.));
#9260=DIRECTION('',(0.,0.,-1.));
#9261=DIRECTION('',(-1.,0.,0.));
#9262=DIRECTION('',(0.,1.,0.));
#9263=DIRECTION('',(0.,0.,-1.));
#9264=DIRECTION('',(0.,0.,-1.));
#9265=DIRECTION('',(0.,1.,0.));
#9266=DIRECTION('',(0.,0.,-1.));
#9267=DIRECTION('',(0.,0.,-1.));
#9268=DIRECTION('',(0.,1.,0.));
#9269=DIRECTION('',(0.,0.,-1.));
#9270=DIRECTION('',(0.,0.,-1.));
#9271=DIRECTION('',(1.,0.,0.));
#9272=DIRECTION('',(0.,-1.,0.));
#9273=DIRECTION('',(0.,0.,-1.));
#9274=DIRECTION('',(0.,0.,-1.));
#9275=DIRECTION('',(0.,1.,0.));
#9276=DIRECTION('',(0.,0.,-1.));
#9277=DIRECTION('',(0.,-1.,0.));
#9278=DIRECTION('',(-1.,0.,0.));
#9279=DIRECTION('',(0.,0.,-1.));
#9280=DIRECTION('',(0.,0.,-1.));
#9281=DIRECTION('',(0.,1.,0.));
#9282=DIRECTION('',(0.,0.,-1.));
#9283=DIRECTION('',(-1.,0.,0.));
#9284=DIRECTION('',(0.,1.,0.));
#9285=DIRECTION('',(0.,0.,-1.));
#9286=DIRECTION('',(0.,0.,-1.));
#9287=DIRECTION('',(0.,1.,0.));
#9288=DIRECTION('',(0.,0.,-1.));
#9289=DIRECTION('',(0.,0.,-1.));
#9290=DIRECTION('',(0.,1.,0.));
#9291=DIRECTION('',(0.,0.,-1.));
#9292=DIRECTION('',(0.,0.,-1.));
#9293=DIRECTION('',(1.,0.,0.));
#9294=DIRECTION('',(0.,-1.,0.));
#9295=DIRECTION('',(0.,0.,-1.));
#9296=DIRECTION('',(0.,0.,-1.));
#9297=DIRECTION('',(0.,1.,0.));
#9298=DIRECTION('',(0.,0.,-1.));
#9299=DIRECTION('',(0.,-1.,0.));
#9300=DIRECTION('',(-1.,0.,0.));
#9301=DIRECTION('',(0.,0.,-1.));
#9302=DIRECTION('',(0.,0.,-1.));
#9303=DIRECTION('',(0.,1.,0.));
#9304=DIRECTION('',(0.,0.,-1.));
#9305=DIRECTION('',(-1.,0.,0.));
#9306=DIRECTION('',(0.,1.,0.));
#9307=DIRECTION('',(0.,0.,-1.));
#9308=DIRECTION('',(0.,0.,-1.));
#9309=DIRECTION('',(0.,1.,0.));
#9310=DIRECTION('',(0.,0.,-1.));
#9311=DIRECTION('',(0.,0.,-1.));
#9312=DIRECTION('',(0.,1.,0.));
#9313=DIRECTION('',(0.,0.,-1.));
#9314=DIRECTION('',(0.,0.,-1.));
#9315=DIRECTION('',(1.,0.,0.));
#9316=DIRECTION('',(0.,-1.,0.));
#9317=DIRECTION('',(0.,0.,-1.));
#9318=DIRECTION('',(0.,0.,-1.));
#9319=DIRECTION('',(0.,1.,0.));
#9320=DIRECTION('',(0.,0.,-1.));
#9321=DIRECTION('',(0.,-1.,0.));
#9322=DIRECTION('',(-1.,0.,0.));
#9323=DIRECTION('',(0.,0.,-1.));
#9324=DIRECTION('',(0.,0.,-1.));
#9325=DIRECTION('',(0.,1.,0.));
#9326=DIRECTION('',(0.,0.,-1.));
#9327=DIRECTION('',(-1.,0.,0.));
#9328=DIRECTION('',(0.,1.,0.));
#9329=DIRECTION('',(0.,0.,-1.));
#9330=DIRECTION('',(0.,0.,-1.));
#9331=DIRECTION('',(0.,1.,0.));
#9332=DIRECTION('',(0.,0.,-1.));
#9333=DIRECTION('',(0.,0.,-1.));
#9334=DIRECTION('',(0.,1.,0.));
#9335=DIRECTION('',(0.,0.,-1.));
#9336=DIRECTION('',(0.,0.,-1.));
#9337=DIRECTION('',(1.,0.,0.));
#9338=DIRECTION('',(0.,-1.,0.));
#9339=DIRECTION('',(0.,0.,-1.));
#9340=DIRECTION('',(0.,0.,-1.));
#9341=DIRECTION('',(0.,1.,0.));
#9342=DIRECTION('',(0.,0.,-1.));
#9343=DIRECTION('',(0.,-1.,0.));
#9344=DIRECTION('',(-1.,0.,0.));
#9345=DIRECTION('',(0.,0.,-1.));
#9346=DIRECTION('',(0.,0.,-1.));
#9347=DIRECTION('',(0.,1.,0.));
#9348=DIRECTION('',(0.,0.,-1.));
#9349=DIRECTION('',(-1.,0.,0.));
#9350=DIRECTION('',(0.,1.,0.));
#9351=DIRECTION('',(0.,0.,-1.));
#9352=DIRECTION('',(0.,0.,-1.));
#9353=DIRECTION('',(0.,1.,0.));
#9354=DIRECTION('',(0.,0.,-1.));
#9355=DIRECTION('',(0.,0.,-1.));
#9356=DIRECTION('',(0.,1.,0.));
#9357=DIRECTION('',(0.,0.,-1.));
#9358=DIRECTION('',(0.,0.,-1.));
#9359=DIRECTION('',(1.,0.,0.));
#9360=DIRECTION('',(0.,-1.,0.));
#9361=DIRECTION('',(0.,0.,-1.));
#9362=DIRECTION('',(0.,0.,-1.));
#9363=DIRECTION('',(0.,1.,0.));
#9364=DIRECTION('',(0.,0.,-1.));
#9365=DIRECTION('',(0.,-1.,0.));
#9366=DIRECTION('',(-1.,0.,0.));
#9367=DIRECTION('',(0.,0.,-1.));
#9368=DIRECTION('',(0.,0.,-1.));
#9369=DIRECTION('',(0.,1.,0.));
#9370=DIRECTION('',(0.,0.,-1.));
#9371=DIRECTION('',(-1.,0.,0.));
#9372=DIRECTION('',(0.,1.,0.));
#9373=DIRECTION('',(0.,0.,-1.));
#9374=DIRECTION('',(0.,0.,-1.));
#9375=DIRECTION('',(0.,1.,0.));
#9376=DIRECTION('',(0.,0.,-1.));
#9377=DIRECTION('',(0.,0.,-1.));
#9378=DIRECTION('',(0.,1.,0.));
#9379=DIRECTION('',(0.,0.,-1.));
#9380=DIRECTION('',(0.,0.,-1.));
#9381=DIRECTION('',(1.,0.,0.));
#9382=DIRECTION('',(0.,-1.,0.));
#9383=DIRECTION('',(0.,0.,-1.));
#9384=DIRECTION('',(0.,0.,-1.));
#9385=DIRECTION('',(0.,1.,0.));
#9386=DIRECTION('',(0.,0.,-1.));
#9387=DIRECTION('',(0.,-1.,0.));
#9388=DIRECTION('',(-1.,0.,0.));
#9389=DIRECTION('',(0.,0.,-1.));
#9390=DIRECTION('',(0.,0.,-1.));
#9391=DIRECTION('',(0.,1.,0.));
#9392=DIRECTION('',(0.,0.,-1.));
#9393=DIRECTION('',(-1.,0.,0.));
#9394=DIRECTION('',(0.,1.,0.));
#9395=DIRECTION('',(0.,0.,-1.));
#9396=DIRECTION('',(0.,0.,-1.));
#9397=DIRECTION('',(0.,1.,0.));
#9398=DIRECTION('',(0.,0.,-1.));
#9399=DIRECTION('',(0.,0.,-1.));
#9400=DIRECTION('',(0.,1.,0.));
#9401=DIRECTION('',(0.,0.,-1.));
#9402=DIRECTION('',(0.,0.,-1.));
#9403=DIRECTION('',(1.,0.,0.));
#9404=DIRECTION('',(0.,-1.,0.));
#9405=DIRECTION('',(0.,0.,-1.));
#9406=DIRECTION('',(0.,0.,-1.));
#9407=DIRECTION('',(0.,1.,0.));
#9408=DIRECTION('',(0.,0.,-1.));
#9409=DIRECTION('',(0.,-1.,0.));
#9410=DIRECTION('',(-1.,0.,0.));
#9411=DIRECTION('',(0.,0.,-1.));
#9412=DIRECTION('',(0.,0.,-1.));
#9413=DIRECTION('',(0.,1.,0.));
#9414=DIRECTION('',(0.,0.,-1.));
#9415=DIRECTION('',(-1.,0.,0.));
#9416=DIRECTION('',(0.,1.,0.));
#9417=DIRECTION('',(0.,0.,-1.));
#9418=DIRECTION('',(0.,0.,-1.));
#9419=DIRECTION('',(0.,1.,0.));
#9420=DIRECTION('',(0.,0.,-1.));
#9421=DIRECTION('',(0.,0.,-1.));
#9422=DIRECTION('',(0.,1.,0.));
#9423=DIRECTION('',(0.,0.,-1.));
#9424=DIRECTION('',(0.,0.,-1.));
#9425=DIRECTION('',(1.,0.,0.));
#9426=DIRECTION('',(0.,-1.,0.));
#9427=DIRECTION('',(0.,0.,-1.));
#9428=DIRECTION('',(0.,0.,-1.));
#9429=DIRECTION('',(0.,1.,0.));
#9430=DIRECTION('',(0.,0.,-1.));
#9431=DIRECTION('',(0.,-1.,0.));
#9432=DIRECTION('',(-1.,0.,0.));
#9433=DIRECTION('',(0.,0.,-1.));
#9434=DIRECTION('',(0.,0.,-1.));
#9435=DIRECTION('',(0.,1.,0.));
#9436=DIRECTION('',(0.,0.,-1.));
#9437=DIRECTION('',(-1.,0.,0.));
#9438=DIRECTION('',(0.,1.,0.));
#9439=DIRECTION('',(0.,0.,-1.));
#9440=DIRECTION('',(0.,0.,-1.));
#9441=DIRECTION('',(0.,1.,0.));
#9442=DIRECTION('',(0.,0.,-1.));
#9443=DIRECTION('',(0.,0.,-1.));
#9444=DIRECTION('',(0.,1.,0.));
#9445=DIRECTION('',(0.,0.,-1.));
#9446=DIRECTION('',(1.,0.,0.));
#9447=DIRECTION('',(0.,-1.,0.));
#9448=DIRECTION('',(0.,0.,-1.));
#9449=DIRECTION('',(0.,0.,-1.));
#9450=DIRECTION('',(0.,1.,0.));
#9451=DIRECTION('',(0.,0.,-1.));
#9452=DIRECTION('',(0.,1.,0.));
#9453=DIRECTION('',(0.,0.,-1.));
#9454=DIRECTION('',(0.,0.,-1.));
#9455=DIRECTION('',(1.,0.,0.));
#9456=DIRECTION('',(0.,-1.,0.));
#9457=DIRECTION('',(0.,0.,-1.));
#9458=DIRECTION('',(0.,0.,-1.));
#9459=DIRECTION('',(0.,1.,0.));
#9460=DIRECTION('',(0.,0.,-1.));
#9461=DIRECTION('',(0.,-1.,0.));
#9462=DIRECTION('',(-1.,0.,0.));
#9463=DIRECTION('',(0.,0.,-1.));
#9464=DIRECTION('',(0.,0.,-1.));
#9465=DIRECTION('',(0.,1.,0.));
#9466=DIRECTION('',(0.,0.,-1.));
#9467=DIRECTION('',(-1.,0.,0.));
#9468=DIRECTION('',(0.,1.,0.));
#9469=DIRECTION('',(0.,0.,-1.));
#9470=DIRECTION('',(0.,0.,-1.));
#9471=DIRECTION('',(0.,1.,0.));
#9472=DIRECTION('',(0.,0.,-1.));
#9473=DIRECTION('',(0.,0.,-1.));
#9474=DIRECTION('',(0.,1.,0.));
#9475=DIRECTION('',(0.,0.,-1.));
#9476=DIRECTION('',(0.,0.,-1.));
#9477=DIRECTION('',(1.,0.,0.));
#9478=DIRECTION('',(0.,-1.,0.));
#9479=DIRECTION('',(0.,0.,-1.));
#9480=DIRECTION('',(0.,0.,-1.));
#9481=DIRECTION('',(0.,1.,0.));
#9482=DIRECTION('',(0.,0.,-1.));
#9483=DIRECTION('',(0.,-1.,0.));
#9484=DIRECTION('',(-1.,0.,0.));
#9485=DIRECTION('',(0.,0.,-1.));
#9486=DIRECTION('',(0.,0.,-1.));
#9487=DIRECTION('',(0.,1.,0.));
#9488=DIRECTION('',(0.,0.,-1.));
#9489=DIRECTION('',(-1.,0.,0.));
#9490=DIRECTION('',(0.,1.,0.));
#9491=DIRECTION('',(0.,0.,-1.));
#9492=DIRECTION('',(0.,0.,-1.));
#9493=DIRECTION('',(0.,1.,0.));
#9494=DIRECTION('',(0.,0.,-1.));
#9495=DIRECTION('',(0.,0.,-1.));
#9496=DIRECTION('',(0.,1.,0.));
#9497=DIRECTION('',(0.,0.,-1.));
#9498=DIRECTION('',(0.,0.,-1.));
#9499=DIRECTION('',(1.,0.,0.));
#9500=DIRECTION('',(0.,-1.,0.));
#9501=DIRECTION('',(0.,0.,-1.));
#9502=DIRECTION('',(0.,0.,-1.));
#9503=DIRECTION('',(0.,1.,0.));
#9504=DIRECTION('',(0.,0.,-1.));
#9505=DIRECTION('',(0.,-1.,0.));
#9506=DIRECTION('',(-1.,0.,0.));
#9507=DIRECTION('',(0.,0.,-1.));
#9508=DIRECTION('',(0.,0.,-1.));
#9509=DIRECTION('',(0.,1.,0.));
#9510=DIRECTION('',(0.,0.,-1.));
#9511=DIRECTION('',(-1.,0.,0.));
#9512=DIRECTION('',(0.,1.,0.));
#9513=DIRECTION('',(0.,0.,-1.));
#9514=DIRECTION('',(0.,0.,-1.));
#9515=DIRECTION('',(0.,1.,0.));
#9516=DIRECTION('',(0.,0.,-1.));
#9517=DIRECTION('',(0.,0.,-1.));
#9518=DIRECTION('',(0.,1.,0.));
#9519=DIRECTION('',(0.,0.,-1.));
#9520=DIRECTION('',(0.,0.,-1.));
#9521=DIRECTION('',(1.,0.,0.));
#9522=DIRECTION('',(0.,-1.,0.));
#9523=DIRECTION('',(0.,0.,-1.));
#9524=DIRECTION('',(0.,0.,-1.));
#9525=DIRECTION('',(0.,1.,0.));
#9526=DIRECTION('',(0.,0.,-1.));
#9527=DIRECTION('',(0.,-1.,0.));
#9528=DIRECTION('',(-1.,0.,0.));
#9529=DIRECTION('',(0.,0.,-1.));
#9530=DIRECTION('',(0.,0.,-1.));
#9531=DIRECTION('',(0.,1.,0.));
#9532=DIRECTION('',(0.,0.,-1.));
#9533=DIRECTION('',(-1.,0.,0.));
#9534=DIRECTION('',(0.,1.,0.));
#9535=DIRECTION('',(0.,0.,-1.));
#9536=DIRECTION('',(0.,0.,-1.));
#9537=DIRECTION('',(0.,1.,0.));
#9538=DIRECTION('',(0.,0.,-1.));
#9539=DIRECTION('',(0.,0.,-1.));
#9540=DIRECTION('',(0.,1.,0.));
#9541=DIRECTION('',(0.,0.,-1.));
#9542=DIRECTION('',(0.,0.,-1.));
#9543=DIRECTION('',(1.,0.,0.));
#9544=DIRECTION('',(0.,-1.,0.));
#9545=DIRECTION('',(0.,0.,-1.));
#9546=DIRECTION('',(0.,0.,-1.));
#9547=DIRECTION('',(0.,1.,0.));
#9548=DIRECTION('',(0.,0.,-1.));
#9549=DIRECTION('',(0.,-1.,0.));
#9550=DIRECTION('',(-1.,0.,0.));
#9551=DIRECTION('',(0.,0.,-1.));
#9552=DIRECTION('',(0.,0.,-1.));
#9553=DIRECTION('',(0.,1.,0.));
#9554=DIRECTION('',(0.,0.,-1.));
#9555=DIRECTION('',(-1.,0.,0.));
#9556=DIRECTION('',(0.,1.,0.));
#9557=DIRECTION('',(0.,0.,-1.));
#9558=DIRECTION('',(0.,0.,-1.));
#9559=DIRECTION('',(0.,1.,0.));
#9560=DIRECTION('',(0.,0.,-1.));
#9561=DIRECTION('',(0.,0.,-1.));
#9562=DIRECTION('',(0.,1.,0.));
#9563=DIRECTION('',(0.,0.,-1.));
#9564=DIRECTION('',(0.,0.,-1.));
#9565=DIRECTION('',(1.,0.,0.));
#9566=DIRECTION('',(0.,-1.,0.));
#9567=DIRECTION('',(0.,0.,-1.));
#9568=DIRECTION('',(0.,0.,-1.));
#9569=DIRECTION('',(0.,1.,0.));
#9570=DIRECTION('',(0.,0.,-1.));
#9571=DIRECTION('',(0.,-1.,0.));
#9572=DIRECTION('',(-1.,0.,0.));
#9573=DIRECTION('',(0.,0.,-1.));
#9574=DIRECTION('',(0.,0.,-1.));
#9575=DIRECTION('',(0.,1.,0.));
#9576=DIRECTION('',(0.,0.,-1.));
#9577=DIRECTION('',(-1.,0.,0.));
#9578=DIRECTION('',(0.,1.,0.));
#9579=DIRECTION('',(0.,0.,-1.));
#9580=DIRECTION('',(0.,0.,-1.));
#9581=DIRECTION('',(0.,1.,0.));
#9582=DIRECTION('',(0.,0.,-1.));
#9583=DIRECTION('',(0.,0.,-1.));
#9584=DIRECTION('',(0.,1.,0.));
#9585=DIRECTION('',(0.,0.,-1.));
#9586=DIRECTION('',(0.,0.,-1.));
#9587=DIRECTION('',(1.,0.,0.));
#9588=DIRECTION('',(0.,-1.,0.));
#9589=DIRECTION('',(0.,0.,-1.));
#9590=DIRECTION('',(0.,0.,-1.));
#9591=DIRECTION('',(0.,1.,0.));
#9592=DIRECTION('',(0.,0.,-1.));
#9593=DIRECTION('',(0.,-1.,0.));
#9594=DIRECTION('',(-1.,0.,0.));
#9595=DIRECTION('',(0.,0.,-1.));
#9596=DIRECTION('',(0.,0.,-1.));
#9597=DIRECTION('',(0.,1.,0.));
#9598=DIRECTION('',(0.,0.,-1.));
#9599=DIRECTION('',(-1.,0.,0.));
#9600=DIRECTION('',(0.,1.,0.));
#9601=DIRECTION('',(0.,0.,-1.));
#9602=DIRECTION('',(0.,0.,-1.));
#9603=DIRECTION('',(0.,1.,0.));
#9604=DIRECTION('',(0.,0.,-1.));
#9605=DIRECTION('',(0.,0.,-1.));
#9606=DIRECTION('',(0.,1.,0.));
#9607=DIRECTION('',(0.,0.,-1.));
#9608=DIRECTION('',(0.,0.,-1.));
#9609=DIRECTION('',(1.,0.,0.));
#9610=DIRECTION('',(0.,-1.,0.));
#9611=DIRECTION('',(0.,0.,-1.));
#9612=DIRECTION('',(0.,0.,-1.));
#9613=DIRECTION('',(0.,1.,0.));
#9614=DIRECTION('',(0.,0.,-1.));
#9615=DIRECTION('',(0.,-1.,0.));
#9616=DIRECTION('',(-1.,0.,0.));
#9617=DIRECTION('',(0.,0.,-1.));
#9618=DIRECTION('',(0.,0.,-1.));
#9619=DIRECTION('',(0.,1.,0.));
#9620=DIRECTION('',(0.,0.,-1.));
#9621=DIRECTION('',(-1.,0.,0.));
#9622=DIRECTION('',(0.,1.,0.));
#9623=DIRECTION('',(0.,0.,-1.));
#9624=DIRECTION('',(0.,0.,-1.));
#9625=DIRECTION('',(0.,1.,0.));
#9626=DIRECTION('',(0.,0.,-1.));
#9627=DIRECTION('',(0.,0.,-1.));
#9628=DIRECTION('',(0.,1.,0.));
#9629=DIRECTION('',(0.,0.,-1.));
#9630=DIRECTION('',(1.,0.,0.));
#9631=DIRECTION('',(0.,-1.,0.));
#9632=DIRECTION('',(0.,0.,-1.));
#9633=DIRECTION('',(0.,0.,-1.));
#9634=DIRECTION('',(0.,1.,0.));
#9635=DIRECTION('',(0.,0.,-1.));
#9636=DIRECTION('',(0.,1.,0.));
#9637=DIRECTION('',(0.,0.,-1.));
#9638=DIRECTION('',(0.,0.,-1.));
#9639=DIRECTION('',(1.,0.,0.));
#9640=DIRECTION('',(0.,-1.,0.));
#9641=DIRECTION('',(0.,0.,-1.));
#9642=DIRECTION('',(0.,0.,-1.));
#9643=DIRECTION('',(0.,1.,0.));
#9644=DIRECTION('',(0.,0.,-1.));
#9645=DIRECTION('',(0.,-1.,0.));
#9646=DIRECTION('',(-1.,0.,0.));
#9647=DIRECTION('',(0.,0.,-1.));
#9648=DIRECTION('',(0.,0.,-1.));
#9649=DIRECTION('',(0.,1.,0.));
#9650=DIRECTION('',(0.,0.,-1.));
#9651=DIRECTION('',(-1.,0.,0.));
#9652=DIRECTION('',(0.,1.,0.));
#9653=DIRECTION('',(0.,0.,-1.));
#9654=DIRECTION('',(0.,0.,-1.));
#9655=DIRECTION('',(0.,1.,0.));
#9656=DIRECTION('',(0.,0.,-1.));
#9657=DIRECTION('',(0.,0.,-1.));
#9658=DIRECTION('',(0.,1.,0.));
#9659=DIRECTION('',(0.,0.,-1.));
#9660=DIRECTION('',(0.,0.,-1.));
#9661=DIRECTION('',(1.,0.,0.));
#9662=DIRECTION('',(0.,-1.,0.));
#9663=DIRECTION('',(0.,0.,-1.));
#9664=DIRECTION('',(0.,0.,-1.));
#9665=DIRECTION('',(0.,1.,0.));
#9666=DIRECTION('',(0.,0.,-1.));
#9667=DIRECTION('',(0.,-1.,0.));
#9668=DIRECTION('',(-1.,0.,0.));
#9669=DIRECTION('',(0.,0.,-1.));
#9670=DIRECTION('',(0.,0.,-1.));
#9671=DIRECTION('',(0.,1.,0.));
#9672=DIRECTION('',(0.,0.,-1.));
#9673=DIRECTION('',(-1.,0.,0.));
#9674=DIRECTION('',(0.,1.,0.));
#9675=DIRECTION('',(0.,0.,-1.));
#9676=DIRECTION('',(0.,0.,-1.));
#9677=DIRECTION('',(0.,1.,0.));
#9678=DIRECTION('',(0.,0.,-1.));
#9679=DIRECTION('',(0.,0.,-1.));
#9680=DIRECTION('',(0.,1.,0.));
#9681=DIRECTION('',(0.,0.,-1.));
#9682=DIRECTION('',(0.,0.,-1.));
#9683=DIRECTION('',(1.,0.,0.));
#9684=DIRECTION('',(0.,-1.,0.));
#9685=DIRECTION('',(0.,0.,-1.));
#9686=DIRECTION('',(0.,0.,-1.));
#9687=DIRECTION('',(0.,1.,0.));
#9688=DIRECTION('',(0.,0.,-1.));
#9689=DIRECTION('',(0.,-1.,0.));
#9690=DIRECTION('',(-1.,0.,0.));
#9691=DIRECTION('',(0.,0.,-1.));
#9692=DIRECTION('',(0.,0.,-1.));
#9693=DIRECTION('',(0.,1.,0.));
#9694=DIRECTION('',(0.,0.,-1.));
#9695=DIRECTION('',(-1.,0.,0.));
#9696=DIRECTION('',(0.,1.,0.));
#9697=DIRECTION('',(0.,0.,-1.));
#9698=DIRECTION('',(0.,0.,-1.));
#9699=DIRECTION('',(0.,1.,0.));
#9700=DIRECTION('',(0.,0.,-1.));
#9701=DIRECTION('',(0.,0.,-1.));
#9702=DIRECTION('',(0.,1.,0.));
#9703=DIRECTION('',(0.,0.,-1.));
#9704=DIRECTION('',(0.,0.,-1.));
#9705=DIRECTION('',(1.,0.,0.));
#9706=DIRECTION('',(0.,-1.,0.));
#9707=DIRECTION('',(0.,0.,-1.));
#9708=DIRECTION('',(0.,0.,-1.));
#9709=DIRECTION('',(0.,1.,0.));
#9710=DIRECTION('',(0.,0.,-1.));
#9711=DIRECTION('',(0.,-1.,0.));
#9712=DIRECTION('',(-1.,0.,0.));
#9713=DIRECTION('',(0.,0.,-1.));
#9714=DIRECTION('',(0.,0.,-1.));
#9715=DIRECTION('',(0.,1.,0.));
#9716=DIRECTION('',(0.,0.,-1.));
#9717=DIRECTION('',(-1.,0.,0.));
#9718=DIRECTION('',(0.,1.,0.));
#9719=DIRECTION('',(0.,0.,-1.));
#9720=DIRECTION('',(0.,0.,-1.));
#9721=DIRECTION('',(0.,1.,0.));
#9722=DIRECTION('',(0.,0.,-1.));
#9723=DIRECTION('',(0.,0.,-1.));
#9724=DIRECTION('',(0.,1.,0.));
#9725=DIRECTION('',(0.,0.,-1.));
#9726=DIRECTION('',(0.,0.,-1.));
#9727=DIRECTION('',(1.,0.,0.));
#9728=DIRECTION('',(0.,-1.,0.));
#9729=DIRECTION('',(0.,0.,-1.));
#9730=DIRECTION('',(0.,0.,-1.));
#9731=DIRECTION('',(0.,1.,0.));
#9732=DIRECTION('',(0.,0.,-1.));
#9733=DIRECTION('',(0.,-1.,0.));
#9734=DIRECTION('',(-1.,0.,0.));
#9735=DIRECTION('',(0.,0.,-1.));
#9736=DIRECTION('',(0.,0.,-1.));
#9737=DIRECTION('',(0.,1.,0.));
#9738=DIRECTION('',(0.,0.,-1.));
#9739=DIRECTION('',(-1.,0.,0.));
#9740=DIRECTION('',(0.,1.,0.));
#9741=DIRECTION('',(0.,0.,-1.));
#9742=DIRECTION('',(0.,0.,-1.));
#9743=DIRECTION('',(0.,1.,0.));
#9744=DIRECTION('',(0.,0.,-1.));
#9745=DIRECTION('',(0.,0.,-1.));
#9746=DIRECTION('',(0.,1.,0.));
#9747=DIRECTION('',(0.,0.,-1.));
#9748=DIRECTION('',(0.,0.,-1.));
#9749=DIRECTION('',(1.,0.,0.));
#9750=DIRECTION('',(0.,-1.,0.));
#9751=DIRECTION('',(0.,0.,-1.));
#9752=DIRECTION('',(0.,0.,-1.));
#9753=DIRECTION('',(0.,1.,0.));
#9754=DIRECTION('',(0.,0.,-1.));
#9755=DIRECTION('',(0.,-1.,0.));
#9756=DIRECTION('',(-1.,0.,0.));
#9757=DIRECTION('',(0.,0.,-1.));
#9758=DIRECTION('',(0.,0.,-1.));
#9759=DIRECTION('',(0.,1.,0.));
#9760=DIRECTION('',(0.,0.,-1.));
#9761=DIRECTION('',(-1.,0.,0.));
#9762=DIRECTION('',(0.,1.,0.));
#9763=DIRECTION('',(0.,0.,-1.));
#9764=DIRECTION('',(0.,0.,-1.));
#9765=DIRECTION('',(0.,1.,0.));
#9766=DIRECTION('',(0.,0.,-1.));
#9767=DIRECTION('',(0.,0.,-1.));
#9768=DIRECTION('',(0.,1.,0.));
#9769=DIRECTION('',(0.,0.,-1.));
#9770=DIRECTION('',(0.,0.,-1.));
#9771=DIRECTION('',(1.,0.,0.));
#9772=DIRECTION('',(0.,-1.,0.));
#9773=DIRECTION('',(0.,0.,-1.));
#9774=DIRECTION('',(0.,0.,-1.));
#9775=DIRECTION('',(0.,1.,0.));
#9776=DIRECTION('',(0.,0.,-1.));
#9777=DIRECTION('',(0.,-1.,0.));
#9778=DIRECTION('',(-1.,0.,0.));
#9779=DIRECTION('',(0.,0.,-1.));
#9780=DIRECTION('',(0.,0.,-1.));
#9781=DIRECTION('',(0.,1.,0.));
#9782=DIRECTION('',(0.,0.,-1.));
#9783=DIRECTION('',(-1.,0.,0.));
#9784=DIRECTION('',(0.,1.,0.));
#9785=DIRECTION('',(0.,0.,-1.));
#9786=DIRECTION('',(0.,0.,-1.));
#9787=DIRECTION('',(0.,1.,0.));
#9788=DIRECTION('',(0.,0.,-1.));
#9789=DIRECTION('',(0.,0.,-1.));
#9790=DIRECTION('',(0.,1.,0.));
#9791=DIRECTION('',(0.,0.,-1.));
#9792=DIRECTION('',(0.,0.,-1.));
#9793=DIRECTION('',(1.,0.,0.));
#9794=DIRECTION('',(0.,-1.,0.));
#9795=DIRECTION('',(0.,0.,-1.));
#9796=DIRECTION('',(0.,0.,-1.));
#9797=DIRECTION('',(0.,1.,0.));
#9798=DIRECTION('',(0.,0.,-1.));
#9799=DIRECTION('',(0.,-1.,0.));
#9800=DIRECTION('',(-1.,0.,0.));
#9801=DIRECTION('',(0.,0.,-1.));
#9802=DIRECTION('',(0.,0.,-1.));
#9803=DIRECTION('',(0.,1.,0.));
#9804=DIRECTION('',(0.,0.,-1.));
#9805=DIRECTION('',(-1.,0.,0.));
#9806=DIRECTION('',(0.,1.,0.));
#9807=DIRECTION('',(0.,0.,-1.));
#9808=DIRECTION('',(0.,0.,-1.));
#9809=DIRECTION('',(0.,1.,0.));
#9810=DIRECTION('',(0.,0.,-1.));
#9811=DIRECTION('',(0.,0.,-1.));
#9812=DIRECTION('',(0.,1.,0.));
#9813=DIRECTION('',(0.,0.,-1.));
#9814=DIRECTION('',(0.,1.,0.));
#9815=DIRECTION('',(0.,0.,-1.));
#9816=DIRECTION('',(0.,1.,0.));
#9817=DIRECTION('',(0.,0.,-1.));
#9818=DIRECTION('',(0.,1.,0.));
#9819=DIRECTION('',(0.,0.,-1.));
#9820=DIRECTION('',(0.,1.,0.));
#9821=DIRECTION('',(0.,0.,-1.));
#9822=DIRECTION('',(0.,1.,0.));
#9823=DIRECTION('',(0.,1.,0.));
#9824=DIRECTION('',(1.,0.,0.));
#9825=DIRECTION('',(0.,1.,0.));
#9826=DIRECTION('',(1.,0.,0.));
#9827=DIRECTION('',(0.,1.,0.));
#9828=DIRECTION('',(1.,0.,0.));
#9829=DIRECTION('',(0.,1.,0.));
#9830=DIRECTION('',(1.,0.,0.));
#9831=DIRECTION('',(0.,1.,0.));
#9832=DIRECTION('',(1.,0.,0.));
#9833=DIRECTION('',(0.,1.,0.));
#9834=DIRECTION('',(1.,0.,0.));
#9835=DIRECTION('',(0.,1.,0.));
#9836=DIRECTION('',(1.,0.,0.));
#9837=DIRECTION('',(0.,1.,0.));
#9838=DIRECTION('',(1.,0.,0.));
#9839=DIRECTION('',(0.,1.,0.));
#9840=DIRECTION('',(1.,0.,0.));
#9841=DIRECTION('',(0.,1.,0.));
#9842=DIRECTION('',(1.,0.,0.));
#9843=DIRECTION('',(0.,1.,0.));
#9844=DIRECTION('',(1.,0.,0.));
#9845=DIRECTION('',(0.,1.,0.));
#9846=DIRECTION('',(1.,0.,0.));
#9847=DIRECTION('',(0.,1.,0.));
#9848=DIRECTION('',(1.,0.,0.));
#9849=DIRECTION('',(0.,1.,0.));
#9850=DIRECTION('',(1.,0.,0.));
#9851=DIRECTION('',(0.,1.,0.));
#9852=DIRECTION('',(1.,0.,0.));
#9853=DIRECTION('',(0.,1.,0.));
#9854=DIRECTION('',(1.,0.,0.));
#9855=DIRECTION('',(0.,1.,0.));
#9856=DIRECTION('',(1.,0.,0.));
#9857=DIRECTION('',(0.,1.,0.));
#9858=DIRECTION('',(1.,0.,0.));
#9859=DIRECTION('',(0.,1.,0.));
#9860=DIRECTION('',(1.,0.,0.));
#9861=DIRECTION('',(0.,1.,0.));
#9862=DIRECTION('',(1.,0.,0.));
#9863=DIRECTION('',(0.,1.,0.));
#9864=DIRECTION('',(1.,0.,0.));
#9865=DIRECTION('',(0.,1.,0.));
#9866=DIRECTION('',(1.,0.,0.));
#9867=DIRECTION('',(0.,1.,0.));
#9868=DIRECTION('',(1.,0.,0.));
#9869=DIRECTION('',(0.,1.,0.));
#9870=DIRECTION('',(1.,0.,0.));
#9871=DIRECTION('',(0.,1.,0.));
#9872=DIRECTION('',(1.,0.,0.));
#9873=DIRECTION('',(0.,1.,0.));
#9874=DIRECTION('',(1.,0.,0.));
#9875=DIRECTION('',(0.,1.,0.));
#9876=DIRECTION('',(1.,0.,0.));
#9877=DIRECTION('',(0.,1.,0.));
#9878=DIRECTION('',(1.,0.,0.));
#9879=DIRECTION('',(0.,1.,0.));
#9880=DIRECTION('',(1.,0.,0.));
#9881=DIRECTION('',(0.,1.,0.));
#9882=DIRECTION('',(1.,0.,0.));
#9883=DIRECTION('',(0.,1.,0.));
#9884=DIRECTION('',(1.,0.,0.));
#9885=DIRECTION('',(0.,1.,0.));
#9886=DIRECTION('',(1.,0.,0.));
#9887=DIRECTION('',(0.,1.,0.));
#9888=DIRECTION('',(1.,0.,0.));
#9889=DIRECTION('',(0.,1.,0.));
#9890=DIRECTION('',(1.,0.,0.));
#9891=DIRECTION('',(0.,1.,0.));
#9892=DIRECTION('',(1.,0.,0.));
#9893=DIRECTION('',(0.,1.,0.));
#9894=DIRECTION('',(1.,0.,0.));
#9895=DIRECTION('',(0.,1.,0.));
#9896=DIRECTION('',(1.,0.,0.));
#9897=DIRECTION('',(0.,1.,0.));
#9898=DIRECTION('',(1.,0.,0.));
#9899=DIRECTION('',(0.,1.,0.));
#9900=DIRECTION('',(1.,0.,0.));
#9901=DIRECTION('',(0.,0.,-1.));
#9902=DIRECTION('',(0.,1.,0.));
#9903=DIRECTION('',(1.,0.,0.));
#9904=DIRECTION('',(0.,0.,-1.));
#9905=DIRECTION('',(0.,0.,-1.));
#9906=DIRECTION('',(0.,-1.,0.));
#9907=DIRECTION('',(1.,0.,0.));
#9908=DIRECTION('',(0.,0.,-1.));
#9909=DIRECTION('',(1.,0.,0.));
#9910=DIRECTION('',(0.,0.,-1.));
#9911=DIRECTION('',(1.,0.,0.));
#9912=DIRECTION('',(0.,0.,-1.));
#9913=DIRECTION('',(0.,-1.,0.));
#9914=DIRECTION('',(0.,0.,-1.));
#9915=DIRECTION('',(0.,-1.,0.));
#9916=DIRECTION('',(-1.,0.,0.));
#9917=DIRECTION('',(0.,0.,-1.));
#9918=DIRECTION('',(1.,0.,0.));
#9919=DIRECTION('',(0.,0.,1.));
#9920=DIRECTION('',(0.,-1.,0.));
#9921=DIRECTION('',(0.,-1.,0.));
#9922=DIRECTION('',(-1.,0.,0.));
#9923=DIRECTION('',(0.,0.,1.));
#9924=DIRECTION('',(0.,0.,1.));
#9925=DIRECTION('',(0.,-1.,0.));
#9926=DIRECTION('',(0.,-1.,0.));
#9927=DIRECTION('',(1.,0.,0.));
#9928=DIRECTION('',(0.,-1.,0.));
#9929=DIRECTION('',(-1.,0.,0.));
#9930=DIRECTION('',(0.,0.,-1.));
#9931=DIRECTION('',(-1.,0.,0.));
#9932=DIRECTION('',(0.,0.,1.));
#9933=CARTESIAN_POINT('',(0.,0.,0.));
#9934=CARTESIAN_POINT('',(-0.00169375,0.07316875,0.00823));
#9935=CARTESIAN_POINT('',(-0.025,0.07316875,0.00623));
#9936=CARTESIAN_POINT('',(-0.025,0.07316875,0.00623));
#9937=CARTESIAN_POINT('',(0.,0.07316875,0.00623));
#9938=CARTESIAN_POINT('',(-0.025,0.07316875,0.00823));
#9939=CARTESIAN_POINT('',(-0.025,0.07316875,0.00423));
#9940=CARTESIAN_POINT('',(-0.00169375,0.07316875,0.00423));
#9941=CARTESIAN_POINT('',(-0.1852875,0.07316875,0.00423));
#9942=CARTESIAN_POINT('',(-0.1852875,0.07316875,0.00823));
#9943=CARTESIAN_POINT('',(-0.1852875,0.07316875,0.00823));
#9944=CARTESIAN_POINT('',(-0.00169375,0.07316875,0.00823));
#9945=CARTESIAN_POINT('',(0.,0.07316875,0.00823));
#9946=CARTESIAN_POINT('',(0.,0.07316875,0.00823));
#9947=CARTESIAN_POINT('',(-0.00169375,-0.00250624999999993,0.00423));
#9948=CARTESIAN_POINT('',(-0.16390000009635,0.0170499999678835,0.00423));
#9949=CARTESIAN_POINT('',(-0.164400000064233,0.01705,0.00423));
#9950=CARTESIAN_POINT('',(-0.163900000064233,0.01655,0.00423));
#9951=CARTESIAN_POINT('',(-0.157400000064233,0.01655,0.00423));
#9952=CARTESIAN_POINT('',(-0.150900000064233,0.01655,0.00423));
#9953=CARTESIAN_POINT('',(-0.150900000032117,0.0170499999678835,0.00423));
#9954=CARTESIAN_POINT('',(-0.150400000064233,0.01705,0.00423));
#9955=CARTESIAN_POINT('',(-0.150400000064233,0.02355,0.00423));
#9956=CARTESIAN_POINT('',(-0.150400000064233,0.03005,0.00423));
#9957=CARTESIAN_POINT('',(-0.150900000032117,0.0300500000321165,0.00423));
#9958=CARTESIAN_POINT('',(-0.150900000064233,0.03055,0.00423));
#9959=CARTESIAN_POINT('',(-0.157400000064233,0.03055,0.00423));
#9960=CARTESIAN_POINT('',(-0.163900000064233,0.03055,0.00423));
#9961=CARTESIAN_POINT('',(-0.16390000009635,0.0300500000321165,0.00423));
#9962=CARTESIAN_POINT('',(-0.164400000064233,0.03005,0.00423));
#9963=CARTESIAN_POINT('',(-0.164400000064233,0.02355,0.00423));
#9964=CARTESIAN_POINT('',(-0.14485000009635,0.0170499999678835,0.00423));
#9965=CARTESIAN_POINT('',(-0.145350000064233,0.01705,0.00423));
#9966=CARTESIAN_POINT('',(-0.144850000064233,0.01655,0.00423));
#9967=CARTESIAN_POINT('',(-0.138350000064233,0.01655,0.00423));
#9968=CARTESIAN_POINT('',(-0.131850000064233,0.01655,0.00423));
#9969=CARTESIAN_POINT('',(-0.131850000032117,0.0170499999678835,0.00423));
#9970=CARTESIAN_POINT('',(-0.131350000064233,0.01705,0.00423));
#9971=CARTESIAN_POINT('',(-0.131350000064233,0.02355,0.00423));
#9972=CARTESIAN_POINT('',(-0.131350000064233,0.03005,0.00423));
#9973=CARTESIAN_POINT('',(-0.131850000032117,0.0300500000321165,0.00423));
#9974=CARTESIAN_POINT('',(-0.131850000064233,0.03055,0.00423));
#9975=CARTESIAN_POINT('',(-0.138350000064233,0.03055,0.00423));
#9976=CARTESIAN_POINT('',(-0.144850000064233,0.03055,0.00423));
#9977=CARTESIAN_POINT('',(-0.14485000009635,0.0300500000321165,0.00423));
#9978=CARTESIAN_POINT('',(-0.145350000064233,0.03005,0.00423));
#9979=CARTESIAN_POINT('',(-0.145350000064233,0.02355,0.00423));
#9980=CARTESIAN_POINT('',(-0.12580000009635,0.0170499999678835,0.00423));
#9981=CARTESIAN_POINT('',(-0.126300000064233,0.01705,0.00423));
#9982=CARTESIAN_POINT('',(-0.125800000064233,0.01655,0.00423));
#9983=CARTESIAN_POINT('',(-0.119300000064233,0.01655,0.00423));
#9984=CARTESIAN_POINT('',(-0.112800000064233,0.01655,0.00423));
#9985=CARTESIAN_POINT('',(-0.112800000032117,0.0170499999678835,0.00423));
#9986=CARTESIAN_POINT('',(-0.112300000064233,0.01705,0.00423));
#9987=CARTESIAN_POINT('',(-0.112300000064233,0.02355,0.00423));
#9988=CARTESIAN_POINT('',(-0.112300000064233,0.03005,0.00423));
#9989=CARTESIAN_POINT('',(-0.112800000032117,0.0300500000321166,0.00423));
#9990=CARTESIAN_POINT('',(-0.112800000064233,0.03055,0.00423));
#9991=CARTESIAN_POINT('',(-0.119300000064233,0.03055,0.00423));
#9992=CARTESIAN_POINT('',(-0.125800000064233,0.03055,0.00423));
#9993=CARTESIAN_POINT('',(-0.12580000009635,0.0300500000321165,0.00423));
#9994=CARTESIAN_POINT('',(-0.126300000064233,0.03005,0.00423));
#9995=CARTESIAN_POINT('',(-0.126300000064233,0.02355,0.00423));
#9996=CARTESIAN_POINT('',(-0.10675000009635,0.0170499999678835,0.00423));
#9997=CARTESIAN_POINT('',(-0.107250000064233,0.01705,0.00423));
#9998=CARTESIAN_POINT('',(-0.106750000064233,0.01655,0.00423));
#9999=CARTESIAN_POINT('',(-0.100250000064233,0.01655,0.00423));
#10000=CARTESIAN_POINT('',(-0.0937500000642332,0.01655,0.00423));
#10001=CARTESIAN_POINT('',(-0.0937500000321166,0.0170499999678835,0.00423));
#10002=CARTESIAN_POINT('',(-0.0932500000642332,0.01705,0.00423));
#10003=CARTESIAN_POINT('',(-0.0932500000642332,0.02355,0.00423));
#10004=CARTESIAN_POINT('',(-0.0932500000642332,0.03005,0.00423));
#10005=CARTESIAN_POINT('',(-0.0937500000321166,0.0300500000321165,0.00423));
#10006=CARTESIAN_POINT('',(-0.0937500000642332,0.03055,0.00423));
#10007=CARTESIAN_POINT('',(-0.100250000064233,0.03055,0.00423));
#10008=CARTESIAN_POINT('',(-0.106750000064233,0.03055,0.00423));
#10009=CARTESIAN_POINT('',(-0.10675000009635,0.0300500000321165,0.00423));
#10010=CARTESIAN_POINT('',(-0.107250000064233,0.03005,0.00423));
#10011=CARTESIAN_POINT('',(-0.107250000064233,0.02355,0.00423));
#10012=CARTESIAN_POINT('',(-0.0877000000963498,0.0170499999678835,0.00423));
#10013=CARTESIAN_POINT('',(-0.0882000000642332,0.01705,0.00423));
#10014=CARTESIAN_POINT('',(-0.0877000000642332,0.01655,0.00423));
#10015=CARTESIAN_POINT('',(-0.0812000000642332,0.01655,0.00423));
#10016=CARTESIAN_POINT('',(-0.0747000000642332,0.01655,0.00423));
#10017=CARTESIAN_POINT('',(-0.0747000000321166,0.0170499999678835,0.00423));
#10018=CARTESIAN_POINT('',(-0.0742000000642332,0.01705,0.00423));
#10019=CARTESIAN_POINT('',(-0.0742000000642332,0.02355,0.00423));
#10020=CARTESIAN_POINT('',(-0.0742000000642332,0.03005,0.00423));
#10021=CARTESIAN_POINT('',(-0.0747000000321166,0.0300500000321165,0.00423));
#10022=CARTESIAN_POINT('',(-0.0747000000642332,0.03055,0.00423));
#10023=CARTESIAN_POINT('',(-0.0812000000642332,0.03055,0.00423));
#10024=CARTESIAN_POINT('',(-0.0877000000642332,0.03055,0.00423));
#10025=CARTESIAN_POINT('',(-0.0877000000963498,0.0300500000321165,0.00423));
#10026=CARTESIAN_POINT('',(-0.0882000000642332,0.03005,0.00423));
#10027=CARTESIAN_POINT('',(-0.0882000000642332,0.02355,0.00423));
#10028=CARTESIAN_POINT('',(-0.0686500000963498,0.0170499999678835,0.00423));
#10029=CARTESIAN_POINT('',(-0.0691500000642332,0.01705,0.00423));
#10030=CARTESIAN_POINT('',(-0.0686500000642332,0.01655,0.00423));
#10031=CARTESIAN_POINT('',(-0.0621500000642332,0.01655,0.00423));
#10032=CARTESIAN_POINT('',(-0.0556500000642332,0.01655,0.00423));
#10033=CARTESIAN_POINT('',(-0.0556500000321166,0.0170499999678834,0.00423));
#10034=CARTESIAN_POINT('',(-0.0551500000642332,0.01705,0.00423));
#10035=CARTESIAN_POINT('',(-0.0551500000642332,0.02355,0.00423));
#10036=CARTESIAN_POINT('',(-0.0551500000642332,0.03005,0.00423));
#10037=CARTESIAN_POINT('',(-0.0556500000321166,0.0300500000321166,0.00423));
#10038=CARTESIAN_POINT('',(-0.0556500000642332,0.03055,0.00423));
#10039=CARTESIAN_POINT('',(-0.0621500000642332,0.03055,0.00423));
#10040=CARTESIAN_POINT('',(-0.0686500000642332,0.03055,0.00423));
#10041=CARTESIAN_POINT('',(-0.0686500000963498,0.0300500000321165,0.00423));
#10042=CARTESIAN_POINT('',(-0.0691500000642332,0.03005,0.00423));
#10043=CARTESIAN_POINT('',(-0.0691500000642332,0.02355,0.00423));
#10044=CARTESIAN_POINT('',(-0.0496000000963498,0.0170499999678835,0.00423));
#10045=CARTESIAN_POINT('',(-0.0501000000642332,0.01705,0.00423));
#10046=CARTESIAN_POINT('',(-0.0496000000642332,0.01655,0.00423));
#10047=CARTESIAN_POINT('',(-0.0431000000642332,0.01655,0.00423));
#10048=CARTESIAN_POINT('',(-0.0366000000642332,0.01655,0.00423));
#10049=CARTESIAN_POINT('',(-0.0366000000321167,0.0170499999678834,0.00423));
#10050=CARTESIAN_POINT('',(-0.0361000000642332,0.01705,0.00423));
#10051=CARTESIAN_POINT('',(-0.0361000000642332,0.02355,0.00423));
#10052=CARTESIAN_POINT('',(-0.0361000000642332,0.03005,0.00423));
#10053=CARTESIAN_POINT('',(-0.0366000000321167,0.0300500000321166,0.00423));
#10054=CARTESIAN_POINT('',(-0.0366000000642332,0.03055,0.00423));
#10055=CARTESIAN_POINT('',(-0.0431000000642332,0.03055,0.00423));
#10056=CARTESIAN_POINT('',(-0.0496000000642332,0.03055,0.00423));
#10057=CARTESIAN_POINT('',(-0.0496000000963498,0.0300500000321165,0.00423));
#10058=CARTESIAN_POINT('',(-0.0501000000642332,0.03005,0.00423));
#10059=CARTESIAN_POINT('',(-0.0501000000642332,0.02355,0.00423));
#10060=CARTESIAN_POINT('',(-0.0305500000963498,0.0170499999678835,0.00423));
#10061=CARTESIAN_POINT('',(-0.0310500000642333,0.01705,0.00423));
#10062=CARTESIAN_POINT('',(-0.0305500000642333,0.01655,0.00423));
#10063=CARTESIAN_POINT('',(-0.0240500000642332,0.01655,0.00423));
#10064=CARTESIAN_POINT('',(-0.0175500000642332,0.01655,0.00423));
#10065=CARTESIAN_POINT('',(-0.0175500000321166,0.0170499999678835,0.00423));
#10066=CARTESIAN_POINT('',(-0.0170500000642332,0.01705,0.00423));
#10067=CARTESIAN_POINT('',(-0.0170500000642332,0.02355,0.00423));
#10068=CARTESIAN_POINT('',(-0.0170500000642332,0.03005,0.00423));
#10069=CARTESIAN_POINT('',(-0.0175500000321166,0.0300500000321166,0.00423));
#10070=CARTESIAN_POINT('',(-0.0175500000642332,0.03055,0.00423));
#10071=CARTESIAN_POINT('',(-0.0240500000642332,0.03055,0.00423));
#10072=CARTESIAN_POINT('',(-0.0305500000642333,0.03055,0.00423));
#10073=CARTESIAN_POINT('',(-0.0305500000963498,0.0300500000321166,0.00423));
#10074=CARTESIAN_POINT('',(-0.0310500000642333,0.03005,0.00423));
#10075=CARTESIAN_POINT('',(-0.0310500000642333,0.02355,0.00423));
#10076=CARTESIAN_POINT('',(-0.15913750009635,-0.00200000003211657,0.00423));
#10077=CARTESIAN_POINT('',(-0.159637500064233,-0.002,0.00423));
#10078=CARTESIAN_POINT('',(-0.159137500064233,-0.0025,0.00423));
#10079=CARTESIAN_POINT('',(-0.152637500064233,-0.0025,0.00423));
#10080=CARTESIAN_POINT('',(-0.146137500064233,-0.0025,0.00423));
#10081=CARTESIAN_POINT('',(-0.146137500032117,-0.00200000003211657,0.00423));
#10082=CARTESIAN_POINT('',(-0.145637500064233,-0.002,0.00423));
#10083=CARTESIAN_POINT('',(-0.145637500064233,0.0045,0.00423));
#10084=CARTESIAN_POINT('',(-0.145637500064233,0.011,0.00423));
#10085=CARTESIAN_POINT('',(-0.146137500032117,0.0110000000321166,0.00423));
#10086=CARTESIAN_POINT('',(-0.146137500064233,0.0115,0.00423));
#10087=CARTESIAN_POINT('',(-0.152637500064233,0.0115,0.00423));
#10088=CARTESIAN_POINT('',(-0.159137500064233,0.0115,0.00423));
#10089=CARTESIAN_POINT('',(-0.15913750009635,0.0110000000321166,0.00423));
#10090=CARTESIAN_POINT('',(-0.159637500064233,0.011,0.00423));
#10091=CARTESIAN_POINT('',(-0.159637500064233,0.0045,0.00423));
#10092=CARTESIAN_POINT('',(-0.13532500009635,-0.00200000003211651,0.00423));
#10093=CARTESIAN_POINT('',(-0.135825000064233,-0.002,0.00423));
#10094=CARTESIAN_POINT('',(-0.135325000064233,-0.0025,0.00423));
#10095=CARTESIAN_POINT('',(-0.128825000064233,-0.0025,0.00423));
#10096=CARTESIAN_POINT('',(-0.122325000064233,-0.0025,0.00423));
#10097=CARTESIAN_POINT('',(-0.122325000032117,-0.00200000003211659,0.00423));
#10098=CARTESIAN_POINT('',(-0.121825000064233,-0.002,0.00423));
#10099=CARTESIAN_POINT('',(-0.121825000064233,0.0045,0.00423));
#10100=CARTESIAN_POINT('',(-0.121825000064233,0.011,0.00423));
#10101=CARTESIAN_POINT('',(-0.122325000032117,0.0110000000321166,0.00423));
#10102=CARTESIAN_POINT('',(-0.122325000064233,0.0115,0.00423));
#10103=CARTESIAN_POINT('',(-0.128825000064233,0.0115,0.00423));
#10104=CARTESIAN_POINT('',(-0.135325000064233,0.0115,0.00423));
#10105=CARTESIAN_POINT('',(-0.13532500009635,0.0110000000321166,0.00423));
#10106=CARTESIAN_POINT('',(-0.135825000064233,0.011,0.00423));
#10107=CARTESIAN_POINT('',(-0.135825000064233,0.0045,0.00423));
#10108=CARTESIAN_POINT('',(-0.11627500009635,-0.00200000003211657,0.00423));
#10109=CARTESIAN_POINT('',(-0.116775000064233,-0.002,0.00423));
#10110=CARTESIAN_POINT('',(-0.116275000064233,-0.0025,0.00423));
#10111=CARTESIAN_POINT('',(-0.109775000064233,-0.0025,0.00423));
#10112=CARTESIAN_POINT('',(-0.103275000064233,-0.0025,0.00423));
#10113=CARTESIAN_POINT('',(-0.103275000032117,-0.00200000003211657,0.00423));
#10114=CARTESIAN_POINT('',(-0.102775000064233,-0.002,0.00423));
#10115=CARTESIAN_POINT('',(-0.102775000064233,0.0045,0.00423));
#10116=CARTESIAN_POINT('',(-0.102775000064233,0.011,0.00423));
#10117=CARTESIAN_POINT('',(-0.103275000032117,0.0110000000321166,0.00423));
#10118=CARTESIAN_POINT('',(-0.103275000064233,0.0115,0.00423));
#10119=CARTESIAN_POINT('',(-0.109775000064233,0.0115,0.00423));
#10120=CARTESIAN_POINT('',(-0.116275000064233,0.0115,0.00423));
#10121=CARTESIAN_POINT('',(-0.11627500009635,0.0110000000321166,0.00423));
#10122=CARTESIAN_POINT('',(-0.116775000064233,0.011,0.00423));
#10123=CARTESIAN_POINT('',(-0.116775000064233,0.0045,0.00423));
#10124=CARTESIAN_POINT('',(-0.0972250000963498,-0.00200000003211657,0.00423));
#10125=CARTESIAN_POINT('',(-0.0977250000642332,-0.002,0.00423));
#10126=CARTESIAN_POINT('',(-0.0972250000642332,-0.0025,0.00423));
#10127=CARTESIAN_POINT('',(-0.0907250000642332,-0.0025,0.00423));
#10128=CARTESIAN_POINT('',(-0.0842250000642332,-0.0025,0.00423));
#10129=CARTESIAN_POINT('',(-0.0842250000321166,-0.00200000003211657,0.00423));
#10130=CARTESIAN_POINT('',(-0.0837250000642332,-0.002,0.00423));
#10131=CARTESIAN_POINT('',(-0.0837250000642332,0.0045,0.00423));
#10132=CARTESIAN_POINT('',(-0.0837250000642332,0.011,0.00423));
#10133=CARTESIAN_POINT('',(-0.0842250000321166,0.0110000000321166,0.00423));
#10134=CARTESIAN_POINT('',(-0.0842250000642332,0.0115,0.00423));
#10135=CARTESIAN_POINT('',(-0.0907250000642332,0.0115,0.00423));
#10136=CARTESIAN_POINT('',(-0.0972250000642332,0.0115,0.00423));
#10137=CARTESIAN_POINT('',(-0.0972250000963498,0.0110000000321166,0.00423));
#10138=CARTESIAN_POINT('',(-0.0977250000642332,0.011,0.00423));
#10139=CARTESIAN_POINT('',(-0.0977250000642332,0.0045,0.00423));
#10140=CARTESIAN_POINT('',(-0.0781750000963498,-0.00200000003211659,0.00423));
#10141=CARTESIAN_POINT('',(-0.0786750000642332,-0.002,0.00423));
#10142=CARTESIAN_POINT('',(-0.0781750000642332,-0.0025,0.00423));
#10143=CARTESIAN_POINT('',(-0.0716750000642332,-0.0025,0.00423));
#10144=CARTESIAN_POINT('',(-0.0651750000642332,-0.0025,0.00423));
#10145=CARTESIAN_POINT('',(-0.0651750000321166,-0.00200000003211657,0.00423));
#10146=CARTESIAN_POINT('',(-0.0646750000642332,-0.002,0.00423));
#10147=CARTESIAN_POINT('',(-0.0646750000642332,0.0045,0.00423));
#10148=CARTESIAN_POINT('',(-0.0646750000642332,0.011,0.00423));
#10149=CARTESIAN_POINT('',(-0.0651750000321166,0.0110000000321166,0.00423));
#10150=CARTESIAN_POINT('',(-0.0651750000642332,0.0115,0.00423));
#10151=CARTESIAN_POINT('',(-0.0716750000642332,0.0115,0.00423));
#10152=CARTESIAN_POINT('',(-0.0781750000642332,0.0115,0.00423));
#10153=CARTESIAN_POINT('',(-0.0781750000963498,0.0110000000321166,0.00423));
#10154=CARTESIAN_POINT('',(-0.0786750000642332,0.011,0.00423));
#10155=CARTESIAN_POINT('',(-0.0786750000642332,0.0045,0.00423));
#10156=CARTESIAN_POINT('',(-0.0591250000963498,-0.00200000003211658,0.00423));
#10157=CARTESIAN_POINT('',(-0.0596250000642332,-0.002,0.00423));
#10158=CARTESIAN_POINT('',(-0.0591250000642332,-0.0025,0.00423));
#10159=CARTESIAN_POINT('',(-0.0526250000642332,-0.0025,0.00423));
#10160=CARTESIAN_POINT('',(-0.0461250000642332,-0.0025,0.00423));
#10161=CARTESIAN_POINT('',(-0.0461250000321166,-0.00200000003211658,0.00423));
#10162=CARTESIAN_POINT('',(-0.0456250000642332,-0.002,0.00423));
#10163=CARTESIAN_POINT('',(-0.0456250000642332,0.0045,0.00423));
#10164=CARTESIAN_POINT('',(-0.0456250000642332,0.011,0.00423));
#10165=CARTESIAN_POINT('',(-0.0461250000321166,0.0110000000321166,0.00423));
#10166=CARTESIAN_POINT('',(-0.0461250000642332,0.0115,0.00423));
#10167=CARTESIAN_POINT('',(-0.0526250000642332,0.0115,0.00423));
#10168=CARTESIAN_POINT('',(-0.0591250000642332,0.0115,0.00423));
#10169=CARTESIAN_POINT('',(-0.0591250000963498,0.0110000000321166,0.00423));
#10170=CARTESIAN_POINT('',(-0.0596250000642332,0.011,0.00423));
#10171=CARTESIAN_POINT('',(-0.0596250000642332,0.0045,0.00423));
#10172=CARTESIAN_POINT('',(-0.0400750000963498,-0.00200000003211657,0.00423));
#10173=CARTESIAN_POINT('',(-0.0405750000642332,-0.002,0.00423));
#10174=CARTESIAN_POINT('',(-0.0400750000642332,-0.0025,0.00423));
#10175=CARTESIAN_POINT('',(-0.0335750000642332,-0.0025,0.00423));
#10176=CARTESIAN_POINT('',(-0.0270750000642332,-0.0025,0.00423));
#10177=CARTESIAN_POINT('',(-0.0270750000321166,-0.00200000003211658,0.00423));
#10178=CARTESIAN_POINT('',(-0.0265750000642332,-0.002,0.00423));
#10179=CARTESIAN_POINT('',(-0.0265750000642332,0.0045,0.00423));
#10180=CARTESIAN_POINT('',(-0.0265750000642333,0.011,0.00423));
#10181=CARTESIAN_POINT('',(-0.0270750000321166,0.0110000000321166,0.00423));
#10182=CARTESIAN_POINT('',(-0.0270750000642332,0.0115,0.00423));
#10183=CARTESIAN_POINT('',(-0.0335750000642332,0.0115,0.00423));
#10184=CARTESIAN_POINT('',(-0.0400750000642332,0.0115,0.00423));
#10185=CARTESIAN_POINT('',(-0.0400750000963498,0.0110000000321166,0.00423));
#10186=CARTESIAN_POINT('',(-0.0405750000642332,0.011,0.00423));
#10187=CARTESIAN_POINT('',(-0.0405750000642332,0.0045,0.00423));
#10188=CARTESIAN_POINT('',(-0.0210250000963498,-0.00200000003211657,0.00423));
#10189=CARTESIAN_POINT('',(-0.0215250000642332,-0.002,0.00423));
#10190=CARTESIAN_POINT('',(-0.0210250000642332,-0.0025,0.00423));
#10191=CARTESIAN_POINT('',(-0.0145250000642332,-0.0025,0.00423));
#10192=CARTESIAN_POINT('',(-0.00802500006423321,-0.0025,0.00423));
#10193=CARTESIAN_POINT('',(-0.00802500003211665,-0.00200000003211658,0.00423));
#10194=CARTESIAN_POINT('',(-0.00752500006423321,-0.002,0.00423));
#10195=CARTESIAN_POINT('',(-0.00752500006423321,0.0045,0.00423));
#10196=CARTESIAN_POINT('',(-0.00752500006423322,0.011,0.00423));
#10197=CARTESIAN_POINT('',(-0.00802500003211665,0.0110000000321166,0.00423));
#10198=CARTESIAN_POINT('',(-0.00802500006423321,0.0115,0.00423));
#10199=CARTESIAN_POINT('',(-0.0145250000642332,0.0115,0.00423));
#10200=CARTESIAN_POINT('',(-0.0210250000642332,0.0115,0.00423));
#10201=CARTESIAN_POINT('',(-0.0210250000963498,0.0110000000321166,0.00423));
#10202=CARTESIAN_POINT('',(-0.0215250000642332,0.011,0.00423));
#10203=CARTESIAN_POINT('',(-0.0215250000642332,0.0045,0.00423));
#10204=CARTESIAN_POINT('',(-0.15675625009635,-0.0210500000321165,0.00423));
#10205=CARTESIAN_POINT('',(-0.157256250064233,-0.02105,0.00423));
#10206=CARTESIAN_POINT('',(-0.156756250064233,-0.02155,0.00423));
#10207=CARTESIAN_POINT('',(-0.150256250064233,-0.02155,0.00423));
#10208=CARTESIAN_POINT('',(-0.143756250064233,-0.02155,0.00423));
#10209=CARTESIAN_POINT('',(-0.143756250032117,-0.0210500000321165,0.00423));
#10210=CARTESIAN_POINT('',(-0.143256250064233,-0.02105,0.00423));
#10211=CARTESIAN_POINT('',(-0.143256250064233,-0.01455,0.00423));
#10212=CARTESIAN_POINT('',(-0.143256250064233,-0.00805,0.00423));
#10213=CARTESIAN_POINT('',(-0.143756250032117,-0.00804999996788339,0.00423));
#10214=CARTESIAN_POINT('',(-0.143756250064233,-0.00755,0.00423));
#10215=CARTESIAN_POINT('',(-0.150256250064233,-0.00755,0.00423));
#10216=CARTESIAN_POINT('',(-0.156756250064233,-0.00755,0.00423));
#10217=CARTESIAN_POINT('',(-0.15675625009635,-0.00804999996788348,0.00423));
#10218=CARTESIAN_POINT('',(-0.157256250064233,-0.00805,0.00423));
#10219=CARTESIAN_POINT('',(-0.157256250064233,-0.01455,0.00423));
#10220=CARTESIAN_POINT('',(-0.13056250009635,-0.0210500000321165,0.00423));
#10221=CARTESIAN_POINT('',(-0.131062500064233,-0.02105,0.00423));
#10222=CARTESIAN_POINT('',(-0.130562500064233,-0.02155,0.00423));
#10223=CARTESIAN_POINT('',(-0.124062500064233,-0.02155,0.00423));
#10224=CARTESIAN_POINT('',(-0.117562500064233,-0.02155,0.00423));
#10225=CARTESIAN_POINT('',(-0.117562500032117,-0.0210500000321165,0.00423));
#10226=CARTESIAN_POINT('',(-0.117062500064233,-0.02105,0.00423));
#10227=CARTESIAN_POINT('',(-0.117062500064233,-0.01455,0.00423));
#10228=CARTESIAN_POINT('',(-0.117062500064233,-0.00805,0.00423));
#10229=CARTESIAN_POINT('',(-0.117562500032117,-0.00804999996788344,0.00423));
#10230=CARTESIAN_POINT('',(-0.117562500064233,-0.00755,0.00423));
#10231=CARTESIAN_POINT('',(-0.124062500064233,-0.00755,0.00423));
#10232=CARTESIAN_POINT('',(-0.130562500064233,-0.00755,0.00423));
#10233=CARTESIAN_POINT('',(-0.13056250009635,-0.00804999996788344,0.00423));
#10234=CARTESIAN_POINT('',(-0.131062500064233,-0.00805,0.00423));
#10235=CARTESIAN_POINT('',(-0.131062500064233,-0.01455,0.00423));
#10236=CARTESIAN_POINT('',(-0.11151250009635,-0.0210500000321165,0.00423));
#10237=CARTESIAN_POINT('',(-0.112012500064233,-0.02105,0.00423));
#10238=CARTESIAN_POINT('',(-0.111512500064233,-0.02155,0.00423));
#10239=CARTESIAN_POINT('',(-0.105012500064233,-0.02155,0.00423));
#10240=CARTESIAN_POINT('',(-0.0985125000642332,-0.02155,0.00423));
#10241=CARTESIAN_POINT('',(-0.0985125000321166,-0.0210500000321165,0.00423));
#10242=CARTESIAN_POINT('',(-0.0980125000642332,-0.02105,0.00423));
#10243=CARTESIAN_POINT('',(-0.0980125000642332,-0.01455,0.00423));
#10244=CARTESIAN_POINT('',(-0.0980125000642332,-0.00805,0.00423));
#10245=CARTESIAN_POINT('',(-0.0985125000321166,-0.00804999996788344,0.00423));
#10246=CARTESIAN_POINT('',(-0.0985125000642332,-0.00755,0.00423));
#10247=CARTESIAN_POINT('',(-0.105012500064233,-0.00755,0.00423));
#10248=CARTESIAN_POINT('',(-0.111512500064233,-0.00755,0.00423));
#10249=CARTESIAN_POINT('',(-0.11151250009635,-0.00804999996788344,0.00423));
#10250=CARTESIAN_POINT('',(-0.112012500064233,-0.00805,0.00423));
#10251=CARTESIAN_POINT('',(-0.112012500064233,-0.01455,0.00423));
#10252=CARTESIAN_POINT('',(-0.0924625000963498,-0.0210500000321165,0.00423));
#10253=CARTESIAN_POINT('',(-0.0929625000642332,-0.02105,0.00423));
#10254=CARTESIAN_POINT('',(-0.0924625000642332,-0.02155,0.00423));
#10255=CARTESIAN_POINT('',(-0.0859625000642332,-0.02155,0.00423));
#10256=CARTESIAN_POINT('',(-0.0794625000642332,-0.02155,0.00423));
#10257=CARTESIAN_POINT('',(-0.0794625000321166,-0.0210500000321165,0.00423));
#10258=CARTESIAN_POINT('',(-0.0789625000642332,-0.02105,0.00423));
#10259=CARTESIAN_POINT('',(-0.0789625000642332,-0.01455,0.00423));
#10260=CARTESIAN_POINT('',(-0.0789625000642332,-0.00805,0.00423));
#10261=CARTESIAN_POINT('',(-0.0794625000321166,-0.00804999996788344,0.00423));
#10262=CARTESIAN_POINT('',(-0.0794625000642332,-0.00755,0.00423));
#10263=CARTESIAN_POINT('',(-0.0859625000642332,-0.00755,0.00423));
#10264=CARTESIAN_POINT('',(-0.0924625000642332,-0.00755,0.00423));
#10265=CARTESIAN_POINT('',(-0.0924625000963498,-0.00804999996788341,0.00423));
#10266=CARTESIAN_POINT('',(-0.0929625000642332,-0.00805,0.00423));
#10267=CARTESIAN_POINT('',(-0.0929625000642332,-0.01455,0.00423));
#10268=CARTESIAN_POINT('',(-0.0734125000963498,-0.0210500000321165,0.00423));
#10269=CARTESIAN_POINT('',(-0.0739125000642332,-0.02105,0.00423));
#10270=CARTESIAN_POINT('',(-0.0734125000642332,-0.02155,0.00423));
#10271=CARTESIAN_POINT('',(-0.0669125000642332,-0.02155,0.00423));
#10272=CARTESIAN_POINT('',(-0.0604125000642332,-0.02155,0.00423));
#10273=CARTESIAN_POINT('',(-0.0604125000321166,-0.0210500000321165,0.00423));
#10274=CARTESIAN_POINT('',(-0.0599125000642332,-0.02105,0.00423));
#10275=CARTESIAN_POINT('',(-0.0599125000642332,-0.01455,0.00423));
#10276=CARTESIAN_POINT('',(-0.0599125000642332,-0.00805,0.00423));
#10277=CARTESIAN_POINT('',(-0.0604125000321166,-0.00804999996788342,0.00423));
#10278=CARTESIAN_POINT('',(-0.0604125000642332,-0.00755,0.00423));
#10279=CARTESIAN_POINT('',(-0.0669125000642332,-0.00755,0.00423));
#10280=CARTESIAN_POINT('',(-0.0734125000642332,-0.00755,0.00423));
#10281=CARTESIAN_POINT('',(-0.0734125000963498,-0.00804999996788344,0.00423));
#10282=CARTESIAN_POINT('',(-0.0739125000642332,-0.00805,0.00423));
#10283=CARTESIAN_POINT('',(-0.0739125000642332,-0.01455,0.00423));
#10284=CARTESIAN_POINT('',(-0.0543625000963498,-0.0210500000321166,0.00423));
#10285=CARTESIAN_POINT('',(-0.0548625000642332,-0.02105,0.00423));
#10286=CARTESIAN_POINT('',(-0.0543625000642332,-0.02155,0.00423));
#10287=CARTESIAN_POINT('',(-0.0478625000642332,-0.02155,0.00423));
#10288=CARTESIAN_POINT('',(-0.0413625000642332,-0.02155,0.00423));
#10289=CARTESIAN_POINT('',(-0.0413625000321167,-0.0210500000321165,0.00423));
#10290=CARTESIAN_POINT('',(-0.0408625000642332,-0.02105,0.00423));
#10291=CARTESIAN_POINT('',(-0.0408625000642332,-0.01455,0.00423));
#10292=CARTESIAN_POINT('',(-0.0408625000642332,-0.00805,0.00423));
#10293=CARTESIAN_POINT('',(-0.0413625000321167,-0.00804999996788342,0.00423));
#10294=CARTESIAN_POINT('',(-0.0413625000642332,-0.00755,0.00423));
#10295=CARTESIAN_POINT('',(-0.0478625000642332,-0.00755,0.00423));
#10296=CARTESIAN_POINT('',(-0.0543625000642332,-0.00755,0.00423));
#10297=CARTESIAN_POINT('',(-0.0543625000963498,-0.00804999996788342,0.00423));
#10298=CARTESIAN_POINT('',(-0.0548625000642332,-0.00805,0.00423));
#10299=CARTESIAN_POINT('',(-0.0548625000642332,-0.01455,0.00423));
#10300=CARTESIAN_POINT('',(-0.0353125000963498,-0.0210500000321165,0.00423));
#10301=CARTESIAN_POINT('',(-0.0358125000642332,-0.02105,0.00423));
#10302=CARTESIAN_POINT('',(-0.0353125000642332,-0.02155,0.00423));
#10303=CARTESIAN_POINT('',(-0.0288125000642332,-0.02155,0.00423));
#10304=CARTESIAN_POINT('',(-0.0223125000642332,-0.02155,0.00423));
#10305=CARTESIAN_POINT('',(-0.0223125000321166,-0.0210500000321165,0.00423));
#10306=CARTESIAN_POINT('',(-0.0218125000642332,-0.02105,0.00423));
#10307=CARTESIAN_POINT('',(-0.0218125000642332,-0.01455,0.00423));
#10308=CARTESIAN_POINT('',(-0.0218125000642332,-0.00805,0.00423));
#10309=CARTESIAN_POINT('',(-0.0223125000321166,-0.00804999996788343,0.00423));
#10310=CARTESIAN_POINT('',(-0.0223125000642332,-0.00755,0.00423));
#10311=CARTESIAN_POINT('',(-0.0288125000642332,-0.00755,0.00423));
#10312=CARTESIAN_POINT('',(-0.0353125000642332,-0.00755,0.00423));
#10313=CARTESIAN_POINT('',(-0.0353125000963498,-0.00804999996788342,0.00423));
#10314=CARTESIAN_POINT('',(-0.0358125000642332,-0.00805,0.00423));
#10315=CARTESIAN_POINT('',(-0.0358125000642332,-0.01455,0.00423));
#10316=CARTESIAN_POINT('',(-0.0162625000963498,-0.0210500000321165,0.00423));
#10317=CARTESIAN_POINT('',(-0.0167625000642332,-0.02105,0.00423));
#10318=CARTESIAN_POINT('',(-0.0162625000642332,-0.02155,0.00423));
#10319=CARTESIAN_POINT('',(-0.00976250006423322,-0.02155,0.00423));
#10320=CARTESIAN_POINT('',(-0.00326250006423323,-0.02155,0.00423));
#10321=CARTESIAN_POINT('',(-0.00326250003211667,-0.0210500000321165,0.00423));
#10322=CARTESIAN_POINT('',(-0.00276250006423323,-0.02105,0.00423));
#10323=CARTESIAN_POINT('',(-0.00276250006423323,-0.01455,0.00423));
#10324=CARTESIAN_POINT('',(-0.00276250006423324,-0.00805,0.00423));
#10325=CARTESIAN_POINT('',(-0.00326250003211667,-0.00804999996788343,0.00423));
#10326=CARTESIAN_POINT('',(-0.00326250006423323,-0.00755,0.00423));
#10327=CARTESIAN_POINT('',(-0.00976250006423322,-0.00755,0.00423));
#10328=CARTESIAN_POINT('',(-0.0162625000642332,-0.00755,0.00423));
#10329=CARTESIAN_POINT('',(-0.0162625000963498,-0.00804999996788344,0.00423));
#10330=CARTESIAN_POINT('',(-0.0167625000642332,-0.00805,0.00423));
#10331=CARTESIAN_POINT('',(-0.0167625000642332,-0.01455,0.00423));
#10332=CARTESIAN_POINT('',(-0.15199375009635,-0.0401000000321165,0.00423));
#10333=CARTESIAN_POINT('',(-0.152493750064233,-0.0401,0.00423));
#10334=CARTESIAN_POINT('',(-0.151993750064233,-0.0406,0.00423));
#10335=CARTESIAN_POINT('',(-0.145493750064233,-0.0406,0.00423));
#10336=CARTESIAN_POINT('',(-0.138993750064233,-0.0406,0.00423));
#10337=CARTESIAN_POINT('',(-0.138993750032117,-0.0401000000321165,0.00423));
#10338=CARTESIAN_POINT('',(-0.138493750064233,-0.0401,0.00423));
#10339=CARTESIAN_POINT('',(-0.138493750064233,-0.0336,0.00423));
#10340=CARTESIAN_POINT('',(-0.138493750064233,-0.0271,0.00423));
#10341=CARTESIAN_POINT('',(-0.138993750032117,-0.0270999999678835,0.00423));
#10342=CARTESIAN_POINT('',(-0.138993750064233,-0.0266,0.00423));
#10343=CARTESIAN_POINT('',(-0.145493750064233,-0.0266,0.00423));
#10344=CARTESIAN_POINT('',(-0.151993750064233,-0.0266,0.00423));
#10345=CARTESIAN_POINT('',(-0.15199375009635,-0.0270999999678835,0.00423));
#10346=CARTESIAN_POINT('',(-0.152493750064233,-0.0271,0.00423));
#10347=CARTESIAN_POINT('',(-0.152493750064233,-0.0336,0.00423));
#10348=CARTESIAN_POINT('',(-0.12103750009635,-0.0401000000321165,0.00423));
#10349=CARTESIAN_POINT('',(-0.121537500064233,-0.0401,0.00423));
#10350=CARTESIAN_POINT('',(-0.121037500064233,-0.0406,0.00423));
#10351=CARTESIAN_POINT('',(-0.114537500064233,-0.0406,0.00423));
#10352=CARTESIAN_POINT('',(-0.108037500064233,-0.0406,0.00423));
#10353=CARTESIAN_POINT('',(-0.108037500032117,-0.0401000000321165,0.00423));
#10354=CARTESIAN_POINT('',(-0.107537500064233,-0.0401,0.00423));
#10355=CARTESIAN_POINT('',(-0.107537500064233,-0.0336,0.00423));
#10356=CARTESIAN_POINT('',(-0.107537500064233,-0.0271,0.00423));
#10357=CARTESIAN_POINT('',(-0.108037500032117,-0.0270999999678835,0.00423));
#10358=CARTESIAN_POINT('',(-0.108037500064233,-0.0266,0.00423));
#10359=CARTESIAN_POINT('',(-0.114537500064233,-0.0266,0.00423));
#10360=CARTESIAN_POINT('',(-0.121037500064233,-0.0266,0.00423));
#10361=CARTESIAN_POINT('',(-0.12103750009635,-0.0270999999678834,0.00423));
#10362=CARTESIAN_POINT('',(-0.121537500064233,-0.0271,0.00423));
#10363=CARTESIAN_POINT('',(-0.121537500064233,-0.0336,0.00423));
#10364=CARTESIAN_POINT('',(-0.10198750009635,-0.0401000000321165,0.00423));
#10365=CARTESIAN_POINT('',(-0.102487500064233,-0.0401,0.00423));
#10366=CARTESIAN_POINT('',(-0.101987500064233,-0.0406,0.00423));
#10367=CARTESIAN_POINT('',(-0.0954875000642332,-0.0406,0.00423));
#10368=CARTESIAN_POINT('',(-0.0889875000642332,-0.0406,0.00423));
#10369=CARTESIAN_POINT('',(-0.0889875000321167,-0.0401000000321165,0.00423));
#10370=CARTESIAN_POINT('',(-0.0884875000642332,-0.0401,0.00423));
#10371=CARTESIAN_POINT('',(-0.0884875000642332,-0.0336,0.00423));
#10372=CARTESIAN_POINT('',(-0.0884875000642332,-0.0271,0.00423));
#10373=CARTESIAN_POINT('',(-0.0889875000321166,-0.0270999999678835,0.00423));
#10374=CARTESIAN_POINT('',(-0.0889875000642332,-0.0266,0.00423));
#10375=CARTESIAN_POINT('',(-0.0954875000642332,-0.0266,0.00423));
#10376=CARTESIAN_POINT('',(-0.101987500064233,-0.0266,0.00423));
#10377=CARTESIAN_POINT('',(-0.10198750009635,-0.0270999999678835,0.00423));
#10378=CARTESIAN_POINT('',(-0.102487500064233,-0.0271,0.00423));
#10379=CARTESIAN_POINT('',(-0.102487500064233,-0.0336,0.00423));
#10380=CARTESIAN_POINT('',(-0.0829375000963498,-0.0401000000321165,0.00423));
#10381=CARTESIAN_POINT('',(-0.0834375000642332,-0.0401,0.00423));
#10382=CARTESIAN_POINT('',(-0.0829375000642332,-0.0406,0.00423));
#10383=CARTESIAN_POINT('',(-0.0764375000642332,-0.0406,0.00423));
#10384=CARTESIAN_POINT('',(-0.0699375000642332,-0.0406,0.00423));
#10385=CARTESIAN_POINT('',(-0.0699375000321166,-0.0401000000321165,0.00423));
#10386=CARTESIAN_POINT('',(-0.0694375000642332,-0.0401,0.00423));
#10387=CARTESIAN_POINT('',(-0.0694375000642332,-0.0336,0.00423));
#10388=CARTESIAN_POINT('',(-0.0694375000642332,-0.0271,0.00423));
#10389=CARTESIAN_POINT('',(-0.0699375000321166,-0.0270999999678835,0.00423));
#10390=CARTESIAN_POINT('',(-0.0699375000642332,-0.0266,0.00423));
#10391=CARTESIAN_POINT('',(-0.0764375000642332,-0.0266,0.00423));
#10392=CARTESIAN_POINT('',(-0.0829375000642332,-0.0266,0.00423));
#10393=CARTESIAN_POINT('',(-0.0829375000963498,-0.0270999999678834,0.00423));
#10394=CARTESIAN_POINT('',(-0.0834375000642332,-0.0271,0.00423));
#10395=CARTESIAN_POINT('',(-0.0834375000642332,-0.0336,0.00423));
#10396=CARTESIAN_POINT('',(-0.0638875000963498,-0.0401000000321165,0.00423));
#10397=CARTESIAN_POINT('',(-0.0643875000642332,-0.0401,0.00423));
#10398=CARTESIAN_POINT('',(-0.0638875000642332,-0.0406,0.00423));
#10399=CARTESIAN_POINT('',(-0.0573875000642332,-0.0406,0.00423));
#10400=CARTESIAN_POINT('',(-0.0508875000642332,-0.0406,0.00423));
#10401=CARTESIAN_POINT('',(-0.0508875000321167,-0.0401000000321166,0.00423));
#10402=CARTESIAN_POINT('',(-0.0503875000642332,-0.0401,0.00423));
#10403=CARTESIAN_POINT('',(-0.0503875000642332,-0.0336,0.00423));
#10404=CARTESIAN_POINT('',(-0.0503875000642332,-0.0271,0.00423));
#10405=CARTESIAN_POINT('',(-0.0508875000321166,-0.0270999999678835,0.00423));
#10406=CARTESIAN_POINT('',(-0.0508875000642332,-0.0266,0.00423));
#10407=CARTESIAN_POINT('',(-0.0573875000642332,-0.0266,0.00423));
#10408=CARTESIAN_POINT('',(-0.0638875000642332,-0.0266,0.00423));
#10409=CARTESIAN_POINT('',(-0.0638875000963498,-0.0270999999678835,0.00423));
#10410=CARTESIAN_POINT('',(-0.0643875000642332,-0.0271,0.00423));
#10411=CARTESIAN_POINT('',(-0.0643875000642332,-0.0336,0.00423));
#10412=CARTESIAN_POINT('',(-0.0448375000963497,-0.0401000000321165,0.00423));
#10413=CARTESIAN_POINT('',(-0.0453375000642332,-0.0401,0.00423));
#10414=CARTESIAN_POINT('',(-0.0448375000642332,-0.0406,0.00423));
#10415=CARTESIAN_POINT('',(-0.0383375000642332,-0.0406,0.00423));
#10416=CARTESIAN_POINT('',(-0.0318375000642332,-0.0406,0.00423));
#10417=CARTESIAN_POINT('',(-0.0318375000321166,-0.0401000000321166,0.00423));
#10418=CARTESIAN_POINT('',(-0.0313375000642332,-0.0401,0.00423));
#10419=CARTESIAN_POINT('',(-0.0313375000642332,-0.0336,0.00423));
#10420=CARTESIAN_POINT('',(-0.0313375000642332,-0.0271,0.00423));
#10421=CARTESIAN_POINT('',(-0.0318375000321166,-0.0270999999678835,0.00423));
#10422=CARTESIAN_POINT('',(-0.0318375000642332,-0.0266,0.00423));
#10423=CARTESIAN_POINT('',(-0.0383375000642332,-0.0266,0.00423));
#10424=CARTESIAN_POINT('',(-0.0448375000642332,-0.0266,0.00423));
#10425=CARTESIAN_POINT('',(-0.0448375000963498,-0.0270999999678835,0.00423));
#10426=CARTESIAN_POINT('',(-0.0453375000642332,-0.0271,0.00423));
#10427=CARTESIAN_POINT('',(-0.0453375000642332,-0.0336,0.00423));
#10428=CARTESIAN_POINT('',(-0.0257875000963498,-0.0401000000321165,0.00423));
#10429=CARTESIAN_POINT('',(-0.0262875000642332,-0.0401,0.00423));
#10430=CARTESIAN_POINT('',(-0.0257875000642332,-0.0406,0.00423));
#10431=CARTESIAN_POINT('',(-0.0192875000642332,-0.0406,0.00423));
#10432=CARTESIAN_POINT('',(-0.0127875000642332,-0.0406,0.00423));
#10433=CARTESIAN_POINT('',(-0.0127875000321167,-0.0401000000321165,0.00423));
#10434=CARTESIAN_POINT('',(-0.0122875000642332,-0.0401,0.00423));
#10435=CARTESIAN_POINT('',(-0.0122875000642332,-0.0336,0.00423));
#10436=CARTESIAN_POINT('',(-0.0122875000642332,-0.0271,0.00423));
#10437=CARTESIAN_POINT('',(-0.0127875000321166,-0.0270999999678835,0.00423));
#10438=CARTESIAN_POINT('',(-0.0127875000642332,-0.0266,0.00423));
#10439=CARTESIAN_POINT('',(-0.0192875000642332,-0.0266,0.00423));
#10440=CARTESIAN_POINT('',(-0.0257875000642332,-0.0266,0.00423));
#10441=CARTESIAN_POINT('',(-0.0257875000963498,-0.0270999999678835,0.00423));
#10442=CARTESIAN_POINT('',(-0.0262875000642332,-0.0271,0.00423));
#10443=CARTESIAN_POINT('',(-0.0262875000642332,-0.0336,0.00423));
#10444=CARTESIAN_POINT('',(-0.16151875009635,-0.0591500000321166,0.00423));
#10445=CARTESIAN_POINT('',(-0.162018750064233,-0.05915,0.00423));
#10446=CARTESIAN_POINT('',(-0.161518750064233,-0.05965,0.00423));
#10447=CARTESIAN_POINT('',(-0.155018750064233,-0.05965,0.00423));
#10448=CARTESIAN_POINT('',(-0.148518750064233,-0.05965,0.00423));
#10449=CARTESIAN_POINT('',(-0.148518750032117,-0.0591500000321166,0.00423));
#10450=CARTESIAN_POINT('',(-0.148018750064233,-0.05915,0.00423));
#10451=CARTESIAN_POINT('',(-0.148018750064233,-0.05265,0.00423));
#10452=CARTESIAN_POINT('',(-0.148018750064233,-0.04615,0.00423));
#10453=CARTESIAN_POINT('',(-0.148518750032117,-0.0461499999678834,0.00423));
#10454=CARTESIAN_POINT('',(-0.148518750064233,-0.04565,0.00423));
#10455=CARTESIAN_POINT('',(-0.155018750064233,-0.04565,0.00423));
#10456=CARTESIAN_POINT('',(-0.161518750064233,-0.04565,0.00423));
#10457=CARTESIAN_POINT('',(-0.16151875009635,-0.0461499999678834,0.00423));
#10458=CARTESIAN_POINT('',(-0.162018750064233,-0.04615,0.00423));
#10459=CARTESIAN_POINT('',(-0.162018750064233,-0.05265,0.00423));
#10460=CARTESIAN_POINT('',(-0.13056250009635,-0.0591500000321166,0.00423));
#10461=CARTESIAN_POINT('',(-0.131062500064233,-0.05915,0.00423));
#10462=CARTESIAN_POINT('',(-0.130562500064233,-0.05965,0.00423));
#10463=CARTESIAN_POINT('',(-0.124062500064233,-0.05965,0.00423));
#10464=CARTESIAN_POINT('',(-0.117562500064233,-0.05965,0.00423));
#10465=CARTESIAN_POINT('',(-0.117562500032117,-0.0591500000321166,0.00423));
#10466=CARTESIAN_POINT('',(-0.117062500064233,-0.05915,0.00423));
#10467=CARTESIAN_POINT('',(-0.117062500064233,-0.05265,0.00423));
#10468=CARTESIAN_POINT('',(-0.117062500064233,-0.04615,0.00423));
#10469=CARTESIAN_POINT('',(-0.117562500032117,-0.0461499999678834,0.00423));
#10470=CARTESIAN_POINT('',(-0.117562500064233,-0.04565,0.00423));
#10471=CARTESIAN_POINT('',(-0.124062500064233,-0.04565,0.00423));
#10472=CARTESIAN_POINT('',(-0.130562500064233,-0.04565,0.00423));
#10473=CARTESIAN_POINT('',(-0.13056250009635,-0.0461499999678834,0.00423));
#10474=CARTESIAN_POINT('',(-0.131062500064233,-0.04615,0.00423));
#10475=CARTESIAN_POINT('',(-0.131062500064233,-0.05265,0.00423));
#10476=CARTESIAN_POINT('',(-0.0448375000963498,-0.0591500000321166,0.00423));
#10477=CARTESIAN_POINT('',(-0.0453375000642332,-0.05915,0.00423));
#10478=CARTESIAN_POINT('',(-0.0448375000642332,-0.05965,0.00423));
#10479=CARTESIAN_POINT('',(-0.0383375000642332,-0.05965,0.00423));
#10480=CARTESIAN_POINT('',(-0.0318375000642332,-0.05965,0.00423));
#10481=CARTESIAN_POINT('',(-0.0318375000321166,-0.0591500000321166,0.00423));
#10482=CARTESIAN_POINT('',(-0.0313375000642332,-0.05915,0.00423));
#10483=CARTESIAN_POINT('',(-0.0313375000642332,-0.05265,0.00423));
#10484=CARTESIAN_POINT('',(-0.0313375000642332,-0.04615,0.00423));
#10485=CARTESIAN_POINT('',(-0.0318375000321166,-0.0461499999678834,0.00423));
#10486=CARTESIAN_POINT('',(-0.0318375000642332,-0.04565,0.00423));
#10487=CARTESIAN_POINT('',(-0.0383375000642332,-0.04565,0.00423));
#10488=CARTESIAN_POINT('',(-0.0448375000642332,-0.04565,0.00423));
#10489=CARTESIAN_POINT('',(-0.0448375000963498,-0.0461499999678834,0.00423));
#10490=CARTESIAN_POINT('',(-0.0453375000642332,-0.04615,0.00423));
#10491=CARTESIAN_POINT('',(-0.0453375000642332,-0.05265,0.00423));
#10492=CARTESIAN_POINT('',(-0.16043175009635,-0.0421000000321166,0.00423));
#10493=CARTESIAN_POINT('',(-0.160931750064233,-0.0421,0.00423));
#10494=CARTESIAN_POINT('',(-0.160431750064233,-0.0426,0.00423));
#10495=CARTESIAN_POINT('',(-0.157431750064233,-0.0426,0.00423));
#10496=CARTESIAN_POINT('',(-0.154431750064233,-0.0426,0.00423));
#10497=CARTESIAN_POINT('',(-0.154431750032117,-0.0421000000321166,0.00423));
#10498=CARTESIAN_POINT('',(-0.153931750064233,-0.0421,0.00423));
#10499=CARTESIAN_POINT('',(-0.153931750064233,-0.0351,0.00423));
#10500=CARTESIAN_POINT('',(-0.153931750064233,-0.0281,0.00423));
#10501=CARTESIAN_POINT('',(-0.154431750032117,-0.0280999999678834,0.00423));
#10502=CARTESIAN_POINT('',(-0.154431750064233,-0.0276,0.00423));
#10503=CARTESIAN_POINT('',(-0.157431750064233,-0.0276,0.00423));
#10504=CARTESIAN_POINT('',(-0.160431750064233,-0.0276,0.00423));
#10505=CARTESIAN_POINT('',(-0.16043175009635,-0.0280999999678835,0.00423));
#10506=CARTESIAN_POINT('',(-0.160931750064233,-0.0281,0.00423));
#10507=CARTESIAN_POINT('',(-0.160931750064233,-0.0351,0.00423));
#10508=CARTESIAN_POINT('',(-0.13655575009635,-0.0421000000321166,0.00423));
#10509=CARTESIAN_POINT('',(-0.137055750064233,-0.0421,0.00423));
#10510=CARTESIAN_POINT('',(-0.136555750064233,-0.0426,0.00423));
#10511=CARTESIAN_POINT('',(-0.133555750064233,-0.0426,0.00423));
#10512=CARTESIAN_POINT('',(-0.130555750064233,-0.0426,0.00423));
#10513=CARTESIAN_POINT('',(-0.130555750032117,-0.0421000000321166,0.00423));
#10514=CARTESIAN_POINT('',(-0.130055750064233,-0.0421,0.00423));
#10515=CARTESIAN_POINT('',(-0.130055750064233,-0.0351,0.00423));
#10516=CARTESIAN_POINT('',(-0.130055750064233,-0.0281,0.00423));
#10517=CARTESIAN_POINT('',(-0.130555750032117,-0.0280999999678834,0.00423));
#10518=CARTESIAN_POINT('',(-0.130555750064233,-0.0276,0.00423));
#10519=CARTESIAN_POINT('',(-0.133555750064233,-0.0276,0.00423));
#10520=CARTESIAN_POINT('',(-0.136555750064233,-0.0276,0.00423));
#10521=CARTESIAN_POINT('',(-0.13655575009635,-0.0280999999678834,0.00423));
#10522=CARTESIAN_POINT('',(-0.137055750064233,-0.0281,0.00423));
#10523=CARTESIAN_POINT('',(-0.137055750064233,-0.0351,0.00423));
#10524=CARTESIAN_POINT('',(-0.13900050009635,-0.0611500000321166,0.00423));
#10525=CARTESIAN_POINT('',(-0.139500500064233,-0.06115,0.00423));
#10526=CARTESIAN_POINT('',(-0.139000500064233,-0.06165,0.00423));
#10527=CARTESIAN_POINT('',(-0.136000500064233,-0.06165,0.00423));
#10528=CARTESIAN_POINT('',(-0.133000500064233,-0.06165,0.00423));
#10529=CARTESIAN_POINT('',(-0.133000500032117,-0.0611500000321166,0.00423));
#10530=CARTESIAN_POINT('',(-0.132500500064233,-0.06115,0.00423));
#10531=CARTESIAN_POINT('',(-0.132500500064233,-0.05415,0.00423));
#10532=CARTESIAN_POINT('',(-0.132500500064233,-0.04715,0.00423));
#10533=CARTESIAN_POINT('',(-0.133000500032117,-0.0471499999678834,0.00423));
#10534=CARTESIAN_POINT('',(-0.133000500064233,-0.04665,0.00423));
#10535=CARTESIAN_POINT('',(-0.136000500064233,-0.04665,0.00423));
#10536=CARTESIAN_POINT('',(-0.139000500064233,-0.04665,0.00423));
#10537=CARTESIAN_POINT('',(-0.13900050009635,-0.0471499999678834,0.00423));
#10538=CARTESIAN_POINT('',(-0.139500500064233,-0.04715,0.00423));
#10539=CARTESIAN_POINT('',(-0.139500500064233,-0.05415,0.00423));
#10540=CARTESIAN_POINT('',(-0.11512450009635,-0.0611500000321166,0.00423));
#10541=CARTESIAN_POINT('',(-0.115624500064233,-0.06115,0.00423));
#10542=CARTESIAN_POINT('',(-0.115124500064233,-0.06165,0.00423));
#10543=CARTESIAN_POINT('',(-0.112124500064233,-0.06165,0.00423));
#10544=CARTESIAN_POINT('',(-0.109124500064233,-0.06165,0.00423));
#10545=CARTESIAN_POINT('',(-0.109124500032117,-0.0611500000321166,0.00423));
#10546=CARTESIAN_POINT('',(-0.108624500064233,-0.06115,0.00423));
#10547=CARTESIAN_POINT('',(-0.108624500064233,-0.05415,0.00423));
#10548=CARTESIAN_POINT('',(-0.108624500064233,-0.04715,0.00423));
#10549=CARTESIAN_POINT('',(-0.109124500032117,-0.0471499999678834,0.00423));
#10550=CARTESIAN_POINT('',(-0.109124500064233,-0.04665,0.00423));
#10551=CARTESIAN_POINT('',(-0.112124500064233,-0.04665,0.00423));
#10552=CARTESIAN_POINT('',(-0.115124500064233,-0.04665,0.00423));
#10553=CARTESIAN_POINT('',(-0.11512450009635,-0.0471499999678834,0.00423));
#10554=CARTESIAN_POINT('',(-0.115624500064233,-0.04715,0.00423));
#10555=CARTESIAN_POINT('',(-0.115624500064233,-0.05415,0.00423));
#10556=CARTESIAN_POINT('',(-0.0984875000963498,-0.0611500000321166,0.00423));
#10557=CARTESIAN_POINT('',(-0.0989875000642332,-0.06115,0.00423));
#10558=CARTESIAN_POINT('',(-0.0984875000642332,-0.06165,0.00423));
#10559=CARTESIAN_POINT('',(-0.0954875000642332,-0.06165,0.00423));
#10560=CARTESIAN_POINT('',(-0.0924875000642332,-0.06165,0.00423));
#10561=CARTESIAN_POINT('',(-0.0924875000321167,-0.0611500000321166,0.00423));
#10562=CARTESIAN_POINT('',(-0.0919875000642332,-0.06115,0.00423));
#10563=CARTESIAN_POINT('',(-0.0919875000642332,-0.05415,0.00423));
#10564=CARTESIAN_POINT('',(-0.0919875000642332,-0.04715,0.00423));
#10565=CARTESIAN_POINT('',(-0.0924875000321166,-0.0471499999678834,0.00423));
#10566=CARTESIAN_POINT('',(-0.0924875000642332,-0.04665,0.00423));
#10567=CARTESIAN_POINT('',(-0.0954875000642332,-0.04665,0.00423));
#10568=CARTESIAN_POINT('',(-0.0984875000642332,-0.04665,0.00423));
#10569=CARTESIAN_POINT('',(-0.0984875000963498,-0.0471499999678834,0.00423));
#10570=CARTESIAN_POINT('',(-0.0989875000642332,-0.04715,0.00423));
#10571=CARTESIAN_POINT('',(-0.0989875000642332,-0.05415,0.00423));
#10572=CARTESIAN_POINT('',(-0.0650375,0.06891875,0.00423));
#10573=CARTESIAN_POINT('',(-0.0650375,0.06716875,0.00423));
#10574=CARTESIAN_POINT('',(-0.0650375,-0.07393125,0.00423));
#10575=CARTESIAN_POINT('',(-0.0650375,-0.07568125,0.00423));
#10576=CARTESIAN_POINT('',(-0.1850375,-0.07393125,0.00423));
#10577=CARTESIAN_POINT('',(-0.1850375,-0.07568125,0.00423));
#10578=CARTESIAN_POINT('',(-0.1850375,0.06891875,0.00423));
#10579=CARTESIAN_POINT('',(-0.1850375,0.06716875,0.00423));
#10580=CARTESIAN_POINT('',(-0.17314375,0.057025,0.00423));
#10581=CARTESIAN_POINT('',(-0.17314375,0.054875,0.00423));
#10582=CARTESIAN_POINT('',(-0.17314375,-0.0620375,0.00423));
#10583=CARTESIAN_POINT('',(-0.17314375,-0.0641875,0.00423));
#10584=CARTESIAN_POINT('',(-0.025,-0.04318125,0.00423));
#10585=CARTESIAN_POINT('',(-0.025,-0.04318125,0.00423));
#10586=CARTESIAN_POINT('',(0.,-0.04318125,0.00423));
#10587=CARTESIAN_POINT('',(-0.025,-0.06068125,0.00423));
#10588=CARTESIAN_POINT('',(-0.025,-0.07818125,0.00423));
#10589=CARTESIAN_POINT('',(-0.00169375,-0.07818125,0.00423));
#10590=CARTESIAN_POINT('',(-0.1852875,-0.07818125,0.00423));
#10591=CARTESIAN_POINT('',(-0.1852875,-0.07418125,0.00423));
#10592=CARTESIAN_POINT('',(-0.1892875,-0.07418125,0.00423));
#10593=CARTESIAN_POINT('',(-0.1892875,-0.00250624999999993,0.00423));
#10594=CARTESIAN_POINT('',(-0.1892875,0.06916875,0.00423));
#10595=CARTESIAN_POINT('',(-0.1852875,0.06916875,0.00423));
#10596=CARTESIAN_POINT('',(-0.025,-0.00250624999999993,0.00423));
#10597=CARTESIAN_POINT('',(-0.025,0.03816875,0.00423));
#10598=CARTESIAN_POINT('',(-0.025,0.03816875,0.00423));
#10599=CARTESIAN_POINT('',(0.,0.03816875,0.00423));
#10600=CARTESIAN_POINT('',(0.,-0.00250624999999993,0.00423));
#10601=CARTESIAN_POINT('',(0.,0.03055,0.00423));
#10602=CARTESIAN_POINT('',(-0.00500000006423321,0.03055,0.00423));
#10603=CARTESIAN_POINT('',(-0.0115000000642332,0.03055,0.00423));
#10604=CARTESIAN_POINT('',(-0.0115000000963498,0.0300500000321166,0.00423));
#10605=CARTESIAN_POINT('',(-0.0120000000642332,0.03005,0.00423));
#10606=CARTESIAN_POINT('',(-0.0120000000642332,0.02355,0.00423));
#10607=CARTESIAN_POINT('',(-0.0120000000642332,0.01705,0.00423));
#10608=CARTESIAN_POINT('',(-0.0115000000963498,0.0170499999678835,0.00423));
#10609=CARTESIAN_POINT('',(-0.0115000000642332,0.01655,0.00423));
#10610=CARTESIAN_POINT('',(-0.00500000006423321,0.01655,0.00423));
#10611=CARTESIAN_POINT('',(0.,0.01655,0.00423));
#10612=CARTESIAN_POINT('',(0.,-0.00250624999999993,0.00423));
#10613=CARTESIAN_POINT('',(0.,0.0115,0.00423));
#10614=CARTESIAN_POINT('',(0.0045249999357668,0.0115,0.00423));
#10615=CARTESIAN_POINT('',(-0.0019750000642332,0.0115,0.00423));
#10616=CARTESIAN_POINT('',(-0.00197500009634976,0.0110000000321166,0.00423));
#10617=CARTESIAN_POINT('',(-0.0024750000642332,0.011,0.00423));
#10618=CARTESIAN_POINT('',(-0.0024750000642332,0.0045,0.00423));
#10619=CARTESIAN_POINT('',(-0.0024750000642332,-0.002,0.00423));
#10620=CARTESIAN_POINT('',(-0.00197500009634976,-0.00200000003211657,0.00423));
#10621=CARTESIAN_POINT('',(-0.0019750000642332,-0.0025,0.00423));
#10622=CARTESIAN_POINT('',(0.0045249999357668,-0.0025,0.00423));
#10623=CARTESIAN_POINT('',(0.,-0.0025,0.00423));
#10624=CARTESIAN_POINT('',(0.,-0.00250624999999993,0.00423));
#10625=CARTESIAN_POINT('',(0.,-0.0266,0.00423));
#10626=CARTESIAN_POINT('',(-0.000237500064233217,-0.0266,0.00423));
#10627=CARTESIAN_POINT('',(-0.00673750006423321,-0.0266,0.00423));
#10628=CARTESIAN_POINT('',(-0.00673750009634977,-0.0270999999678835,0.00423));
#10629=CARTESIAN_POINT('',(-0.00723750006423321,-0.0271,0.00423));
#10630=CARTESIAN_POINT('',(-0.00723750006423321,-0.0336,0.00423));
#10631=CARTESIAN_POINT('',(-0.00723750006423321,-0.0401,0.00423));
#10632=CARTESIAN_POINT('',(-0.00673750009634976,-0.0401000000321165,0.00423));
#10633=CARTESIAN_POINT('',(-0.00673750006423321,-0.0406,0.00423));
#10634=CARTESIAN_POINT('',(-0.000237500064233217,-0.0406,0.00423));
#10635=CARTESIAN_POINT('',(0.,-0.0406,0.00423));
#10636=CARTESIAN_POINT('',(0.,-0.00250624999999993,0.00423));
#10637=CARTESIAN_POINT('',(-0.00169375,-0.07818125,0.00823));
#10638=CARTESIAN_POINT('',(-0.025,-0.07818125,0.00523));
#10639=CARTESIAN_POINT('',(-0.025,-0.07818125,0.00623));
#10640=CARTESIAN_POINT('',(-0.025,-0.07818125,0.00623));
#10641=CARTESIAN_POINT('',(0.,-0.07818125,0.00623));
#10642=CARTESIAN_POINT('',(0.,-0.07818125,0.00823));
#10643=CARTESIAN_POINT('',(0.,-0.07818125,0.00823));
#10644=CARTESIAN_POINT('',(-0.00169375,-0.07818125,0.00823));
#10645=CARTESIAN_POINT('',(-0.1852875,-0.07818125,0.00823));
#10646=CARTESIAN_POINT('',(-0.1852875,-0.07818125,0.00823));
#10647=CARTESIAN_POINT('',(-0.000237500064233217,-0.0266,0.00823));
#10648=CARTESIAN_POINT('',(0.,-0.0266,0.00823));
#10649=CARTESIAN_POINT('',(0.,-0.0266,0.00823));
#10650=CARTESIAN_POINT('',(-0.000237500064233217,-0.0266,0.00823));
#10651=CARTESIAN_POINT('',(-0.00673750006423321,-0.0266,0.00823));
#10652=CARTESIAN_POINT('',(-0.00673750006423321,-0.0266,0.00823));
#10653=CARTESIAN_POINT('',(0.0045249999357668,0.0115,0.00823));
#10654=CARTESIAN_POINT('',(0.,0.0115,0.00823));
#10655=CARTESIAN_POINT('',(0.,0.0115,0.00823));
#10656=CARTESIAN_POINT('',(0.0045249999357668,0.0115,0.00823));
#10657=CARTESIAN_POINT('',(-0.0019750000642332,0.0115,0.00823));
#10658=CARTESIAN_POINT('',(-0.0019750000642332,0.0115,0.00823));
#10659=CARTESIAN_POINT('',(-0.00500000006423321,0.03055,0.00823));
#10660=CARTESIAN_POINT('',(0.,0.03055,0.00823));
#10661=CARTESIAN_POINT('',(0.,0.03055,0.00823));
#10662=CARTESIAN_POINT('',(-0.00500000006423321,0.03055,0.00823));
#10663=CARTESIAN_POINT('',(-0.0115000000642332,0.03055,0.00823));
#10664=CARTESIAN_POINT('',(-0.0115000000642332,0.03055,0.00823));
#10665=CARTESIAN_POINT('',(-0.000237500064233217,-0.0406,0.00823));
#10666=CARTESIAN_POINT('',(-0.000237500064233217,-0.0406,0.00823));
#10667=CARTESIAN_POINT('',(-0.00673750006423321,-0.0406,0.00823));
#10668=CARTESIAN_POINT('',(0.,-0.0406,0.00823));
#10669=CARTESIAN_POINT('',(0.,-0.0406,0.00823));
#10670=CARTESIAN_POINT('',(-0.00673750006423321,-0.0406,0.00823));
#10671=CARTESIAN_POINT('',(0.0045249999357668,-0.0025,0.00823));
#10672=CARTESIAN_POINT('',(0.0045249999357668,-0.0025,0.00823));
#10673=CARTESIAN_POINT('',(-0.0019750000642332,-0.0025,0.00823));
#10674=CARTESIAN_POINT('',(0.,-0.0025,0.00823));
#10675=CARTESIAN_POINT('',(0.,-0.0025,0.00823));
#10676=CARTESIAN_POINT('',(-0.0019750000642332,-0.0025,0.00823));
#10677=CARTESIAN_POINT('',(-0.00500000006423321,0.01655,0.00823));
#10678=CARTESIAN_POINT('',(-0.00500000006423321,0.01655,0.00823));
#10679=CARTESIAN_POINT('',(-0.0115000000642332,0.01655,0.00823));
#10680=CARTESIAN_POINT('',(0.,0.01655,0.00823));
#10681=CARTESIAN_POINT('',(0.,0.01655,0.00823));
#10682=CARTESIAN_POINT('',(-0.0115000000642332,0.01655,0.00823));
#10683=CARTESIAN_POINT('',(-0.00169375,-0.00250624999999993,0.00823));
#10684=CARTESIAN_POINT('',(-0.17314375,-0.0620375,0.00823));
#10685=CARTESIAN_POINT('',(-0.17314375,-0.0641875,0.00823));
#10686=CARTESIAN_POINT('',(-0.17314375,0.057025,0.00823));
#10687=CARTESIAN_POINT('',(-0.17314375,0.054875,0.00823));
#10688=CARTESIAN_POINT('',(-0.1850375,0.06891875,0.00823));
#10689=CARTESIAN_POINT('',(-0.1850375,0.06716875,0.00823));
#10690=CARTESIAN_POINT('',(-0.1850375,-0.07393125,0.00823));
#10691=CARTESIAN_POINT('',(-0.1850375,-0.07568125,0.00823));
#10692=CARTESIAN_POINT('',(-0.0650375,-0.07393125,0.00823));
#10693=CARTESIAN_POINT('',(-0.0650375,-0.07568125,0.00823));
#10694=CARTESIAN_POINT('',(-0.0650375,0.06891875,0.00823));
#10695=CARTESIAN_POINT('',(-0.0650375,0.06716875,0.00823));
#10696=CARTESIAN_POINT('',(-0.0984875000963498,-0.0611500000321166,0.00823));
#10697=CARTESIAN_POINT('',(-0.0989875000642332,-0.06115,0.00823));
#10698=CARTESIAN_POINT('',(-0.0984875000642332,-0.06165,0.00823));
#10699=CARTESIAN_POINT('',(-0.0989875000642332,-0.05415,0.00823));
#10700=CARTESIAN_POINT('',(-0.0989875000642332,-0.04715,0.00823));
#10701=CARTESIAN_POINT('',(-0.0984875000963498,-0.0471499999678834,0.00823));
#10702=CARTESIAN_POINT('',(-0.0984875000642332,-0.04665,0.00823));
#10703=CARTESIAN_POINT('',(-0.0954875000642332,-0.04665,0.00823));
#10704=CARTESIAN_POINT('',(-0.0924875000642332,-0.04665,0.00823));
#10705=CARTESIAN_POINT('',(-0.0924875000321166,-0.0471499999678834,0.00823));
#10706=CARTESIAN_POINT('',(-0.0919875000642332,-0.04715,0.00823));
#10707=CARTESIAN_POINT('',(-0.0919875000642332,-0.05415,0.00823));
#10708=CARTESIAN_POINT('',(-0.0919875000642332,-0.06115,0.00823));
#10709=CARTESIAN_POINT('',(-0.0924875000321167,-0.0611500000321166,0.00823));
#10710=CARTESIAN_POINT('',(-0.0924875000642332,-0.06165,0.00823));
#10711=CARTESIAN_POINT('',(-0.0954875000642332,-0.06165,0.00823));
#10712=CARTESIAN_POINT('',(-0.11512450009635,-0.0611500000321166,0.00823));
#10713=CARTESIAN_POINT('',(-0.115624500064233,-0.06115,0.00823));
#10714=CARTESIAN_POINT('',(-0.115124500064233,-0.06165,0.00823));
#10715=CARTESIAN_POINT('',(-0.115624500064233,-0.05415,0.00823));
#10716=CARTESIAN_POINT('',(-0.115624500064233,-0.04715,0.00823));
#10717=CARTESIAN_POINT('',(-0.11512450009635,-0.0471499999678834,0.00823));
#10718=CARTESIAN_POINT('',(-0.115124500064233,-0.04665,0.00823));
#10719=CARTESIAN_POINT('',(-0.112124500064233,-0.04665,0.00823));
#10720=CARTESIAN_POINT('',(-0.109124500064233,-0.04665,0.00823));
#10721=CARTESIAN_POINT('',(-0.109124500032117,-0.0471499999678834,0.00823));
#10722=CARTESIAN_POINT('',(-0.108624500064233,-0.04715,0.00823));
#10723=CARTESIAN_POINT('',(-0.108624500064233,-0.05415,0.00823));
#10724=CARTESIAN_POINT('',(-0.108624500064233,-0.06115,0.00823));
#10725=CARTESIAN_POINT('',(-0.109124500032117,-0.0611500000321166,0.00823));
#10726=CARTESIAN_POINT('',(-0.109124500064233,-0.06165,0.00823));
#10727=CARTESIAN_POINT('',(-0.112124500064233,-0.06165,0.00823));
#10728=CARTESIAN_POINT('',(-0.13900050009635,-0.0611500000321166,0.00823));
#10729=CARTESIAN_POINT('',(-0.139500500064233,-0.06115,0.00823));
#10730=CARTESIAN_POINT('',(-0.139000500064233,-0.06165,0.00823));
#10731=CARTESIAN_POINT('',(-0.139500500064233,-0.05415,0.00823));
#10732=CARTESIAN_POINT('',(-0.139500500064233,-0.04715,0.00823));
#10733=CARTESIAN_POINT('',(-0.13900050009635,-0.0471499999678834,0.00823));
#10734=CARTESIAN_POINT('',(-0.139000500064233,-0.04665,0.00823));
#10735=CARTESIAN_POINT('',(-0.136000500064233,-0.04665,0.00823));
#10736=CARTESIAN_POINT('',(-0.133000500064233,-0.04665,0.00823));
#10737=CARTESIAN_POINT('',(-0.133000500032117,-0.0471499999678834,0.00823));
#10738=CARTESIAN_POINT('',(-0.132500500064233,-0.04715,0.00823));
#10739=CARTESIAN_POINT('',(-0.132500500064233,-0.05415,0.00823));
#10740=CARTESIAN_POINT('',(-0.132500500064233,-0.06115,0.00823));
#10741=CARTESIAN_POINT('',(-0.133000500032117,-0.0611500000321166,0.00823));
#10742=CARTESIAN_POINT('',(-0.133000500064233,-0.06165,0.00823));
#10743=CARTESIAN_POINT('',(-0.136000500064233,-0.06165,0.00823));
#10744=CARTESIAN_POINT('',(-0.13655575009635,-0.0421000000321166,0.00823));
#10745=CARTESIAN_POINT('',(-0.137055750064233,-0.0421,0.00823));
#10746=CARTESIAN_POINT('',(-0.136555750064233,-0.0426,0.00823));
#10747=CARTESIAN_POINT('',(-0.137055750064233,-0.0351,0.00823));
#10748=CARTESIAN_POINT('',(-0.137055750064233,-0.0281,0.00823));
#10749=CARTESIAN_POINT('',(-0.13655575009635,-0.0280999999678834,0.00823));
#10750=CARTESIAN_POINT('',(-0.136555750064233,-0.0276,0.00823));
#10751=CARTESIAN_POINT('',(-0.133555750064233,-0.0276,0.00823));
#10752=CARTESIAN_POINT('',(-0.130555750064233,-0.0276,0.00823));
#10753=CARTESIAN_POINT('',(-0.130555750032117,-0.0280999999678834,0.00823));
#10754=CARTESIAN_POINT('',(-0.130055750064233,-0.0281,0.00823));
#10755=CARTESIAN_POINT('',(-0.130055750064233,-0.0351,0.00823));
#10756=CARTESIAN_POINT('',(-0.130055750064233,-0.0421,0.00823));
#10757=CARTESIAN_POINT('',(-0.130555750032117,-0.0421000000321166,0.00823));
#10758=CARTESIAN_POINT('',(-0.130555750064233,-0.0426,0.00823));
#10759=CARTESIAN_POINT('',(-0.133555750064233,-0.0426,0.00823));
#10760=CARTESIAN_POINT('',(-0.16043175009635,-0.0421000000321166,0.00823));
#10761=CARTESIAN_POINT('',(-0.160931750064233,-0.0421,0.00823));
#10762=CARTESIAN_POINT('',(-0.160431750064233,-0.0426,0.00823));
#10763=CARTESIAN_POINT('',(-0.160931750064233,-0.0351,0.00823));
#10764=CARTESIAN_POINT('',(-0.160931750064233,-0.0281,0.00823));
#10765=CARTESIAN_POINT('',(-0.16043175009635,-0.0280999999678835,0.00823));
#10766=CARTESIAN_POINT('',(-0.160431750064233,-0.0276,0.00823));
#10767=CARTESIAN_POINT('',(-0.157431750064233,-0.0276,0.00823));
#10768=CARTESIAN_POINT('',(-0.154431750064233,-0.0276,0.00823));
#10769=CARTESIAN_POINT('',(-0.154431750032117,-0.0280999999678834,0.00823));
#10770=CARTESIAN_POINT('',(-0.153931750064233,-0.0281,0.00823));
#10771=CARTESIAN_POINT('',(-0.153931750064233,-0.0351,0.00823));
#10772=CARTESIAN_POINT('',(-0.153931750064233,-0.0421,0.00823));
#10773=CARTESIAN_POINT('',(-0.154431750032117,-0.0421000000321166,0.00823));
#10774=CARTESIAN_POINT('',(-0.154431750064233,-0.0426,0.00823));
#10775=CARTESIAN_POINT('',(-0.157431750064233,-0.0426,0.00823));
#10776=CARTESIAN_POINT('',(-0.0448375000963498,-0.0591500000321166,0.00823));
#10777=CARTESIAN_POINT('',(-0.0453375000642332,-0.05915,0.00823));
#10778=CARTESIAN_POINT('',(-0.0448375000642332,-0.05965,0.00823));
#10779=CARTESIAN_POINT('',(-0.0453375000642332,-0.05265,0.00823));
#10780=CARTESIAN_POINT('',(-0.0453375000642332,-0.04615,0.00823));
#10781=CARTESIAN_POINT('',(-0.0448375000963498,-0.0461499999678834,0.00823));
#10782=CARTESIAN_POINT('',(-0.0448375000642332,-0.04565,0.00823));
#10783=CARTESIAN_POINT('',(-0.0383375000642332,-0.04565,0.00823));
#10784=CARTESIAN_POINT('',(-0.0318375000642332,-0.04565,0.00823));
#10785=CARTESIAN_POINT('',(-0.0318375000321166,-0.0461499999678834,0.00823));
#10786=CARTESIAN_POINT('',(-0.0313375000642332,-0.04615,0.00823));
#10787=CARTESIAN_POINT('',(-0.0313375000642332,-0.05265,0.00823));
#10788=CARTESIAN_POINT('',(-0.0313375000642332,-0.05915,0.00823));
#10789=CARTESIAN_POINT('',(-0.0318375000321166,-0.0591500000321166,0.00823));
#10790=CARTESIAN_POINT('',(-0.0318375000642332,-0.05965,0.00823));
#10791=CARTESIAN_POINT('',(-0.0383375000642332,-0.05965,0.00823));
#10792=CARTESIAN_POINT('',(-0.13056250009635,-0.0591500000321166,0.00823));
#10793=CARTESIAN_POINT('',(-0.131062500064233,-0.05915,0.00823));
#10794=CARTESIAN_POINT('',(-0.130562500064233,-0.05965,0.00823));
#10795=CARTESIAN_POINT('',(-0.131062500064233,-0.05265,0.00823));
#10796=CARTESIAN_POINT('',(-0.131062500064233,-0.04615,0.00823));
#10797=CARTESIAN_POINT('',(-0.13056250009635,-0.0461499999678834,0.00823));
#10798=CARTESIAN_POINT('',(-0.130562500064233,-0.04565,0.00823));
#10799=CARTESIAN_POINT('',(-0.124062500064233,-0.04565,0.00823));
#10800=CARTESIAN_POINT('',(-0.117562500064233,-0.04565,0.00823));
#10801=CARTESIAN_POINT('',(-0.117562500032117,-0.0461499999678834,0.00823));
#10802=CARTESIAN_POINT('',(-0.117062500064233,-0.04615,0.00823));
#10803=CARTESIAN_POINT('',(-0.117062500064233,-0.05265,0.00823));
#10804=CARTESIAN_POINT('',(-0.117062500064233,-0.05915,0.00823));
#10805=CARTESIAN_POINT('',(-0.117562500032117,-0.0591500000321166,0.00823));
#10806=CARTESIAN_POINT('',(-0.117562500064233,-0.05965,0.00823));
#10807=CARTESIAN_POINT('',(-0.124062500064233,-0.05965,0.00823));
#10808=CARTESIAN_POINT('',(-0.16151875009635,-0.0591500000321166,0.00823));
#10809=CARTESIAN_POINT('',(-0.162018750064233,-0.05915,0.00823));
#10810=CARTESIAN_POINT('',(-0.161518750064233,-0.05965,0.00823));
#10811=CARTESIAN_POINT('',(-0.162018750064233,-0.05265,0.00823));
#10812=CARTESIAN_POINT('',(-0.162018750064233,-0.04615,0.00823));
#10813=CARTESIAN_POINT('',(-0.16151875009635,-0.0461499999678834,0.00823));
#10814=CARTESIAN_POINT('',(-0.161518750064233,-0.04565,0.00823));
#10815=CARTESIAN_POINT('',(-0.155018750064233,-0.04565,0.00823));
#10816=CARTESIAN_POINT('',(-0.148518750064233,-0.04565,0.00823));
#10817=CARTESIAN_POINT('',(-0.148518750032117,-0.0461499999678834,0.00823));
#10818=CARTESIAN_POINT('',(-0.148018750064233,-0.04615,0.00823));
#10819=CARTESIAN_POINT('',(-0.148018750064233,-0.05265,0.00823));
#10820=CARTESIAN_POINT('',(-0.148018750064233,-0.05915,0.00823));
#10821=CARTESIAN_POINT('',(-0.148518750032117,-0.0591500000321166,0.00823));
#10822=CARTESIAN_POINT('',(-0.148518750064233,-0.05965,0.00823));
#10823=CARTESIAN_POINT('',(-0.155018750064233,-0.05965,0.00823));
#10824=CARTESIAN_POINT('',(-0.0257875000963498,-0.0401000000321165,0.00823));
#10825=CARTESIAN_POINT('',(-0.0262875000642332,-0.0401,0.00823));
#10826=CARTESIAN_POINT('',(-0.0257875000642332,-0.0406,0.00823));
#10827=CARTESIAN_POINT('',(-0.0262875000642332,-0.0336,0.00823));
#10828=CARTESIAN_POINT('',(-0.0262875000642332,-0.0271,0.00823));
#10829=CARTESIAN_POINT('',(-0.0257875000963498,-0.0270999999678835,0.00823));
#10830=CARTESIAN_POINT('',(-0.0257875000642332,-0.0266,0.00823));
#10831=CARTESIAN_POINT('',(-0.0192875000642332,-0.0266,0.00823));
#10832=CARTESIAN_POINT('',(-0.0127875000642332,-0.0266,0.00823));
#10833=CARTESIAN_POINT('',(-0.0127875000321166,-0.0270999999678835,0.00823));
#10834=CARTESIAN_POINT('',(-0.0122875000642332,-0.0271,0.00823));
#10835=CARTESIAN_POINT('',(-0.0122875000642332,-0.0336,0.00823));
#10836=CARTESIAN_POINT('',(-0.0122875000642332,-0.0401,0.00823));
#10837=CARTESIAN_POINT('',(-0.0127875000321167,-0.0401000000321165,0.00823));
#10838=CARTESIAN_POINT('',(-0.0127875000642332,-0.0406,0.00823));
#10839=CARTESIAN_POINT('',(-0.0192875000642332,-0.0406,0.00823));
#10840=CARTESIAN_POINT('',(-0.0448375000963497,-0.0401000000321165,0.00823));
#10841=CARTESIAN_POINT('',(-0.0453375000642332,-0.0401,0.00823));
#10842=CARTESIAN_POINT('',(-0.0448375000642332,-0.0406,0.00823));
#10843=CARTESIAN_POINT('',(-0.0453375000642332,-0.0336,0.00823));
#10844=CARTESIAN_POINT('',(-0.0453375000642332,-0.0271,0.00823));
#10845=CARTESIAN_POINT('',(-0.0448375000963498,-0.0270999999678835,0.00823));
#10846=CARTESIAN_POINT('',(-0.0448375000642332,-0.0266,0.00823));
#10847=CARTESIAN_POINT('',(-0.0383375000642332,-0.0266,0.00823));
#10848=CARTESIAN_POINT('',(-0.0318375000642332,-0.0266,0.00823));
#10849=CARTESIAN_POINT('',(-0.0318375000321166,-0.0270999999678835,0.00823));
#10850=CARTESIAN_POINT('',(-0.0313375000642332,-0.0271,0.00823));
#10851=CARTESIAN_POINT('',(-0.0313375000642332,-0.0336,0.00823));
#10852=CARTESIAN_POINT('',(-0.0313375000642332,-0.0401,0.00823));
#10853=CARTESIAN_POINT('',(-0.0318375000321166,-0.0401000000321166,0.00823));
#10854=CARTESIAN_POINT('',(-0.0318375000642332,-0.0406,0.00823));
#10855=CARTESIAN_POINT('',(-0.0383375000642332,-0.0406,0.00823));
#10856=CARTESIAN_POINT('',(-0.0638875000963498,-0.0401000000321165,0.00823));
#10857=CARTESIAN_POINT('',(-0.0643875000642332,-0.0401,0.00823));
#10858=CARTESIAN_POINT('',(-0.0638875000642332,-0.0406,0.00823));
#10859=CARTESIAN_POINT('',(-0.0643875000642332,-0.0336,0.00823));
#10860=CARTESIAN_POINT('',(-0.0643875000642332,-0.0271,0.00823));
#10861=CARTESIAN_POINT('',(-0.0638875000963498,-0.0270999999678835,0.00823));
#10862=CARTESIAN_POINT('',(-0.0638875000642332,-0.0266,0.00823));
#10863=CARTESIAN_POINT('',(-0.0573875000642332,-0.0266,0.00823));
#10864=CARTESIAN_POINT('',(-0.0508875000642332,-0.0266,0.00823));
#10865=CARTESIAN_POINT('',(-0.0508875000321166,-0.0270999999678835,0.00823));
#10866=CARTESIAN_POINT('',(-0.0503875000642332,-0.0271,0.00823));
#10867=CARTESIAN_POINT('',(-0.0503875000642332,-0.0336,0.00823));
#10868=CARTESIAN_POINT('',(-0.0503875000642332,-0.0401,0.00823));
#10869=CARTESIAN_POINT('',(-0.0508875000321167,-0.0401000000321166,0.00823));
#10870=CARTESIAN_POINT('',(-0.0508875000642332,-0.0406,0.00823));
#10871=CARTESIAN_POINT('',(-0.0573875000642332,-0.0406,0.00823));
#10872=CARTESIAN_POINT('',(-0.0829375000963498,-0.0401000000321165,0.00823));
#10873=CARTESIAN_POINT('',(-0.0834375000642332,-0.0401,0.00823));
#10874=CARTESIAN_POINT('',(-0.0829375000642332,-0.0406,0.00823));
#10875=CARTESIAN_POINT('',(-0.0834375000642332,-0.0336,0.00823));
#10876=CARTESIAN_POINT('',(-0.0834375000642332,-0.0271,0.00823));
#10877=CARTESIAN_POINT('',(-0.0829375000963498,-0.0270999999678834,0.00823));
#10878=CARTESIAN_POINT('',(-0.0829375000642332,-0.0266,0.00823));
#10879=CARTESIAN_POINT('',(-0.0764375000642332,-0.0266,0.00823));
#10880=CARTESIAN_POINT('',(-0.0699375000642332,-0.0266,0.00823));
#10881=CARTESIAN_POINT('',(-0.0699375000321166,-0.0270999999678835,0.00823));
#10882=CARTESIAN_POINT('',(-0.0694375000642332,-0.0271,0.00823));
#10883=CARTESIAN_POINT('',(-0.0694375000642332,-0.0336,0.00823));
#10884=CARTESIAN_POINT('',(-0.0694375000642332,-0.0401,0.00823));
#10885=CARTESIAN_POINT('',(-0.0699375000321166,-0.0401000000321165,0.00823));
#10886=CARTESIAN_POINT('',(-0.0699375000642332,-0.0406,0.00823));
#10887=CARTESIAN_POINT('',(-0.0764375000642332,-0.0406,0.00823));
#10888=CARTESIAN_POINT('',(-0.10198750009635,-0.0401000000321165,0.00823));
#10889=CARTESIAN_POINT('',(-0.102487500064233,-0.0401,0.00823));
#10890=CARTESIAN_POINT('',(-0.101987500064233,-0.0406,0.00823));
#10891=CARTESIAN_POINT('',(-0.102487500064233,-0.0336,0.00823));
#10892=CARTESIAN_POINT('',(-0.102487500064233,-0.0271,0.00823));
#10893=CARTESIAN_POINT('',(-0.10198750009635,-0.0270999999678835,0.00823));
#10894=CARTESIAN_POINT('',(-0.101987500064233,-0.0266,0.00823));
#10895=CARTESIAN_POINT('',(-0.0954875000642332,-0.0266,0.00823));
#10896=CARTESIAN_POINT('',(-0.0889875000642332,-0.0266,0.00823));
#10897=CARTESIAN_POINT('',(-0.0889875000321166,-0.0270999999678835,0.00823));
#10898=CARTESIAN_POINT('',(-0.0884875000642332,-0.0271,0.00823));
#10899=CARTESIAN_POINT('',(-0.0884875000642332,-0.0336,0.00823));
#10900=CARTESIAN_POINT('',(-0.0884875000642332,-0.0401,0.00823));
#10901=CARTESIAN_POINT('',(-0.0889875000321167,-0.0401000000321165,0.00823));
#10902=CARTESIAN_POINT('',(-0.0889875000642332,-0.0406,0.00823));
#10903=CARTESIAN_POINT('',(-0.0954875000642332,-0.0406,0.00823));
#10904=CARTESIAN_POINT('',(-0.12103750009635,-0.0401000000321165,0.00823));
#10905=CARTESIAN_POINT('',(-0.121537500064233,-0.0401,0.00823));
#10906=CARTESIAN_POINT('',(-0.121037500064233,-0.0406,0.00823));
#10907=CARTESIAN_POINT('',(-0.121537500064233,-0.0336,0.00823));
#10908=CARTESIAN_POINT('',(-0.121537500064233,-0.0271,0.00823));
#10909=CARTESIAN_POINT('',(-0.12103750009635,-0.0270999999678834,0.00823));
#10910=CARTESIAN_POINT('',(-0.121037500064233,-0.0266,0.00823));
#10911=CARTESIAN_POINT('',(-0.114537500064233,-0.0266,0.00823));
#10912=CARTESIAN_POINT('',(-0.108037500064233,-0.0266,0.00823));
#10913=CARTESIAN_POINT('',(-0.108037500032117,-0.0270999999678835,0.00823));
#10914=CARTESIAN_POINT('',(-0.107537500064233,-0.0271,0.00823));
#10915=CARTESIAN_POINT('',(-0.107537500064233,-0.0336,0.00823));
#10916=CARTESIAN_POINT('',(-0.107537500064233,-0.0401,0.00823));
#10917=CARTESIAN_POINT('',(-0.108037500032117,-0.0401000000321165,0.00823));
#10918=CARTESIAN_POINT('',(-0.108037500064233,-0.0406,0.00823));
#10919=CARTESIAN_POINT('',(-0.114537500064233,-0.0406,0.00823));
#10920=CARTESIAN_POINT('',(-0.15199375009635,-0.0401000000321165,0.00823));
#10921=CARTESIAN_POINT('',(-0.152493750064233,-0.0401,0.00823));
#10922=CARTESIAN_POINT('',(-0.151993750064233,-0.0406,0.00823));
#10923=CARTESIAN_POINT('',(-0.152493750064233,-0.0336,0.00823));
#10924=CARTESIAN_POINT('',(-0.152493750064233,-0.0271,0.00823));
#10925=CARTESIAN_POINT('',(-0.15199375009635,-0.0270999999678835,0.00823));
#10926=CARTESIAN_POINT('',(-0.151993750064233,-0.0266,0.00823));
#10927=CARTESIAN_POINT('',(-0.145493750064233,-0.0266,0.00823));
#10928=CARTESIAN_POINT('',(-0.138993750064233,-0.0266,0.00823));
#10929=CARTESIAN_POINT('',(-0.138993750032117,-0.0270999999678835,0.00823));
#10930=CARTESIAN_POINT('',(-0.138493750064233,-0.0271,0.00823));
#10931=CARTESIAN_POINT('',(-0.138493750064233,-0.0336,0.00823));
#10932=CARTESIAN_POINT('',(-0.138493750064233,-0.0401,0.00823));
#10933=CARTESIAN_POINT('',(-0.138993750032117,-0.0401000000321165,0.00823));
#10934=CARTESIAN_POINT('',(-0.138993750064233,-0.0406,0.00823));
#10935=CARTESIAN_POINT('',(-0.145493750064233,-0.0406,0.00823));
#10936=CARTESIAN_POINT('',(-0.0162625000963498,-0.0210500000321165,0.00823));
#10937=CARTESIAN_POINT('',(-0.0167625000642332,-0.02105,0.00823));
#10938=CARTESIAN_POINT('',(-0.0162625000642332,-0.02155,0.00823));
#10939=CARTESIAN_POINT('',(-0.0167625000642332,-0.01455,0.00823));
#10940=CARTESIAN_POINT('',(-0.0167625000642332,-0.00805,0.00823));
#10941=CARTESIAN_POINT('',(-0.0162625000963498,-0.00804999996788344,0.00823));
#10942=CARTESIAN_POINT('',(-0.0162625000642332,-0.00755,0.00823));
#10943=CARTESIAN_POINT('',(-0.00976250006423322,-0.00755,0.00823));
#10944=CARTESIAN_POINT('',(-0.00326250006423323,-0.00755,0.00823));
#10945=CARTESIAN_POINT('',(-0.00326250003211667,-0.00804999996788343,0.00823));
#10946=CARTESIAN_POINT('',(-0.00276250006423324,-0.00805,0.00823));
#10947=CARTESIAN_POINT('',(-0.00276250006423323,-0.01455,0.00823));
#10948=CARTESIAN_POINT('',(-0.00276250006423323,-0.02105,0.00823));
#10949=CARTESIAN_POINT('',(-0.00326250003211667,-0.0210500000321165,0.00823));
#10950=CARTESIAN_POINT('',(-0.00326250006423323,-0.02155,0.00823));
#10951=CARTESIAN_POINT('',(-0.00976250006423322,-0.02155,0.00823));
#10952=CARTESIAN_POINT('',(-0.0353125000963498,-0.0210500000321165,0.00823));
#10953=CARTESIAN_POINT('',(-0.0358125000642332,-0.02105,0.00823));
#10954=CARTESIAN_POINT('',(-0.0353125000642332,-0.02155,0.00823));
#10955=CARTESIAN_POINT('',(-0.0358125000642332,-0.01455,0.00823));
#10956=CARTESIAN_POINT('',(-0.0358125000642332,-0.00805,0.00823));
#10957=CARTESIAN_POINT('',(-0.0353125000963498,-0.00804999996788342,0.00823));
#10958=CARTESIAN_POINT('',(-0.0353125000642332,-0.00755,0.00823));
#10959=CARTESIAN_POINT('',(-0.0288125000642332,-0.00755,0.00823));
#10960=CARTESIAN_POINT('',(-0.0223125000642332,-0.00755,0.00823));
#10961=CARTESIAN_POINT('',(-0.0223125000321166,-0.00804999996788343,0.00823));
#10962=CARTESIAN_POINT('',(-0.0218125000642332,-0.00805,0.00823));
#10963=CARTESIAN_POINT('',(-0.0218125000642332,-0.01455,0.00823));
#10964=CARTESIAN_POINT('',(-0.0218125000642332,-0.02105,0.00823));
#10965=CARTESIAN_POINT('',(-0.0223125000321166,-0.0210500000321165,0.00823));
#10966=CARTESIAN_POINT('',(-0.0223125000642332,-0.02155,0.00823));
#10967=CARTESIAN_POINT('',(-0.0288125000642332,-0.02155,0.00823));
#10968=CARTESIAN_POINT('',(-0.0543625000963498,-0.0210500000321166,0.00823));
#10969=CARTESIAN_POINT('',(-0.0548625000642332,-0.02105,0.00823));
#10970=CARTESIAN_POINT('',(-0.0543625000642332,-0.02155,0.00823));
#10971=CARTESIAN_POINT('',(-0.0548625000642332,-0.01455,0.00823));
#10972=CARTESIAN_POINT('',(-0.0548625000642332,-0.00805,0.00823));
#10973=CARTESIAN_POINT('',(-0.0543625000963498,-0.00804999996788342,0.00823));
#10974=CARTESIAN_POINT('',(-0.0543625000642332,-0.00755,0.00823));
#10975=CARTESIAN_POINT('',(-0.0478625000642332,-0.00755,0.00823));
#10976=CARTESIAN_POINT('',(-0.0413625000642332,-0.00755,0.00823));
#10977=CARTESIAN_POINT('',(-0.0413625000321167,-0.00804999996788342,0.00823));
#10978=CARTESIAN_POINT('',(-0.0408625000642332,-0.00805,0.00823));
#10979=CARTESIAN_POINT('',(-0.0408625000642332,-0.01455,0.00823));
#10980=CARTESIAN_POINT('',(-0.0408625000642332,-0.02105,0.00823));
#10981=CARTESIAN_POINT('',(-0.0413625000321167,-0.0210500000321165,0.00823));
#10982=CARTESIAN_POINT('',(-0.0413625000642332,-0.02155,0.00823));
#10983=CARTESIAN_POINT('',(-0.0478625000642332,-0.02155,0.00823));
#10984=CARTESIAN_POINT('',(-0.0734125000963498,-0.0210500000321165,0.00823));
#10985=CARTESIAN_POINT('',(-0.0739125000642332,-0.02105,0.00823));
#10986=CARTESIAN_POINT('',(-0.0734125000642332,-0.02155,0.00823));
#10987=CARTESIAN_POINT('',(-0.0739125000642332,-0.01455,0.00823));
#10988=CARTESIAN_POINT('',(-0.0739125000642332,-0.00805,0.00823));
#10989=CARTESIAN_POINT('',(-0.0734125000963498,-0.00804999996788344,0.00823));
#10990=CARTESIAN_POINT('',(-0.0734125000642332,-0.00755,0.00823));
#10991=CARTESIAN_POINT('',(-0.0669125000642332,-0.00755,0.00823));
#10992=CARTESIAN_POINT('',(-0.0604125000642332,-0.00755,0.00823));
#10993=CARTESIAN_POINT('',(-0.0604125000321166,-0.00804999996788342,0.00823));
#10994=CARTESIAN_POINT('',(-0.0599125000642332,-0.00805,0.00823));
#10995=CARTESIAN_POINT('',(-0.0599125000642332,-0.01455,0.00823));
#10996=CARTESIAN_POINT('',(-0.0599125000642332,-0.02105,0.00823));
#10997=CARTESIAN_POINT('',(-0.0604125000321166,-0.0210500000321165,0.00823));
#10998=CARTESIAN_POINT('',(-0.0604125000642332,-0.02155,0.00823));
#10999=CARTESIAN_POINT('',(-0.0669125000642332,-0.02155,0.00823));
#11000=CARTESIAN_POINT('',(-0.0924625000963498,-0.0210500000321165,0.00823));
#11001=CARTESIAN_POINT('',(-0.0929625000642332,-0.02105,0.00823));
#11002=CARTESIAN_POINT('',(-0.0924625000642332,-0.02155,0.00823));
#11003=CARTESIAN_POINT('',(-0.0929625000642332,-0.01455,0.00823));
#11004=CARTESIAN_POINT('',(-0.0929625000642332,-0.00805,0.00823));
#11005=CARTESIAN_POINT('',(-0.0924625000963498,-0.00804999996788341,0.00823));
#11006=CARTESIAN_POINT('',(-0.0924625000642332,-0.00755,0.00823));
#11007=CARTESIAN_POINT('',(-0.0859625000642332,-0.00755,0.00823));
#11008=CARTESIAN_POINT('',(-0.0794625000642332,-0.00755,0.00823));
#11009=CARTESIAN_POINT('',(-0.0794625000321166,-0.00804999996788344,0.00823));
#11010=CARTESIAN_POINT('',(-0.0789625000642332,-0.00805,0.00823));
#11011=CARTESIAN_POINT('',(-0.0789625000642332,-0.01455,0.00823));
#11012=CARTESIAN_POINT('',(-0.0789625000642332,-0.02105,0.00823));
#11013=CARTESIAN_POINT('',(-0.0794625000321166,-0.0210500000321165,0.00823));
#11014=CARTESIAN_POINT('',(-0.0794625000642332,-0.02155,0.00823));
#11015=CARTESIAN_POINT('',(-0.0859625000642332,-0.02155,0.00823));
#11016=CARTESIAN_POINT('',(-0.11151250009635,-0.0210500000321165,0.00823));
#11017=CARTESIAN_POINT('',(-0.112012500064233,-0.02105,0.00823));
#11018=CARTESIAN_POINT('',(-0.111512500064233,-0.02155,0.00823));
#11019=CARTESIAN_POINT('',(-0.112012500064233,-0.01455,0.00823));
#11020=CARTESIAN_POINT('',(-0.112012500064233,-0.00805,0.00823));
#11021=CARTESIAN_POINT('',(-0.11151250009635,-0.00804999996788344,0.00823));
#11022=CARTESIAN_POINT('',(-0.111512500064233,-0.00755,0.00823));
#11023=CARTESIAN_POINT('',(-0.105012500064233,-0.00755,0.00823));
#11024=CARTESIAN_POINT('',(-0.0985125000642332,-0.00755,0.00823));
#11025=CARTESIAN_POINT('',(-0.0985125000321166,-0.00804999996788344,0.00823));
#11026=CARTESIAN_POINT('',(-0.0980125000642332,-0.00805,0.00823));
#11027=CARTESIAN_POINT('',(-0.0980125000642332,-0.01455,0.00823));
#11028=CARTESIAN_POINT('',(-0.0980125000642332,-0.02105,0.00823));
#11029=CARTESIAN_POINT('',(-0.0985125000321166,-0.0210500000321165,0.00823));
#11030=CARTESIAN_POINT('',(-0.0985125000642332,-0.02155,0.00823));
#11031=CARTESIAN_POINT('',(-0.105012500064233,-0.02155,0.00823));
#11032=CARTESIAN_POINT('',(-0.13056250009635,-0.0210500000321165,0.00823));
#11033=CARTESIAN_POINT('',(-0.131062500064233,-0.02105,0.00823));
#11034=CARTESIAN_POINT('',(-0.130562500064233,-0.02155,0.00823));
#11035=CARTESIAN_POINT('',(-0.131062500064233,-0.01455,0.00823));
#11036=CARTESIAN_POINT('',(-0.131062500064233,-0.00805,0.00823));
#11037=CARTESIAN_POINT('',(-0.13056250009635,-0.00804999996788344,0.00823));
#11038=CARTESIAN_POINT('',(-0.130562500064233,-0.00755,0.00823));
#11039=CARTESIAN_POINT('',(-0.124062500064233,-0.00755,0.00823));
#11040=CARTESIAN_POINT('',(-0.117562500064233,-0.00755,0.00823));
#11041=CARTESIAN_POINT('',(-0.117562500032117,-0.00804999996788344,0.00823));
#11042=CARTESIAN_POINT('',(-0.117062500064233,-0.00805,0.00823));
#11043=CARTESIAN_POINT('',(-0.117062500064233,-0.01455,0.00823));
#11044=CARTESIAN_POINT('',(-0.117062500064233,-0.02105,0.00823));
#11045=CARTESIAN_POINT('',(-0.117562500032117,-0.0210500000321165,0.00823));
#11046=CARTESIAN_POINT('',(-0.117562500064233,-0.02155,0.00823));
#11047=CARTESIAN_POINT('',(-0.124062500064233,-0.02155,0.00823));
#11048=CARTESIAN_POINT('',(-0.15675625009635,-0.0210500000321165,0.00823));
#11049=CARTESIAN_POINT('',(-0.157256250064233,-0.02105,0.00823));
#11050=CARTESIAN_POINT('',(-0.156756250064233,-0.02155,0.00823));
#11051=CARTESIAN_POINT('',(-0.157256250064233,-0.01455,0.00823));
#11052=CARTESIAN_POINT('',(-0.157256250064233,-0.00805,0.00823));
#11053=CARTESIAN_POINT('',(-0.15675625009635,-0.00804999996788348,0.00823));
#11054=CARTESIAN_POINT('',(-0.156756250064233,-0.00755,0.00823));
#11055=CARTESIAN_POINT('',(-0.150256250064233,-0.00755,0.00823));
#11056=CARTESIAN_POINT('',(-0.143756250064233,-0.00755,0.00823));
#11057=CARTESIAN_POINT('',(-0.143756250032117,-0.00804999996788339,0.00823));
#11058=CARTESIAN_POINT('',(-0.143256250064233,-0.00805,0.00823));
#11059=CARTESIAN_POINT('',(-0.143256250064233,-0.01455,0.00823));
#11060=CARTESIAN_POINT('',(-0.143256250064233,-0.02105,0.00823));
#11061=CARTESIAN_POINT('',(-0.143756250032117,-0.0210500000321165,0.00823));
#11062=CARTESIAN_POINT('',(-0.143756250064233,-0.02155,0.00823));
#11063=CARTESIAN_POINT('',(-0.150256250064233,-0.02155,0.00823));
#11064=CARTESIAN_POINT('',(-0.0210250000963498,-0.00200000003211657,0.00823));
#11065=CARTESIAN_POINT('',(-0.0215250000642332,-0.002,0.00823));
#11066=CARTESIAN_POINT('',(-0.0210250000642332,-0.0025,0.00823));
#11067=CARTESIAN_POINT('',(-0.0215250000642332,0.0045,0.00823));
#11068=CARTESIAN_POINT('',(-0.0215250000642332,0.011,0.00823));
#11069=CARTESIAN_POINT('',(-0.0210250000963498,0.0110000000321166,0.00823));
#11070=CARTESIAN_POINT('',(-0.0210250000642332,0.0115,0.00823));
#11071=CARTESIAN_POINT('',(-0.0145250000642332,0.0115,0.00823));
#11072=CARTESIAN_POINT('',(-0.00802500006423321,0.0115,0.00823));
#11073=CARTESIAN_POINT('',(-0.00802500003211665,0.0110000000321166,0.00823));
#11074=CARTESIAN_POINT('',(-0.00752500006423322,0.011,0.00823));
#11075=CARTESIAN_POINT('',(-0.00752500006423321,0.0045,0.00823));
#11076=CARTESIAN_POINT('',(-0.00752500006423321,-0.002,0.00823));
#11077=CARTESIAN_POINT('',(-0.00802500003211665,-0.00200000003211658,0.00823));
#11078=CARTESIAN_POINT('',(-0.00802500006423321,-0.0025,0.00823));
#11079=CARTESIAN_POINT('',(-0.0145250000642332,-0.0025,0.00823));
#11080=CARTESIAN_POINT('',(-0.0400750000963498,-0.00200000003211657,0.00823));
#11081=CARTESIAN_POINT('',(-0.0405750000642332,-0.002,0.00823));
#11082=CARTESIAN_POINT('',(-0.0400750000642332,-0.0025,0.00823));
#11083=CARTESIAN_POINT('',(-0.0405750000642332,0.0045,0.00823));
#11084=CARTESIAN_POINT('',(-0.0405750000642332,0.011,0.00823));
#11085=CARTESIAN_POINT('',(-0.0400750000963498,0.0110000000321166,0.00823));
#11086=CARTESIAN_POINT('',(-0.0400750000642332,0.0115,0.00823));
#11087=CARTESIAN_POINT('',(-0.0335750000642332,0.0115,0.00823));
#11088=CARTESIAN_POINT('',(-0.0270750000642332,0.0115,0.00823));
#11089=CARTESIAN_POINT('',(-0.0270750000321166,0.0110000000321166,0.00823));
#11090=CARTESIAN_POINT('',(-0.0265750000642333,0.011,0.00823));
#11091=CARTESIAN_POINT('',(-0.0265750000642332,0.0045,0.00823));
#11092=CARTESIAN_POINT('',(-0.0265750000642332,-0.002,0.00823));
#11093=CARTESIAN_POINT('',(-0.0270750000321166,-0.00200000003211658,0.00823));
#11094=CARTESIAN_POINT('',(-0.0270750000642332,-0.0025,0.00823));
#11095=CARTESIAN_POINT('',(-0.0335750000642332,-0.0025,0.00823));
#11096=CARTESIAN_POINT('',(-0.0591250000963498,-0.00200000003211658,0.00823));
#11097=CARTESIAN_POINT('',(-0.0596250000642332,-0.002,0.00823));
#11098=CARTESIAN_POINT('',(-0.0591250000642332,-0.0025,0.00823));
#11099=CARTESIAN_POINT('',(-0.0596250000642332,0.0045,0.00823));
#11100=CARTESIAN_POINT('',(-0.0596250000642332,0.011,0.00823));
#11101=CARTESIAN_POINT('',(-0.0591250000963498,0.0110000000321166,0.00823));
#11102=CARTESIAN_POINT('',(-0.0591250000642332,0.0115,0.00823));
#11103=CARTESIAN_POINT('',(-0.0526250000642332,0.0115,0.00823));
#11104=CARTESIAN_POINT('',(-0.0461250000642332,0.0115,0.00823));
#11105=CARTESIAN_POINT('',(-0.0461250000321166,0.0110000000321166,0.00823));
#11106=CARTESIAN_POINT('',(-0.0456250000642332,0.011,0.00823));
#11107=CARTESIAN_POINT('',(-0.0456250000642332,0.0045,0.00823));
#11108=CARTESIAN_POINT('',(-0.0456250000642332,-0.002,0.00823));
#11109=CARTESIAN_POINT('',(-0.0461250000321166,-0.00200000003211658,0.00823));
#11110=CARTESIAN_POINT('',(-0.0461250000642332,-0.0025,0.00823));
#11111=CARTESIAN_POINT('',(-0.0526250000642332,-0.0025,0.00823));
#11112=CARTESIAN_POINT('',(-0.0781750000963498,-0.00200000003211659,0.00823));
#11113=CARTESIAN_POINT('',(-0.0786750000642332,-0.002,0.00823));
#11114=CARTESIAN_POINT('',(-0.0781750000642332,-0.0025,0.00823));
#11115=CARTESIAN_POINT('',(-0.0786750000642332,0.0045,0.00823));
#11116=CARTESIAN_POINT('',(-0.0786750000642332,0.011,0.00823));
#11117=CARTESIAN_POINT('',(-0.0781750000963498,0.0110000000321166,0.00823));
#11118=CARTESIAN_POINT('',(-0.0781750000642332,0.0115,0.00823));
#11119=CARTESIAN_POINT('',(-0.0716750000642332,0.0115,0.00823));
#11120=CARTESIAN_POINT('',(-0.0651750000642332,0.0115,0.00823));
#11121=CARTESIAN_POINT('',(-0.0651750000321166,0.0110000000321166,0.00823));
#11122=CARTESIAN_POINT('',(-0.0646750000642332,0.011,0.00823));
#11123=CARTESIAN_POINT('',(-0.0646750000642332,0.0045,0.00823));
#11124=CARTESIAN_POINT('',(-0.0646750000642332,-0.002,0.00823));
#11125=CARTESIAN_POINT('',(-0.0651750000321166,-0.00200000003211657,0.00823));
#11126=CARTESIAN_POINT('',(-0.0651750000642332,-0.0025,0.00823));
#11127=CARTESIAN_POINT('',(-0.0716750000642332,-0.0025,0.00823));
#11128=CARTESIAN_POINT('',(-0.0972250000963498,-0.00200000003211657,0.00823));
#11129=CARTESIAN_POINT('',(-0.0977250000642332,-0.002,0.00823));
#11130=CARTESIAN_POINT('',(-0.0972250000642332,-0.0025,0.00823));
#11131=CARTESIAN_POINT('',(-0.0977250000642332,0.0045,0.00823));
#11132=CARTESIAN_POINT('',(-0.0977250000642332,0.011,0.00823));
#11133=CARTESIAN_POINT('',(-0.0972250000963498,0.0110000000321166,0.00823));
#11134=CARTESIAN_POINT('',(-0.0972250000642332,0.0115,0.00823));
#11135=CARTESIAN_POINT('',(-0.0907250000642332,0.0115,0.00823));
#11136=CARTESIAN_POINT('',(-0.0842250000642332,0.0115,0.00823));
#11137=CARTESIAN_POINT('',(-0.0842250000321166,0.0110000000321166,0.00823));
#11138=CARTESIAN_POINT('',(-0.0837250000642332,0.011,0.00823));
#11139=CARTESIAN_POINT('',(-0.0837250000642332,0.0045,0.00823));
#11140=CARTESIAN_POINT('',(-0.0837250000642332,-0.002,0.00823));
#11141=CARTESIAN_POINT('',(-0.0842250000321166,-0.00200000003211657,0.00823));
#11142=CARTESIAN_POINT('',(-0.0842250000642332,-0.0025,0.00823));
#11143=CARTESIAN_POINT('',(-0.0907250000642332,-0.0025,0.00823));
#11144=CARTESIAN_POINT('',(-0.11627500009635,-0.00200000003211657,0.00823));
#11145=CARTESIAN_POINT('',(-0.116775000064233,-0.002,0.00823));
#11146=CARTESIAN_POINT('',(-0.116275000064233,-0.0025,0.00823));
#11147=CARTESIAN_POINT('',(-0.116775000064233,0.0045,0.00823));
#11148=CARTESIAN_POINT('',(-0.116775000064233,0.011,0.00823));
#11149=CARTESIAN_POINT('',(-0.11627500009635,0.0110000000321166,0.00823));
#11150=CARTESIAN_POINT('',(-0.116275000064233,0.0115,0.00823));
#11151=CARTESIAN_POINT('',(-0.109775000064233,0.0115,0.00823));
#11152=CARTESIAN_POINT('',(-0.103275000064233,0.0115,0.00823));
#11153=CARTESIAN_POINT('',(-0.103275000032117,0.0110000000321166,0.00823));
#11154=CARTESIAN_POINT('',(-0.102775000064233,0.011,0.00823));
#11155=CARTESIAN_POINT('',(-0.102775000064233,0.0045,0.00823));
#11156=CARTESIAN_POINT('',(-0.102775000064233,-0.002,0.00823));
#11157=CARTESIAN_POINT('',(-0.103275000032117,-0.00200000003211657,0.00823));
#11158=CARTESIAN_POINT('',(-0.103275000064233,-0.0025,0.00823));
#11159=CARTESIAN_POINT('',(-0.109775000064233,-0.0025,0.00823));
#11160=CARTESIAN_POINT('',(-0.13532500009635,-0.00200000003211651,0.00823));
#11161=CARTESIAN_POINT('',(-0.135825000064233,-0.002,0.00823));
#11162=CARTESIAN_POINT('',(-0.135325000064233,-0.0025,0.00823));
#11163=CARTESIAN_POINT('',(-0.135825000064233,0.0045,0.00823));
#11164=CARTESIAN_POINT('',(-0.135825000064233,0.011,0.00823));
#11165=CARTESIAN_POINT('',(-0.13532500009635,0.0110000000321166,0.00823));
#11166=CARTESIAN_POINT('',(-0.135325000064233,0.0115,0.00823));
#11167=CARTESIAN_POINT('',(-0.128825000064233,0.0115,0.00823));
#11168=CARTESIAN_POINT('',(-0.122325000064233,0.0115,0.00823));
#11169=CARTESIAN_POINT('',(-0.122325000032117,0.0110000000321166,0.00823));
#11170=CARTESIAN_POINT('',(-0.121825000064233,0.011,0.00823));
#11171=CARTESIAN_POINT('',(-0.121825000064233,0.0045,0.00823));
#11172=CARTESIAN_POINT('',(-0.121825000064233,-0.002,0.00823));
#11173=CARTESIAN_POINT('',(-0.122325000032117,-0.00200000003211659,0.00823));
#11174=CARTESIAN_POINT('',(-0.122325000064233,-0.0025,0.00823));
#11175=CARTESIAN_POINT('',(-0.128825000064233,-0.0025,0.00823));
#11176=CARTESIAN_POINT('',(-0.15913750009635,-0.00200000003211657,0.00823));
#11177=CARTESIAN_POINT('',(-0.159637500064233,-0.002,0.00823));
#11178=CARTESIAN_POINT('',(-0.159137500064233,-0.0025,0.00823));
#11179=CARTESIAN_POINT('',(-0.159637500064233,0.0045,0.00823));
#11180=CARTESIAN_POINT('',(-0.159637500064233,0.011,0.00823));
#11181=CARTESIAN_POINT('',(-0.15913750009635,0.0110000000321166,0.00823));
#11182=CARTESIAN_POINT('',(-0.159137500064233,0.0115,0.00823));
#11183=CARTESIAN_POINT('',(-0.152637500064233,0.0115,0.00823));
#11184=CARTESIAN_POINT('',(-0.146137500064233,0.0115,0.00823));
#11185=CARTESIAN_POINT('',(-0.146137500032117,0.0110000000321166,0.00823));
#11186=CARTESIAN_POINT('',(-0.145637500064233,0.011,0.00823));
#11187=CARTESIAN_POINT('',(-0.145637500064233,0.0045,0.00823));
#11188=CARTESIAN_POINT('',(-0.145637500064233,-0.002,0.00823));
#11189=CARTESIAN_POINT('',(-0.146137500032117,-0.00200000003211657,0.00823));
#11190=CARTESIAN_POINT('',(-0.146137500064233,-0.0025,0.00823));
#11191=CARTESIAN_POINT('',(-0.152637500064233,-0.0025,0.00823));
#11192=CARTESIAN_POINT('',(-0.0305500000963498,0.0170499999678835,0.00823));
#11193=CARTESIAN_POINT('',(-0.0310500000642333,0.01705,0.00823));
#11194=CARTESIAN_POINT('',(-0.0305500000642333,0.01655,0.00823));
#11195=CARTESIAN_POINT('',(-0.0310500000642333,0.02355,0.00823));
#11196=CARTESIAN_POINT('',(-0.0310500000642333,0.03005,0.00823));
#11197=CARTESIAN_POINT('',(-0.0305500000963498,0.0300500000321166,0.00823));
#11198=CARTESIAN_POINT('',(-0.0305500000642333,0.03055,0.00823));
#11199=CARTESIAN_POINT('',(-0.0240500000642332,0.03055,0.00823));
#11200=CARTESIAN_POINT('',(-0.0175500000642332,0.03055,0.00823));
#11201=CARTESIAN_POINT('',(-0.0175500000321166,0.0300500000321166,0.00823));
#11202=CARTESIAN_POINT('',(-0.0170500000642332,0.03005,0.00823));
#11203=CARTESIAN_POINT('',(-0.0170500000642332,0.02355,0.00823));
#11204=CARTESIAN_POINT('',(-0.0170500000642332,0.01705,0.00823));
#11205=CARTESIAN_POINT('',(-0.0175500000321166,0.0170499999678835,0.00823));
#11206=CARTESIAN_POINT('',(-0.0175500000642332,0.01655,0.00823));
#11207=CARTESIAN_POINT('',(-0.0240500000642332,0.01655,0.00823));
#11208=CARTESIAN_POINT('',(-0.0496000000963498,0.0170499999678835,0.00823));
#11209=CARTESIAN_POINT('',(-0.0501000000642332,0.01705,0.00823));
#11210=CARTESIAN_POINT('',(-0.0496000000642332,0.01655,0.00823));
#11211=CARTESIAN_POINT('',(-0.0501000000642332,0.02355,0.00823));
#11212=CARTESIAN_POINT('',(-0.0501000000642332,0.03005,0.00823));
#11213=CARTESIAN_POINT('',(-0.0496000000963498,0.0300500000321165,0.00823));
#11214=CARTESIAN_POINT('',(-0.0496000000642332,0.03055,0.00823));
#11215=CARTESIAN_POINT('',(-0.0431000000642332,0.03055,0.00823));
#11216=CARTESIAN_POINT('',(-0.0366000000642332,0.03055,0.00823));
#11217=CARTESIAN_POINT('',(-0.0366000000321167,0.0300500000321166,0.00823));
#11218=CARTESIAN_POINT('',(-0.0361000000642332,0.03005,0.00823));
#11219=CARTESIAN_POINT('',(-0.0361000000642332,0.02355,0.00823));
#11220=CARTESIAN_POINT('',(-0.0361000000642332,0.01705,0.00823));
#11221=CARTESIAN_POINT('',(-0.0366000000321167,0.0170499999678834,0.00823));
#11222=CARTESIAN_POINT('',(-0.0366000000642332,0.01655,0.00823));
#11223=CARTESIAN_POINT('',(-0.0431000000642332,0.01655,0.00823));
#11224=CARTESIAN_POINT('',(-0.0686500000963498,0.0170499999678835,0.00823));
#11225=CARTESIAN_POINT('',(-0.0691500000642332,0.01705,0.00823));
#11226=CARTESIAN_POINT('',(-0.0686500000642332,0.01655,0.00823));
#11227=CARTESIAN_POINT('',(-0.0691500000642332,0.02355,0.00823));
#11228=CARTESIAN_POINT('',(-0.0691500000642332,0.03005,0.00823));
#11229=CARTESIAN_POINT('',(-0.0686500000963498,0.0300500000321165,0.00823));
#11230=CARTESIAN_POINT('',(-0.0686500000642332,0.03055,0.00823));
#11231=CARTESIAN_POINT('',(-0.0621500000642332,0.03055,0.00823));
#11232=CARTESIAN_POINT('',(-0.0556500000642332,0.03055,0.00823));
#11233=CARTESIAN_POINT('',(-0.0556500000321166,0.0300500000321166,0.00823));
#11234=CARTESIAN_POINT('',(-0.0551500000642332,0.03005,0.00823));
#11235=CARTESIAN_POINT('',(-0.0551500000642332,0.02355,0.00823));
#11236=CARTESIAN_POINT('',(-0.0551500000642332,0.01705,0.00823));
#11237=CARTESIAN_POINT('',(-0.0556500000321166,0.0170499999678834,0.00823));
#11238=CARTESIAN_POINT('',(-0.0556500000642332,0.01655,0.00823));
#11239=CARTESIAN_POINT('',(-0.0621500000642332,0.01655,0.00823));
#11240=CARTESIAN_POINT('',(-0.0877000000963498,0.0170499999678835,0.00823));
#11241=CARTESIAN_POINT('',(-0.0882000000642332,0.01705,0.00823));
#11242=CARTESIAN_POINT('',(-0.0877000000642332,0.01655,0.00823));
#11243=CARTESIAN_POINT('',(-0.0882000000642332,0.02355,0.00823));
#11244=CARTESIAN_POINT('',(-0.0882000000642332,0.03005,0.00823));
#11245=CARTESIAN_POINT('',(-0.0877000000963498,0.0300500000321165,0.00823));
#11246=CARTESIAN_POINT('',(-0.0877000000642332,0.03055,0.00823));
#11247=CARTESIAN_POINT('',(-0.0812000000642332,0.03055,0.00823));
#11248=CARTESIAN_POINT('',(-0.0747000000642332,0.03055,0.00823));
#11249=CARTESIAN_POINT('',(-0.0747000000321166,0.0300500000321165,0.00823));
#11250=CARTESIAN_POINT('',(-0.0742000000642332,0.03005,0.00823));
#11251=CARTESIAN_POINT('',(-0.0742000000642332,0.02355,0.00823));
#11252=CARTESIAN_POINT('',(-0.0742000000642332,0.01705,0.00823));
#11253=CARTESIAN_POINT('',(-0.0747000000321166,0.0170499999678835,0.00823));
#11254=CARTESIAN_POINT('',(-0.0747000000642332,0.01655,0.00823));
#11255=CARTESIAN_POINT('',(-0.0812000000642332,0.01655,0.00823));
#11256=CARTESIAN_POINT('',(-0.10675000009635,0.0170499999678835,0.00823));
#11257=CARTESIAN_POINT('',(-0.107250000064233,0.01705,0.00823));
#11258=CARTESIAN_POINT('',(-0.106750000064233,0.01655,0.00823));
#11259=CARTESIAN_POINT('',(-0.107250000064233,0.02355,0.00823));
#11260=CARTESIAN_POINT('',(-0.107250000064233,0.03005,0.00823));
#11261=CARTESIAN_POINT('',(-0.10675000009635,0.0300500000321165,0.00823));
#11262=CARTESIAN_POINT('',(-0.106750000064233,0.03055,0.00823));
#11263=CARTESIAN_POINT('',(-0.100250000064233,0.03055,0.00823));
#11264=CARTESIAN_POINT('',(-0.0937500000642332,0.03055,0.00823));
#11265=CARTESIAN_POINT('',(-0.0937500000321166,0.0300500000321165,0.00823));
#11266=CARTESIAN_POINT('',(-0.0932500000642332,0.03005,0.00823));
#11267=CARTESIAN_POINT('',(-0.0932500000642332,0.02355,0.00823));
#11268=CARTESIAN_POINT('',(-0.0932500000642332,0.01705,0.00823));
#11269=CARTESIAN_POINT('',(-0.0937500000321166,0.0170499999678835,0.00823));
#11270=CARTESIAN_POINT('',(-0.0937500000642332,0.01655,0.00823));
#11271=CARTESIAN_POINT('',(-0.100250000064233,0.01655,0.00823));
#11272=CARTESIAN_POINT('',(-0.12580000009635,0.0170499999678835,0.00823));
#11273=CARTESIAN_POINT('',(-0.126300000064233,0.01705,0.00823));
#11274=CARTESIAN_POINT('',(-0.125800000064233,0.01655,0.00823));
#11275=CARTESIAN_POINT('',(-0.126300000064233,0.02355,0.00823));
#11276=CARTESIAN_POINT('',(-0.126300000064233,0.03005,0.00823));
#11277=CARTESIAN_POINT('',(-0.12580000009635,0.0300500000321165,0.00823));
#11278=CARTESIAN_POINT('',(-0.125800000064233,0.03055,0.00823));
#11279=CARTESIAN_POINT('',(-0.119300000064233,0.03055,0.00823));
#11280=CARTESIAN_POINT('',(-0.112800000064233,0.03055,0.00823));
#11281=CARTESIAN_POINT('',(-0.112800000032117,0.0300500000321166,0.00823));
#11282=CARTESIAN_POINT('',(-0.112300000064233,0.03005,0.00823));
#11283=CARTESIAN_POINT('',(-0.112300000064233,0.02355,0.00823));
#11284=CARTESIAN_POINT('',(-0.112300000064233,0.01705,0.00823));
#11285=CARTESIAN_POINT('',(-0.112800000032117,0.0170499999678835,0.00823));
#11286=CARTESIAN_POINT('',(-0.112800000064233,0.01655,0.00823));
#11287=CARTESIAN_POINT('',(-0.119300000064233,0.01655,0.00823));
#11288=CARTESIAN_POINT('',(-0.14485000009635,0.0170499999678835,0.00823));
#11289=CARTESIAN_POINT('',(-0.145350000064233,0.01705,0.00823));
#11290=CARTESIAN_POINT('',(-0.144850000064233,0.01655,0.00823));
#11291=CARTESIAN_POINT('',(-0.145350000064233,0.02355,0.00823));
#11292=CARTESIAN_POINT('',(-0.145350000064233,0.03005,0.00823));
#11293=CARTESIAN_POINT('',(-0.14485000009635,0.0300500000321165,0.00823));
#11294=CARTESIAN_POINT('',(-0.144850000064233,0.03055,0.00823));
#11295=CARTESIAN_POINT('',(-0.138350000064233,0.03055,0.00823));
#11296=CARTESIAN_POINT('',(-0.131850000064233,0.03055,0.00823));
#11297=CARTESIAN_POINT('',(-0.131850000032117,0.0300500000321165,0.00823));
#11298=CARTESIAN_POINT('',(-0.131350000064233,0.03005,0.00823));
#11299=CARTESIAN_POINT('',(-0.131350000064233,0.02355,0.00823));
#11300=CARTESIAN_POINT('',(-0.131350000064233,0.01705,0.00823));
#11301=CARTESIAN_POINT('',(-0.131850000032117,0.0170499999678835,0.00823));
#11302=CARTESIAN_POINT('',(-0.131850000064233,0.01655,0.00823));
#11303=CARTESIAN_POINT('',(-0.138350000064233,0.01655,0.00823));
#11304=CARTESIAN_POINT('',(-0.16390000009635,0.0170499999678835,0.00823));
#11305=CARTESIAN_POINT('',(-0.164400000064233,0.01705,0.00823));
#11306=CARTESIAN_POINT('',(-0.163900000064233,0.01655,0.00823));
#11307=CARTESIAN_POINT('',(-0.164400000064233,0.02355,0.00823));
#11308=CARTESIAN_POINT('',(-0.164400000064233,0.03005,0.00823));
#11309=CARTESIAN_POINT('',(-0.16390000009635,0.0300500000321165,0.00823));
#11310=CARTESIAN_POINT('',(-0.163900000064233,0.03055,0.00823));
#11311=CARTESIAN_POINT('',(-0.157400000064233,0.03055,0.00823));
#11312=CARTESIAN_POINT('',(-0.150900000064233,0.03055,0.00823));
#11313=CARTESIAN_POINT('',(-0.150900000032117,0.0300500000321165,0.00823));
#11314=CARTESIAN_POINT('',(-0.150400000064233,0.03005,0.00823));
#11315=CARTESIAN_POINT('',(-0.150400000064233,0.02355,0.00823));
#11316=CARTESIAN_POINT('',(-0.150400000064233,0.01705,0.00823));
#11317=CARTESIAN_POINT('',(-0.150900000032117,0.0170499999678835,0.00823));
#11318=CARTESIAN_POINT('',(-0.150900000064233,0.01655,0.00823));
#11319=CARTESIAN_POINT('',(-0.157400000064233,0.01655,0.00823));
#11320=CARTESIAN_POINT('',(0.,-0.00250624999999993,0.00823));
#11321=CARTESIAN_POINT('',(-0.00673750009634976,-0.0401000000321165,0.00823));
#11322=CARTESIAN_POINT('',(-0.00723750006423321,-0.0401,0.00823));
#11323=CARTESIAN_POINT('',(-0.00723750006423321,-0.0336,0.00823));
#11324=CARTESIAN_POINT('',(-0.00723750006423321,-0.0271,0.00823));
#11325=CARTESIAN_POINT('',(-0.00673750009634977,-0.0270999999678835,0.00823));
#11326=CARTESIAN_POINT('',(0.,-0.00250624999999993,0.00823));
#11327=CARTESIAN_POINT('',(-0.00197500009634976,-0.00200000003211657,0.00823));
#11328=CARTESIAN_POINT('',(-0.0024750000642332,-0.002,0.00823));
#11329=CARTESIAN_POINT('',(-0.0024750000642332,0.0045,0.00823));
#11330=CARTESIAN_POINT('',(-0.0024750000642332,0.011,0.00823));
#11331=CARTESIAN_POINT('',(-0.00197500009634976,0.0110000000321166,0.00823));
#11332=CARTESIAN_POINT('',(0.,-0.00250624999999993,0.00823));
#11333=CARTESIAN_POINT('',(-0.0115000000963498,0.0170499999678835,0.00823));
#11334=CARTESIAN_POINT('',(-0.0120000000642332,0.01705,0.00823));
#11335=CARTESIAN_POINT('',(-0.0120000000642332,0.02355,0.00823));
#11336=CARTESIAN_POINT('',(-0.0120000000642332,0.03005,0.00823));
#11337=CARTESIAN_POINT('',(-0.0115000000963498,0.0300500000321166,0.00823));
#11338=CARTESIAN_POINT('',(0.,-0.00250624999999993,0.00823));
#11339=CARTESIAN_POINT('',(-0.1852875,0.06916875,0.00823));
#11340=CARTESIAN_POINT('',(-0.1892875,0.06916875,0.00823));
#11341=CARTESIAN_POINT('',(-0.1892875,-0.00250624999999993,0.00823));
#11342=CARTESIAN_POINT('',(-0.1892875,-0.07418125,0.00823));
#11343=CARTESIAN_POINT('',(-0.1852875,-0.07418125,0.00823));
#11344=CARTESIAN_POINT('',(-0.1852875,0.06916875,0.00823));
#11345=CARTESIAN_POINT('',(-0.1892875,0.06916875,0.00823));
#11346=CARTESIAN_POINT('',(-0.1892875,-0.00250624999999993,0.00823));
#11347=CARTESIAN_POINT('',(-0.1892875,-0.07418125,0.00823));
#11348=CARTESIAN_POINT('',(-0.0984875000963498,-0.0611500000321166,0.00823));
#11349=CARTESIAN_POINT('',(-0.0989875000642332,-0.06115,0.00823));
#11350=CARTESIAN_POINT('',(-0.0984875000642332,-0.06165,0.00823));
#11351=CARTESIAN_POINT('',(-0.0989875000642332,-0.05415,0.00823));
#11352=CARTESIAN_POINT('',(-0.0989875000642332,-0.04715,0.00823));
#11353=CARTESIAN_POINT('',(-0.0984875000963498,-0.0471499999678834,0.00823));
#11354=CARTESIAN_POINT('',(-0.0984875000642332,-0.04665,0.00823));
#11355=CARTESIAN_POINT('',(-0.0954875000642332,-0.04665,0.00823));
#11356=CARTESIAN_POINT('',(-0.0924875000642332,-0.04665,0.00823));
#11357=CARTESIAN_POINT('',(-0.0924875000321166,-0.0471499999678834,0.00823));
#11358=CARTESIAN_POINT('',(-0.0919875000642332,-0.04715,0.00823));
#11359=CARTESIAN_POINT('',(-0.0919875000642332,-0.05415,0.00823));
#11360=CARTESIAN_POINT('',(-0.0919875000642332,-0.06115,0.00823));
#11361=CARTESIAN_POINT('',(-0.0924875000321167,-0.0611500000321166,0.00823));
#11362=CARTESIAN_POINT('',(-0.0924875000642332,-0.06165,0.00823));
#11363=CARTESIAN_POINT('',(-0.11512450009635,-0.0611500000321166,0.00823));
#11364=CARTESIAN_POINT('',(-0.115624500064233,-0.06115,0.00823));
#11365=CARTESIAN_POINT('',(-0.115124500064233,-0.06165,0.00823));
#11366=CARTESIAN_POINT('',(-0.115624500064233,-0.05415,0.00823));
#11367=CARTESIAN_POINT('',(-0.115624500064233,-0.04715,0.00823));
#11368=CARTESIAN_POINT('',(-0.11512450009635,-0.0471499999678834,0.00823));
#11369=CARTESIAN_POINT('',(-0.115124500064233,-0.04665,0.00823));
#11370=CARTESIAN_POINT('',(-0.112124500064233,-0.04665,0.00823));
#11371=CARTESIAN_POINT('',(-0.109124500064233,-0.04665,0.00823));
#11372=CARTESIAN_POINT('',(-0.109124500032117,-0.0471499999678834,0.00823));
#11373=CARTESIAN_POINT('',(-0.108624500064233,-0.04715,0.00823));
#11374=CARTESIAN_POINT('',(-0.108624500064233,-0.05415,0.00823));
#11375=CARTESIAN_POINT('',(-0.108624500064233,-0.06115,0.00823));
#11376=CARTESIAN_POINT('',(-0.109124500032117,-0.0611500000321166,0.00823));
#11377=CARTESIAN_POINT('',(-0.109124500064233,-0.06165,0.00823));
#11378=CARTESIAN_POINT('',(-0.13900050009635,-0.0611500000321166,0.00823));
#11379=CARTESIAN_POINT('',(-0.139500500064233,-0.06115,0.00823));
#11380=CARTESIAN_POINT('',(-0.139000500064233,-0.06165,0.00823));
#11381=CARTESIAN_POINT('',(-0.139500500064233,-0.05415,0.00823));
#11382=CARTESIAN_POINT('',(-0.139500500064233,-0.04715,0.00823));
#11383=CARTESIAN_POINT('',(-0.13900050009635,-0.0471499999678834,0.00823));
#11384=CARTESIAN_POINT('',(-0.139000500064233,-0.04665,0.00823));
#11385=CARTESIAN_POINT('',(-0.136000500064233,-0.04665,0.00823));
#11386=CARTESIAN_POINT('',(-0.133000500064233,-0.04665,0.00823));
#11387=CARTESIAN_POINT('',(-0.133000500032117,-0.0471499999678834,0.00823));
#11388=CARTESIAN_POINT('',(-0.132500500064233,-0.04715,0.00823));
#11389=CARTESIAN_POINT('',(-0.132500500064233,-0.05415,0.00823));
#11390=CARTESIAN_POINT('',(-0.132500500064233,-0.06115,0.00823));
#11391=CARTESIAN_POINT('',(-0.133000500032117,-0.0611500000321166,0.00823));
#11392=CARTESIAN_POINT('',(-0.133000500064233,-0.06165,0.00823));
#11393=CARTESIAN_POINT('',(-0.13655575009635,-0.0421000000321166,0.00823));
#11394=CARTESIAN_POINT('',(-0.137055750064233,-0.0421,0.00823));
#11395=CARTESIAN_POINT('',(-0.136555750064233,-0.0426,0.00823));
#11396=CARTESIAN_POINT('',(-0.137055750064233,-0.0351,0.00823));
#11397=CARTESIAN_POINT('',(-0.137055750064233,-0.0281,0.00823));
#11398=CARTESIAN_POINT('',(-0.13655575009635,-0.0280999999678834,0.00823));
#11399=CARTESIAN_POINT('',(-0.136555750064233,-0.0276,0.00823));
#11400=CARTESIAN_POINT('',(-0.133555750064233,-0.0276,0.00823));
#11401=CARTESIAN_POINT('',(-0.130555750064233,-0.0276,0.00823));
#11402=CARTESIAN_POINT('',(-0.130555750032117,-0.0280999999678834,0.00823));
#11403=CARTESIAN_POINT('',(-0.130055750064233,-0.0281,0.00823));
#11404=CARTESIAN_POINT('',(-0.130055750064233,-0.0351,0.00823));
#11405=CARTESIAN_POINT('',(-0.130055750064233,-0.0421,0.00823));
#11406=CARTESIAN_POINT('',(-0.130555750032117,-0.0421000000321166,0.00823));
#11407=CARTESIAN_POINT('',(-0.130555750064233,-0.0426,0.00823));
#11408=CARTESIAN_POINT('',(-0.16043175009635,-0.0421000000321166,0.00823));
#11409=CARTESIAN_POINT('',(-0.160931750064233,-0.0421,0.00823));
#11410=CARTESIAN_POINT('',(-0.160431750064233,-0.0426,0.00823));
#11411=CARTESIAN_POINT('',(-0.160931750064233,-0.0351,0.00823));
#11412=CARTESIAN_POINT('',(-0.160931750064233,-0.0281,0.00823));
#11413=CARTESIAN_POINT('',(-0.16043175009635,-0.0280999999678835,0.00823));
#11414=CARTESIAN_POINT('',(-0.160431750064233,-0.0276,0.00823));
#11415=CARTESIAN_POINT('',(-0.157431750064233,-0.0276,0.00823));
#11416=CARTESIAN_POINT('',(-0.154431750064233,-0.0276,0.00823));
#11417=CARTESIAN_POINT('',(-0.154431750032117,-0.0280999999678834,0.00823));
#11418=CARTESIAN_POINT('',(-0.153931750064233,-0.0281,0.00823));
#11419=CARTESIAN_POINT('',(-0.153931750064233,-0.0351,0.00823));
#11420=CARTESIAN_POINT('',(-0.153931750064233,-0.0421,0.00823));
#11421=CARTESIAN_POINT('',(-0.154431750032117,-0.0421000000321166,0.00823));
#11422=CARTESIAN_POINT('',(-0.154431750064233,-0.0426,0.00823));
#11423=CARTESIAN_POINT('',(-0.0448375000963498,-0.0591500000321166,0.00823));
#11424=CARTESIAN_POINT('',(-0.0453375000642332,-0.05915,0.00823));
#11425=CARTESIAN_POINT('',(-0.0448375000642332,-0.05965,0.00823));
#11426=CARTESIAN_POINT('',(-0.0453375000642332,-0.05265,0.00823));
#11427=CARTESIAN_POINT('',(-0.0453375000642332,-0.04615,0.00823));
#11428=CARTESIAN_POINT('',(-0.0448375000963498,-0.0461499999678834,0.00823));
#11429=CARTESIAN_POINT('',(-0.0448375000642332,-0.04565,0.00823));
#11430=CARTESIAN_POINT('',(-0.0383375000642332,-0.04565,0.00823));
#11431=CARTESIAN_POINT('',(-0.0318375000642332,-0.04565,0.00823));
#11432=CARTESIAN_POINT('',(-0.0318375000321166,-0.0461499999678834,0.00823));
#11433=CARTESIAN_POINT('',(-0.0313375000642332,-0.04615,0.00823));
#11434=CARTESIAN_POINT('',(-0.0313375000642332,-0.05265,0.00823));
#11435=CARTESIAN_POINT('',(-0.0313375000642332,-0.05915,0.00823));
#11436=CARTESIAN_POINT('',(-0.0318375000321166,-0.0591500000321166,0.00823));
#11437=CARTESIAN_POINT('',(-0.0318375000642332,-0.05965,0.00823));
#11438=CARTESIAN_POINT('',(-0.13056250009635,-0.0591500000321166,0.00823));
#11439=CARTESIAN_POINT('',(-0.131062500064233,-0.05915,0.00823));
#11440=CARTESIAN_POINT('',(-0.130562500064233,-0.05965,0.00823));
#11441=CARTESIAN_POINT('',(-0.131062500064233,-0.05265,0.00823));
#11442=CARTESIAN_POINT('',(-0.131062500064233,-0.04615,0.00823));
#11443=CARTESIAN_POINT('',(-0.13056250009635,-0.0461499999678834,0.00823));
#11444=CARTESIAN_POINT('',(-0.130562500064233,-0.04565,0.00823));
#11445=CARTESIAN_POINT('',(-0.124062500064233,-0.04565,0.00823));
#11446=CARTESIAN_POINT('',(-0.117562500064233,-0.04565,0.00823));
#11447=CARTESIAN_POINT('',(-0.117562500032117,-0.0461499999678834,0.00823));
#11448=CARTESIAN_POINT('',(-0.117062500064233,-0.04615,0.00823));
#11449=CARTESIAN_POINT('',(-0.117062500064233,-0.05265,0.00823));
#11450=CARTESIAN_POINT('',(-0.117062500064233,-0.05915,0.00823));
#11451=CARTESIAN_POINT('',(-0.117562500032117,-0.0591500000321166,0.00823));
#11452=CARTESIAN_POINT('',(-0.117562500064233,-0.05965,0.00823));
#11453=CARTESIAN_POINT('',(-0.16151875009635,-0.0591500000321166,0.00823));
#11454=CARTESIAN_POINT('',(-0.162018750064233,-0.05915,0.00823));
#11455=CARTESIAN_POINT('',(-0.161518750064233,-0.05965,0.00823));
#11456=CARTESIAN_POINT('',(-0.162018750064233,-0.05265,0.00823));
#11457=CARTESIAN_POINT('',(-0.162018750064233,-0.04615,0.00823));
#11458=CARTESIAN_POINT('',(-0.16151875009635,-0.0461499999678834,0.00823));
#11459=CARTESIAN_POINT('',(-0.161518750064233,-0.04565,0.00823));
#11460=CARTESIAN_POINT('',(-0.155018750064233,-0.04565,0.00823));
#11461=CARTESIAN_POINT('',(-0.148518750064233,-0.04565,0.00823));
#11462=CARTESIAN_POINT('',(-0.148518750032117,-0.0461499999678834,0.00823));
#11463=CARTESIAN_POINT('',(-0.148018750064233,-0.04615,0.00823));
#11464=CARTESIAN_POINT('',(-0.148018750064233,-0.05265,0.00823));
#11465=CARTESIAN_POINT('',(-0.148018750064233,-0.05915,0.00823));
#11466=CARTESIAN_POINT('',(-0.148518750032117,-0.0591500000321166,0.00823));
#11467=CARTESIAN_POINT('',(-0.148518750064233,-0.05965,0.00823));
#11468=CARTESIAN_POINT('',(-0.00673750009634976,-0.0401000000321165,0.00823));
#11469=CARTESIAN_POINT('',(-0.00723750006423321,-0.0401,0.00823));
#11470=CARTESIAN_POINT('',(-0.00723750006423321,-0.0336,0.00823));
#11471=CARTESIAN_POINT('',(-0.00723750006423321,-0.0271,0.00823));
#11472=CARTESIAN_POINT('',(-0.00673750009634977,-0.0270999999678835,0.00823));
#11473=CARTESIAN_POINT('',(-0.0257875000963498,-0.0401000000321165,0.00823));
#11474=CARTESIAN_POINT('',(-0.0262875000642332,-0.0401,0.00823));
#11475=CARTESIAN_POINT('',(-0.0257875000642332,-0.0406,0.00823));
#11476=CARTESIAN_POINT('',(-0.0262875000642332,-0.0336,0.00823));
#11477=CARTESIAN_POINT('',(-0.0262875000642332,-0.0271,0.00823));
#11478=CARTESIAN_POINT('',(-0.0257875000963498,-0.0270999999678835,0.00823));
#11479=CARTESIAN_POINT('',(-0.0257875000642332,-0.0266,0.00823));
#11480=CARTESIAN_POINT('',(-0.0192875000642332,-0.0266,0.00823));
#11481=CARTESIAN_POINT('',(-0.0127875000642332,-0.0266,0.00823));
#11482=CARTESIAN_POINT('',(-0.0127875000321166,-0.0270999999678835,0.00823));
#11483=CARTESIAN_POINT('',(-0.0122875000642332,-0.0271,0.00823));
#11484=CARTESIAN_POINT('',(-0.0122875000642332,-0.0336,0.00823));
#11485=CARTESIAN_POINT('',(-0.0122875000642332,-0.0401,0.00823));
#11486=CARTESIAN_POINT('',(-0.0127875000321167,-0.0401000000321165,0.00823));
#11487=CARTESIAN_POINT('',(-0.0127875000642332,-0.0406,0.00823));
#11488=CARTESIAN_POINT('',(-0.0448375000963497,-0.0401000000321165,0.00823));
#11489=CARTESIAN_POINT('',(-0.0453375000642332,-0.0401,0.00823));
#11490=CARTESIAN_POINT('',(-0.0448375000642332,-0.0406,0.00823));
#11491=CARTESIAN_POINT('',(-0.0453375000642332,-0.0336,0.00823));
#11492=CARTESIAN_POINT('',(-0.0453375000642332,-0.0271,0.00823));
#11493=CARTESIAN_POINT('',(-0.0448375000963498,-0.0270999999678835,0.00823));
#11494=CARTESIAN_POINT('',(-0.0448375000642332,-0.0266,0.00823));
#11495=CARTESIAN_POINT('',(-0.0383375000642332,-0.0266,0.00823));
#11496=CARTESIAN_POINT('',(-0.0318375000642332,-0.0266,0.00823));
#11497=CARTESIAN_POINT('',(-0.0318375000321166,-0.0270999999678835,0.00823));
#11498=CARTESIAN_POINT('',(-0.0313375000642332,-0.0271,0.00823));
#11499=CARTESIAN_POINT('',(-0.0313375000642332,-0.0336,0.00823));
#11500=CARTESIAN_POINT('',(-0.0313375000642332,-0.0401,0.00823));
#11501=CARTESIAN_POINT('',(-0.0318375000321166,-0.0401000000321166,0.00823));
#11502=CARTESIAN_POINT('',(-0.0318375000642332,-0.0406,0.00823));
#11503=CARTESIAN_POINT('',(-0.0638875000963498,-0.0401000000321165,0.00823));
#11504=CARTESIAN_POINT('',(-0.0643875000642332,-0.0401,0.00823));
#11505=CARTESIAN_POINT('',(-0.0638875000642332,-0.0406,0.00823));
#11506=CARTESIAN_POINT('',(-0.0643875000642332,-0.0336,0.00823));
#11507=CARTESIAN_POINT('',(-0.0643875000642332,-0.0271,0.00823));
#11508=CARTESIAN_POINT('',(-0.0638875000963498,-0.0270999999678835,0.00823));
#11509=CARTESIAN_POINT('',(-0.0638875000642332,-0.0266,0.00823));
#11510=CARTESIAN_POINT('',(-0.0573875000642332,-0.0266,0.00823));
#11511=CARTESIAN_POINT('',(-0.0508875000642332,-0.0266,0.00823));
#11512=CARTESIAN_POINT('',(-0.0508875000321166,-0.0270999999678835,0.00823));
#11513=CARTESIAN_POINT('',(-0.0503875000642332,-0.0271,0.00823));
#11514=CARTESIAN_POINT('',(-0.0503875000642332,-0.0336,0.00823));
#11515=CARTESIAN_POINT('',(-0.0503875000642332,-0.0401,0.00823));
#11516=CARTESIAN_POINT('',(-0.0508875000321167,-0.0401000000321166,0.00823));
#11517=CARTESIAN_POINT('',(-0.0508875000642332,-0.0406,0.00823));
#11518=CARTESIAN_POINT('',(-0.0829375000963498,-0.0401000000321165,0.00823));
#11519=CARTESIAN_POINT('',(-0.0834375000642332,-0.0401,0.00823));
#11520=CARTESIAN_POINT('',(-0.0829375000642332,-0.0406,0.00823));
#11521=CARTESIAN_POINT('',(-0.0834375000642332,-0.0336,0.00823));
#11522=CARTESIAN_POINT('',(-0.0834375000642332,-0.0271,0.00823));
#11523=CARTESIAN_POINT('',(-0.0829375000963498,-0.0270999999678834,0.00823));
#11524=CARTESIAN_POINT('',(-0.0829375000642332,-0.0266,0.00823));
#11525=CARTESIAN_POINT('',(-0.0764375000642332,-0.0266,0.00823));
#11526=CARTESIAN_POINT('',(-0.0699375000642332,-0.0266,0.00823));
#11527=CARTESIAN_POINT('',(-0.0699375000321166,-0.0270999999678835,0.00823));
#11528=CARTESIAN_POINT('',(-0.0694375000642332,-0.0271,0.00823));
#11529=CARTESIAN_POINT('',(-0.0694375000642332,-0.0336,0.00823));
#11530=CARTESIAN_POINT('',(-0.0694375000642332,-0.0401,0.00823));
#11531=CARTESIAN_POINT('',(-0.0699375000321166,-0.0401000000321165,0.00823));
#11532=CARTESIAN_POINT('',(-0.0699375000642332,-0.0406,0.00823));
#11533=CARTESIAN_POINT('',(-0.10198750009635,-0.0401000000321165,0.00823));
#11534=CARTESIAN_POINT('',(-0.102487500064233,-0.0401,0.00823));
#11535=CARTESIAN_POINT('',(-0.101987500064233,-0.0406,0.00823));
#11536=CARTESIAN_POINT('',(-0.102487500064233,-0.0336,0.00823));
#11537=CARTESIAN_POINT('',(-0.102487500064233,-0.0271,0.00823));
#11538=CARTESIAN_POINT('',(-0.10198750009635,-0.0270999999678835,0.00823));
#11539=CARTESIAN_POINT('',(-0.101987500064233,-0.0266,0.00823));
#11540=CARTESIAN_POINT('',(-0.0954875000642332,-0.0266,0.00823));
#11541=CARTESIAN_POINT('',(-0.0889875000642332,-0.0266,0.00823));
#11542=CARTESIAN_POINT('',(-0.0889875000321166,-0.0270999999678835,0.00823));
#11543=CARTESIAN_POINT('',(-0.0884875000642332,-0.0271,0.00823));
#11544=CARTESIAN_POINT('',(-0.0884875000642332,-0.0336,0.00823));
#11545=CARTESIAN_POINT('',(-0.0884875000642332,-0.0401,0.00823));
#11546=CARTESIAN_POINT('',(-0.0889875000321167,-0.0401000000321165,0.00823));
#11547=CARTESIAN_POINT('',(-0.0889875000642332,-0.0406,0.00823));
#11548=CARTESIAN_POINT('',(-0.12103750009635,-0.0401000000321165,0.00823));
#11549=CARTESIAN_POINT('',(-0.121537500064233,-0.0401,0.00823));
#11550=CARTESIAN_POINT('',(-0.121037500064233,-0.0406,0.00823));
#11551=CARTESIAN_POINT('',(-0.121537500064233,-0.0336,0.00823));
#11552=CARTESIAN_POINT('',(-0.121537500064233,-0.0271,0.00823));
#11553=CARTESIAN_POINT('',(-0.12103750009635,-0.0270999999678834,0.00823));
#11554=CARTESIAN_POINT('',(-0.121037500064233,-0.0266,0.00823));
#11555=CARTESIAN_POINT('',(-0.114537500064233,-0.0266,0.00823));
#11556=CARTESIAN_POINT('',(-0.108037500064233,-0.0266,0.00823));
#11557=CARTESIAN_POINT('',(-0.108037500032117,-0.0270999999678835,0.00823));
#11558=CARTESIAN_POINT('',(-0.107537500064233,-0.0271,0.00823));
#11559=CARTESIAN_POINT('',(-0.107537500064233,-0.0336,0.00823));
#11560=CARTESIAN_POINT('',(-0.107537500064233,-0.0401,0.00823));
#11561=CARTESIAN_POINT('',(-0.108037500032117,-0.0401000000321165,0.00823));
#11562=CARTESIAN_POINT('',(-0.108037500064233,-0.0406,0.00823));
#11563=CARTESIAN_POINT('',(-0.15199375009635,-0.0401000000321165,0.00823));
#11564=CARTESIAN_POINT('',(-0.152493750064233,-0.0401,0.00823));
#11565=CARTESIAN_POINT('',(-0.151993750064233,-0.0406,0.00823));
#11566=CARTESIAN_POINT('',(-0.152493750064233,-0.0336,0.00823));
#11567=CARTESIAN_POINT('',(-0.152493750064233,-0.0271,0.00823));
#11568=CARTESIAN_POINT('',(-0.15199375009635,-0.0270999999678835,0.00823));
#11569=CARTESIAN_POINT('',(-0.151993750064233,-0.0266,0.00823));
#11570=CARTESIAN_POINT('',(-0.145493750064233,-0.0266,0.00823));
#11571=CARTESIAN_POINT('',(-0.138993750064233,-0.0266,0.00823));
#11572=CARTESIAN_POINT('',(-0.138993750032117,-0.0270999999678835,0.00823));
#11573=CARTESIAN_POINT('',(-0.138493750064233,-0.0271,0.00823));
#11574=CARTESIAN_POINT('',(-0.138493750064233,-0.0336,0.00823));
#11575=CARTESIAN_POINT('',(-0.138493750064233,-0.0401,0.00823));
#11576=CARTESIAN_POINT('',(-0.138993750032117,-0.0401000000321165,0.00823));
#11577=CARTESIAN_POINT('',(-0.138993750064233,-0.0406,0.00823));
#11578=CARTESIAN_POINT('',(-0.0162625000963498,-0.0210500000321165,0.00823));
#11579=CARTESIAN_POINT('',(-0.0167625000642332,-0.02105,0.00823));
#11580=CARTESIAN_POINT('',(-0.0162625000642332,-0.02155,0.00823));
#11581=CARTESIAN_POINT('',(-0.0167625000642332,-0.01455,0.00823));
#11582=CARTESIAN_POINT('',(-0.0167625000642332,-0.00805,0.00823));
#11583=CARTESIAN_POINT('',(-0.0162625000963498,-0.00804999996788344,0.00823));
#11584=CARTESIAN_POINT('',(-0.0162625000642332,-0.00755,0.00823));
#11585=CARTESIAN_POINT('',(-0.00976250006423322,-0.00755,0.00823));
#11586=CARTESIAN_POINT('',(-0.00326250006423323,-0.00755,0.00823));
#11587=CARTESIAN_POINT('',(-0.00326250003211667,-0.00804999996788343,0.00823));
#11588=CARTESIAN_POINT('',(-0.00276250006423324,-0.00805,0.00823));
#11589=CARTESIAN_POINT('',(-0.00276250006423323,-0.01455,0.00823));
#11590=CARTESIAN_POINT('',(-0.00276250006423323,-0.02105,0.00823));
#11591=CARTESIAN_POINT('',(-0.00326250003211667,-0.0210500000321165,0.00823));
#11592=CARTESIAN_POINT('',(-0.00326250006423323,-0.02155,0.00823));
#11593=CARTESIAN_POINT('',(-0.0353125000963498,-0.0210500000321165,0.00823));
#11594=CARTESIAN_POINT('',(-0.0358125000642332,-0.02105,0.00823));
#11595=CARTESIAN_POINT('',(-0.0353125000642332,-0.02155,0.00823));
#11596=CARTESIAN_POINT('',(-0.0358125000642332,-0.01455,0.00823));
#11597=CARTESIAN_POINT('',(-0.0358125000642332,-0.00805,0.00823));
#11598=CARTESIAN_POINT('',(-0.0353125000963498,-0.00804999996788342,0.00823));
#11599=CARTESIAN_POINT('',(-0.0353125000642332,-0.00755,0.00823));
#11600=CARTESIAN_POINT('',(-0.0288125000642332,-0.00755,0.00823));
#11601=CARTESIAN_POINT('',(-0.0223125000642332,-0.00755,0.00823));
#11602=CARTESIAN_POINT('',(-0.0223125000321166,-0.00804999996788343,0.00823));
#11603=CARTESIAN_POINT('',(-0.0218125000642332,-0.00805,0.00823));
#11604=CARTESIAN_POINT('',(-0.0218125000642332,-0.01455,0.00823));
#11605=CARTESIAN_POINT('',(-0.0218125000642332,-0.02105,0.00823));
#11606=CARTESIAN_POINT('',(-0.0223125000321166,-0.0210500000321165,0.00823));
#11607=CARTESIAN_POINT('',(-0.0223125000642332,-0.02155,0.00823));
#11608=CARTESIAN_POINT('',(-0.0543625000963498,-0.0210500000321166,0.00823));
#11609=CARTESIAN_POINT('',(-0.0548625000642332,-0.02105,0.00823));
#11610=CARTESIAN_POINT('',(-0.0543625000642332,-0.02155,0.00823));
#11611=CARTESIAN_POINT('',(-0.0548625000642332,-0.01455,0.00823));
#11612=CARTESIAN_POINT('',(-0.0548625000642332,-0.00805,0.00823));
#11613=CARTESIAN_POINT('',(-0.0543625000963498,-0.00804999996788342,0.00823));
#11614=CARTESIAN_POINT('',(-0.0543625000642332,-0.00755,0.00823));
#11615=CARTESIAN_POINT('',(-0.0478625000642332,-0.00755,0.00823));
#11616=CARTESIAN_POINT('',(-0.0413625000642332,-0.00755,0.00823));
#11617=CARTESIAN_POINT('',(-0.0413625000321167,-0.00804999996788342,0.00823));
#11618=CARTESIAN_POINT('',(-0.0408625000642332,-0.00805,0.00823));
#11619=CARTESIAN_POINT('',(-0.0408625000642332,-0.01455,0.00823));
#11620=CARTESIAN_POINT('',(-0.0408625000642332,-0.02105,0.00823));
#11621=CARTESIAN_POINT('',(-0.0413625000321167,-0.0210500000321165,0.00823));
#11622=CARTESIAN_POINT('',(-0.0413625000642332,-0.02155,0.00823));
#11623=CARTESIAN_POINT('',(-0.0734125000963498,-0.0210500000321165,0.00823));
#11624=CARTESIAN_POINT('',(-0.0739125000642332,-0.02105,0.00823));
#11625=CARTESIAN_POINT('',(-0.0734125000642332,-0.02155,0.00823));
#11626=CARTESIAN_POINT('',(-0.0739125000642332,-0.01455,0.00823));
#11627=CARTESIAN_POINT('',(-0.0739125000642332,-0.00805,0.00823));
#11628=CARTESIAN_POINT('',(-0.0734125000963498,-0.00804999996788344,0.00823));
#11629=CARTESIAN_POINT('',(-0.0734125000642332,-0.00755,0.00823));
#11630=CARTESIAN_POINT('',(-0.0669125000642332,-0.00755,0.00823));
#11631=CARTESIAN_POINT('',(-0.0604125000642332,-0.00755,0.00823));
#11632=CARTESIAN_POINT('',(-0.0604125000321166,-0.00804999996788342,0.00823));
#11633=CARTESIAN_POINT('',(-0.0599125000642332,-0.00805,0.00823));
#11634=CARTESIAN_POINT('',(-0.0599125000642332,-0.01455,0.00823));
#11635=CARTESIAN_POINT('',(-0.0599125000642332,-0.02105,0.00823));
#11636=CARTESIAN_POINT('',(-0.0604125000321166,-0.0210500000321165,0.00823));
#11637=CARTESIAN_POINT('',(-0.0604125000642332,-0.02155,0.00823));
#11638=CARTESIAN_POINT('',(-0.0924625000963498,-0.0210500000321165,0.00823));
#11639=CARTESIAN_POINT('',(-0.0929625000642332,-0.02105,0.00823));
#11640=CARTESIAN_POINT('',(-0.0924625000642332,-0.02155,0.00823));
#11641=CARTESIAN_POINT('',(-0.0929625000642332,-0.01455,0.00823));
#11642=CARTESIAN_POINT('',(-0.0929625000642332,-0.00805,0.00823));
#11643=CARTESIAN_POINT('',(-0.0924625000963498,-0.00804999996788341,0.00823));
#11644=CARTESIAN_POINT('',(-0.0924625000642332,-0.00755,0.00823));
#11645=CARTESIAN_POINT('',(-0.0859625000642332,-0.00755,0.00823));
#11646=CARTESIAN_POINT('',(-0.0794625000642332,-0.00755,0.00823));
#11647=CARTESIAN_POINT('',(-0.0794625000321166,-0.00804999996788344,0.00823));
#11648=CARTESIAN_POINT('',(-0.0789625000642332,-0.00805,0.00823));
#11649=CARTESIAN_POINT('',(-0.0789625000642332,-0.01455,0.00823));
#11650=CARTESIAN_POINT('',(-0.0789625000642332,-0.02105,0.00823));
#11651=CARTESIAN_POINT('',(-0.0794625000321166,-0.0210500000321165,0.00823));
#11652=CARTESIAN_POINT('',(-0.0794625000642332,-0.02155,0.00823));
#11653=CARTESIAN_POINT('',(-0.11151250009635,-0.0210500000321165,0.00823));
#11654=CARTESIAN_POINT('',(-0.112012500064233,-0.02105,0.00823));
#11655=CARTESIAN_POINT('',(-0.111512500064233,-0.02155,0.00823));
#11656=CARTESIAN_POINT('',(-0.112012500064233,-0.01455,0.00823));
#11657=CARTESIAN_POINT('',(-0.112012500064233,-0.00805,0.00823));
#11658=CARTESIAN_POINT('',(-0.11151250009635,-0.00804999996788344,0.00823));
#11659=CARTESIAN_POINT('',(-0.111512500064233,-0.00755,0.00823));
#11660=CARTESIAN_POINT('',(-0.105012500064233,-0.00755,0.00823));
#11661=CARTESIAN_POINT('',(-0.0985125000642332,-0.00755,0.00823));
#11662=CARTESIAN_POINT('',(-0.0985125000321166,-0.00804999996788344,0.00823));
#11663=CARTESIAN_POINT('',(-0.0980125000642332,-0.00805,0.00823));
#11664=CARTESIAN_POINT('',(-0.0980125000642332,-0.01455,0.00823));
#11665=CARTESIAN_POINT('',(-0.0980125000642332,-0.02105,0.00823));
#11666=CARTESIAN_POINT('',(-0.0985125000321166,-0.0210500000321165,0.00823));
#11667=CARTESIAN_POINT('',(-0.0985125000642332,-0.02155,0.00823));
#11668=CARTESIAN_POINT('',(-0.13056250009635,-0.0210500000321165,0.00823));
#11669=CARTESIAN_POINT('',(-0.131062500064233,-0.02105,0.00823));
#11670=CARTESIAN_POINT('',(-0.130562500064233,-0.02155,0.00823));
#11671=CARTESIAN_POINT('',(-0.131062500064233,-0.01455,0.00823));
#11672=CARTESIAN_POINT('',(-0.131062500064233,-0.00805,0.00823));
#11673=CARTESIAN_POINT('',(-0.13056250009635,-0.00804999996788344,0.00823));
#11674=CARTESIAN_POINT('',(-0.130562500064233,-0.00755,0.00823));
#11675=CARTESIAN_POINT('',(-0.124062500064233,-0.00755,0.00823));
#11676=CARTESIAN_POINT('',(-0.117562500064233,-0.00755,0.00823));
#11677=CARTESIAN_POINT('',(-0.117562500032117,-0.00804999996788344,0.00823));
#11678=CARTESIAN_POINT('',(-0.117062500064233,-0.00805,0.00823));
#11679=CARTESIAN_POINT('',(-0.117062500064233,-0.01455,0.00823));
#11680=CARTESIAN_POINT('',(-0.117062500064233,-0.02105,0.00823));
#11681=CARTESIAN_POINT('',(-0.117562500032117,-0.0210500000321165,0.00823));
#11682=CARTESIAN_POINT('',(-0.117562500064233,-0.02155,0.00823));
#11683=CARTESIAN_POINT('',(-0.15675625009635,-0.0210500000321165,0.00823));
#11684=CARTESIAN_POINT('',(-0.157256250064233,-0.02105,0.00823));
#11685=CARTESIAN_POINT('',(-0.156756250064233,-0.02155,0.00823));
#11686=CARTESIAN_POINT('',(-0.157256250064233,-0.01455,0.00823));
#11687=CARTESIAN_POINT('',(-0.157256250064233,-0.00805,0.00823));
#11688=CARTESIAN_POINT('',(-0.15675625009635,-0.00804999996788348,0.00823));
#11689=CARTESIAN_POINT('',(-0.156756250064233,-0.00755,0.00823));
#11690=CARTESIAN_POINT('',(-0.150256250064233,-0.00755,0.00823));
#11691=CARTESIAN_POINT('',(-0.143756250064233,-0.00755,0.00823));
#11692=CARTESIAN_POINT('',(-0.143756250032117,-0.00804999996788339,0.00823));
#11693=CARTESIAN_POINT('',(-0.143256250064233,-0.00805,0.00823));
#11694=CARTESIAN_POINT('',(-0.143256250064233,-0.01455,0.00823));
#11695=CARTESIAN_POINT('',(-0.143256250064233,-0.02105,0.00823));
#11696=CARTESIAN_POINT('',(-0.143756250032117,-0.0210500000321165,0.00823));
#11697=CARTESIAN_POINT('',(-0.143756250064233,-0.02155,0.00823));
#11698=CARTESIAN_POINT('',(-0.00197500009634976,-0.00200000003211657,0.00823));
#11699=CARTESIAN_POINT('',(-0.0024750000642332,-0.002,0.00823));
#11700=CARTESIAN_POINT('',(-0.0024750000642332,0.0045,0.00823));
#11701=CARTESIAN_POINT('',(-0.0024750000642332,0.011,0.00823));
#11702=CARTESIAN_POINT('',(-0.00197500009634976,0.0110000000321166,0.00823));
#11703=CARTESIAN_POINT('',(-0.0210250000963498,-0.00200000003211657,0.00823));
#11704=CARTESIAN_POINT('',(-0.0215250000642332,-0.002,0.00823));
#11705=CARTESIAN_POINT('',(-0.0210250000642332,-0.0025,0.00823));
#11706=CARTESIAN_POINT('',(-0.0215250000642332,0.0045,0.00823));
#11707=CARTESIAN_POINT('',(-0.0215250000642332,0.011,0.00823));
#11708=CARTESIAN_POINT('',(-0.0210250000963498,0.0110000000321166,0.00823));
#11709=CARTESIAN_POINT('',(-0.0210250000642332,0.0115,0.00823));
#11710=CARTESIAN_POINT('',(-0.0145250000642332,0.0115,0.00823));
#11711=CARTESIAN_POINT('',(-0.00802500006423321,0.0115,0.00823));
#11712=CARTESIAN_POINT('',(-0.00802500003211665,0.0110000000321166,0.00823));
#11713=CARTESIAN_POINT('',(-0.00752500006423322,0.011,0.00823));
#11714=CARTESIAN_POINT('',(-0.00752500006423321,0.0045,0.00823));
#11715=CARTESIAN_POINT('',(-0.00752500006423321,-0.002,0.00823));
#11716=CARTESIAN_POINT('',(-0.00802500003211665,-0.00200000003211658,0.00823));
#11717=CARTESIAN_POINT('',(-0.00802500006423321,-0.0025,0.00823));
#11718=CARTESIAN_POINT('',(-0.0400750000963498,-0.00200000003211657,0.00823));
#11719=CARTESIAN_POINT('',(-0.0405750000642332,-0.002,0.00823));
#11720=CARTESIAN_POINT('',(-0.0400750000642332,-0.0025,0.00823));
#11721=CARTESIAN_POINT('',(-0.0405750000642332,0.0045,0.00823));
#11722=CARTESIAN_POINT('',(-0.0405750000642332,0.011,0.00823));
#11723=CARTESIAN_POINT('',(-0.0400750000963498,0.0110000000321166,0.00823));
#11724=CARTESIAN_POINT('',(-0.0400750000642332,0.0115,0.00823));
#11725=CARTESIAN_POINT('',(-0.0335750000642332,0.0115,0.00823));
#11726=CARTESIAN_POINT('',(-0.0270750000642332,0.0115,0.00823));
#11727=CARTESIAN_POINT('',(-0.0270750000321166,0.0110000000321166,0.00823));
#11728=CARTESIAN_POINT('',(-0.0265750000642333,0.011,0.00823));
#11729=CARTESIAN_POINT('',(-0.0265750000642332,0.0045,0.00823));
#11730=CARTESIAN_POINT('',(-0.0265750000642332,-0.002,0.00823));
#11731=CARTESIAN_POINT('',(-0.0270750000321166,-0.00200000003211658,0.00823));
#11732=CARTESIAN_POINT('',(-0.0270750000642332,-0.0025,0.00823));
#11733=CARTESIAN_POINT('',(-0.0591250000963498,-0.00200000003211658,0.00823));
#11734=CARTESIAN_POINT('',(-0.0596250000642332,-0.002,0.00823));
#11735=CARTESIAN_POINT('',(-0.0591250000642332,-0.0025,0.00823));
#11736=CARTESIAN_POINT('',(-0.0596250000642332,0.0045,0.00823));
#11737=CARTESIAN_POINT('',(-0.0596250000642332,0.011,0.00823));
#11738=CARTESIAN_POINT('',(-0.0591250000963498,0.0110000000321166,0.00823));
#11739=CARTESIAN_POINT('',(-0.0591250000642332,0.0115,0.00823));
#11740=CARTESIAN_POINT('',(-0.0526250000642332,0.0115,0.00823));
#11741=CARTESIAN_POINT('',(-0.0461250000642332,0.0115,0.00823));
#11742=CARTESIAN_POINT('',(-0.0461250000321166,0.0110000000321166,0.00823));
#11743=CARTESIAN_POINT('',(-0.0456250000642332,0.011,0.00823));
#11744=CARTESIAN_POINT('',(-0.0456250000642332,0.0045,0.00823));
#11745=CARTESIAN_POINT('',(-0.0456250000642332,-0.002,0.00823));
#11746=CARTESIAN_POINT('',(-0.0461250000321166,-0.00200000003211658,0.00823));
#11747=CARTESIAN_POINT('',(-0.0461250000642332,-0.0025,0.00823));
#11748=CARTESIAN_POINT('',(-0.0781750000963498,-0.00200000003211659,0.00823));
#11749=CARTESIAN_POINT('',(-0.0786750000642332,-0.002,0.00823));
#11750=CARTESIAN_POINT('',(-0.0781750000642332,-0.0025,0.00823));
#11751=CARTESIAN_POINT('',(-0.0786750000642332,0.0045,0.00823));
#11752=CARTESIAN_POINT('',(-0.0786750000642332,0.011,0.00823));
#11753=CARTESIAN_POINT('',(-0.0781750000963498,0.0110000000321166,0.00823));
#11754=CARTESIAN_POINT('',(-0.0781750000642332,0.0115,0.00823));
#11755=CARTESIAN_POINT('',(-0.0716750000642332,0.0115,0.00823));
#11756=CARTESIAN_POINT('',(-0.0651750000642332,0.0115,0.00823));
#11757=CARTESIAN_POINT('',(-0.0651750000321166,0.0110000000321166,0.00823));
#11758=CARTESIAN_POINT('',(-0.0646750000642332,0.011,0.00823));
#11759=CARTESIAN_POINT('',(-0.0646750000642332,0.0045,0.00823));
#11760=CARTESIAN_POINT('',(-0.0646750000642332,-0.002,0.00823));
#11761=CARTESIAN_POINT('',(-0.0651750000321166,-0.00200000003211657,0.00823));
#11762=CARTESIAN_POINT('',(-0.0651750000642332,-0.0025,0.00823));
#11763=CARTESIAN_POINT('',(-0.0972250000963498,-0.00200000003211657,0.00823));
#11764=CARTESIAN_POINT('',(-0.0977250000642332,-0.002,0.00823));
#11765=CARTESIAN_POINT('',(-0.0972250000642332,-0.0025,0.00823));
#11766=CARTESIAN_POINT('',(-0.0977250000642332,0.0045,0.00823));
#11767=CARTESIAN_POINT('',(-0.0977250000642332,0.011,0.00823));
#11768=CARTESIAN_POINT('',(-0.0972250000963498,0.0110000000321166,0.00823));
#11769=CARTESIAN_POINT('',(-0.0972250000642332,0.0115,0.00823));
#11770=CARTESIAN_POINT('',(-0.0907250000642332,0.0115,0.00823));
#11771=CARTESIAN_POINT('',(-0.0842250000642332,0.0115,0.00823));
#11772=CARTESIAN_POINT('',(-0.0842250000321166,0.0110000000321166,0.00823));
#11773=CARTESIAN_POINT('',(-0.0837250000642332,0.011,0.00823));
#11774=CARTESIAN_POINT('',(-0.0837250000642332,0.0045,0.00823));
#11775=CARTESIAN_POINT('',(-0.0837250000642332,-0.002,0.00823));
#11776=CARTESIAN_POINT('',(-0.0842250000321166,-0.00200000003211657,0.00823));
#11777=CARTESIAN_POINT('',(-0.0842250000642332,-0.0025,0.00823));
#11778=CARTESIAN_POINT('',(-0.11627500009635,-0.00200000003211657,0.00823));
#11779=CARTESIAN_POINT('',(-0.116775000064233,-0.002,0.00823));
#11780=CARTESIAN_POINT('',(-0.116275000064233,-0.0025,0.00823));
#11781=CARTESIAN_POINT('',(-0.116775000064233,0.0045,0.00823));
#11782=CARTESIAN_POINT('',(-0.116775000064233,0.011,0.00823));
#11783=CARTESIAN_POINT('',(-0.11627500009635,0.0110000000321166,0.00823));
#11784=CARTESIAN_POINT('',(-0.116275000064233,0.0115,0.00823));
#11785=CARTESIAN_POINT('',(-0.109775000064233,0.0115,0.00823));
#11786=CARTESIAN_POINT('',(-0.103275000064233,0.0115,0.00823));
#11787=CARTESIAN_POINT('',(-0.103275000032117,0.0110000000321166,0.00823));
#11788=CARTESIAN_POINT('',(-0.102775000064233,0.011,0.00823));
#11789=CARTESIAN_POINT('',(-0.102775000064233,0.0045,0.00823));
#11790=CARTESIAN_POINT('',(-0.102775000064233,-0.002,0.00823));
#11791=CARTESIAN_POINT('',(-0.103275000032117,-0.00200000003211657,0.00823));
#11792=CARTESIAN_POINT('',(-0.103275000064233,-0.0025,0.00823));
#11793=CARTESIAN_POINT('',(-0.13532500009635,-0.00200000003211651,0.00823));
#11794=CARTESIAN_POINT('',(-0.135825000064233,-0.002,0.00823));
#11795=CARTESIAN_POINT('',(-0.135325000064233,-0.0025,0.00823));
#11796=CARTESIAN_POINT('',(-0.135825000064233,0.0045,0.00823));
#11797=CARTESIAN_POINT('',(-0.135825000064233,0.011,0.00823));
#11798=CARTESIAN_POINT('',(-0.13532500009635,0.0110000000321166,0.00823));
#11799=CARTESIAN_POINT('',(-0.135325000064233,0.0115,0.00823));
#11800=CARTESIAN_POINT('',(-0.128825000064233,0.0115,0.00823));
#11801=CARTESIAN_POINT('',(-0.122325000064233,0.0115,0.00823));
#11802=CARTESIAN_POINT('',(-0.122325000032117,0.0110000000321166,0.00823));
#11803=CARTESIAN_POINT('',(-0.121825000064233,0.011,0.00823));
#11804=CARTESIAN_POINT('',(-0.121825000064233,0.0045,0.00823));
#11805=CARTESIAN_POINT('',(-0.121825000064233,-0.002,0.00823));
#11806=CARTESIAN_POINT('',(-0.122325000032117,-0.00200000003211659,0.00823));
#11807=CARTESIAN_POINT('',(-0.122325000064233,-0.0025,0.00823));
#11808=CARTESIAN_POINT('',(-0.15913750009635,-0.00200000003211657,0.00823));
#11809=CARTESIAN_POINT('',(-0.159637500064233,-0.002,0.00823));
#11810=CARTESIAN_POINT('',(-0.159137500064233,-0.0025,0.00823));
#11811=CARTESIAN_POINT('',(-0.159637500064233,0.0045,0.00823));
#11812=CARTESIAN_POINT('',(-0.159637500064233,0.011,0.00823));
#11813=CARTESIAN_POINT('',(-0.15913750009635,0.0110000000321166,0.00823));
#11814=CARTESIAN_POINT('',(-0.159137500064233,0.0115,0.00823));
#11815=CARTESIAN_POINT('',(-0.152637500064233,0.0115,0.00823));
#11816=CARTESIAN_POINT('',(-0.146137500064233,0.0115,0.00823));
#11817=CARTESIAN_POINT('',(-0.146137500032117,0.0110000000321166,0.00823));
#11818=CARTESIAN_POINT('',(-0.145637500064233,0.011,0.00823));
#11819=CARTESIAN_POINT('',(-0.145637500064233,0.0045,0.00823));
#11820=CARTESIAN_POINT('',(-0.145637500064233,-0.002,0.00823));
#11821=CARTESIAN_POINT('',(-0.146137500032117,-0.00200000003211657,0.00823));
#11822=CARTESIAN_POINT('',(-0.146137500064233,-0.0025,0.00823));
#11823=CARTESIAN_POINT('',(-0.0115000000963498,0.0170499999678835,0.00823));
#11824=CARTESIAN_POINT('',(-0.0120000000642332,0.01705,0.00823));
#11825=CARTESIAN_POINT('',(-0.0120000000642332,0.02355,0.00823));
#11826=CARTESIAN_POINT('',(-0.0120000000642332,0.03005,0.00823));
#11827=CARTESIAN_POINT('',(-0.0115000000963498,0.0300500000321166,0.00823));
#11828=CARTESIAN_POINT('',(-0.0305500000963498,0.0170499999678835,0.00823));
#11829=CARTESIAN_POINT('',(-0.0310500000642333,0.01705,0.00823));
#11830=CARTESIAN_POINT('',(-0.0305500000642333,0.01655,0.00823));
#11831=CARTESIAN_POINT('',(-0.0310500000642333,0.02355,0.00823));
#11832=CARTESIAN_POINT('',(-0.0310500000642333,0.03005,0.00823));
#11833=CARTESIAN_POINT('',(-0.0305500000963498,0.0300500000321166,0.00823));
#11834=CARTESIAN_POINT('',(-0.0305500000642333,0.03055,0.00823));
#11835=CARTESIAN_POINT('',(-0.0240500000642332,0.03055,0.00823));
#11836=CARTESIAN_POINT('',(-0.0175500000642332,0.03055,0.00823));
#11837=CARTESIAN_POINT('',(-0.0175500000321166,0.0300500000321166,0.00823));
#11838=CARTESIAN_POINT('',(-0.0170500000642332,0.03005,0.00823));
#11839=CARTESIAN_POINT('',(-0.0170500000642332,0.02355,0.00823));
#11840=CARTESIAN_POINT('',(-0.0170500000642332,0.01705,0.00823));
#11841=CARTESIAN_POINT('',(-0.0175500000321166,0.0170499999678835,0.00823));
#11842=CARTESIAN_POINT('',(-0.0175500000642332,0.01655,0.00823));
#11843=CARTESIAN_POINT('',(-0.0496000000963498,0.0170499999678835,0.00823));
#11844=CARTESIAN_POINT('',(-0.0501000000642332,0.01705,0.00823));
#11845=CARTESIAN_POINT('',(-0.0496000000642332,0.01655,0.00823));
#11846=CARTESIAN_POINT('',(-0.0501000000642332,0.02355,0.00823));
#11847=CARTESIAN_POINT('',(-0.0501000000642332,0.03005,0.00823));
#11848=CARTESIAN_POINT('',(-0.0496000000963498,0.0300500000321165,0.00823));
#11849=CARTESIAN_POINT('',(-0.0496000000642332,0.03055,0.00823));
#11850=CARTESIAN_POINT('',(-0.0431000000642332,0.03055,0.00823));
#11851=CARTESIAN_POINT('',(-0.0366000000642332,0.03055,0.00823));
#11852=CARTESIAN_POINT('',(-0.0366000000321167,0.0300500000321166,0.00823));
#11853=CARTESIAN_POINT('',(-0.0361000000642332,0.03005,0.00823));
#11854=CARTESIAN_POINT('',(-0.0361000000642332,0.02355,0.00823));
#11855=CARTESIAN_POINT('',(-0.0361000000642332,0.01705,0.00823));
#11856=CARTESIAN_POINT('',(-0.0366000000321167,0.0170499999678834,0.00823));
#11857=CARTESIAN_POINT('',(-0.0366000000642332,0.01655,0.00823));
#11858=CARTESIAN_POINT('',(-0.0686500000963498,0.0170499999678835,0.00823));
#11859=CARTESIAN_POINT('',(-0.0691500000642332,0.01705,0.00823));
#11860=CARTESIAN_POINT('',(-0.0686500000642332,0.01655,0.00823));
#11861=CARTESIAN_POINT('',(-0.0691500000642332,0.02355,0.00823));
#11862=CARTESIAN_POINT('',(-0.0691500000642332,0.03005,0.00823));
#11863=CARTESIAN_POINT('',(-0.0686500000963498,0.0300500000321165,0.00823));
#11864=CARTESIAN_POINT('',(-0.0686500000642332,0.03055,0.00823));
#11865=CARTESIAN_POINT('',(-0.0621500000642332,0.03055,0.00823));
#11866=CARTESIAN_POINT('',(-0.0556500000642332,0.03055,0.00823));
#11867=CARTESIAN_POINT('',(-0.0556500000321166,0.0300500000321166,0.00823));
#11868=CARTESIAN_POINT('',(-0.0551500000642332,0.03005,0.00823));
#11869=CARTESIAN_POINT('',(-0.0551500000642332,0.02355,0.00823));
#11870=CARTESIAN_POINT('',(-0.0551500000642332,0.01705,0.00823));
#11871=CARTESIAN_POINT('',(-0.0556500000321166,0.0170499999678834,0.00823));
#11872=CARTESIAN_POINT('',(-0.0556500000642332,0.01655,0.00823));
#11873=CARTESIAN_POINT('',(-0.0877000000963498,0.0170499999678835,0.00823));
#11874=CARTESIAN_POINT('',(-0.0882000000642332,0.01705,0.00823));
#11875=CARTESIAN_POINT('',(-0.0877000000642332,0.01655,0.00823));
#11876=CARTESIAN_POINT('',(-0.0882000000642332,0.02355,0.00823));
#11877=CARTESIAN_POINT('',(-0.0882000000642332,0.03005,0.00823));
#11878=CARTESIAN_POINT('',(-0.0877000000963498,0.0300500000321165,0.00823));
#11879=CARTESIAN_POINT('',(-0.0877000000642332,0.03055,0.00823));
#11880=CARTESIAN_POINT('',(-0.0812000000642332,0.03055,0.00823));
#11881=CARTESIAN_POINT('',(-0.0747000000642332,0.03055,0.00823));
#11882=CARTESIAN_POINT('',(-0.0747000000321166,0.0300500000321165,0.00823));
#11883=CARTESIAN_POINT('',(-0.0742000000642332,0.03005,0.00823));
#11884=CARTESIAN_POINT('',(-0.0742000000642332,0.02355,0.00823));
#11885=CARTESIAN_POINT('',(-0.0742000000642332,0.01705,0.00823));
#11886=CARTESIAN_POINT('',(-0.0747000000321166,0.0170499999678835,0.00823));
#11887=CARTESIAN_POINT('',(-0.0747000000642332,0.01655,0.00823));
#11888=CARTESIAN_POINT('',(-0.10675000009635,0.0170499999678835,0.00823));
#11889=CARTESIAN_POINT('',(-0.107250000064233,0.01705,0.00823));
#11890=CARTESIAN_POINT('',(-0.106750000064233,0.01655,0.00823));
#11891=CARTESIAN_POINT('',(-0.107250000064233,0.02355,0.00823));
#11892=CARTESIAN_POINT('',(-0.107250000064233,0.03005,0.00823));
#11893=CARTESIAN_POINT('',(-0.10675000009635,0.0300500000321165,0.00823));
#11894=CARTESIAN_POINT('',(-0.106750000064233,0.03055,0.00823));
#11895=CARTESIAN_POINT('',(-0.100250000064233,0.03055,0.00823));
#11896=CARTESIAN_POINT('',(-0.0937500000642332,0.03055,0.00823));
#11897=CARTESIAN_POINT('',(-0.0937500000321166,0.0300500000321165,0.00823));
#11898=CARTESIAN_POINT('',(-0.0932500000642332,0.03005,0.00823));
#11899=CARTESIAN_POINT('',(-0.0932500000642332,0.02355,0.00823));
#11900=CARTESIAN_POINT('',(-0.0932500000642332,0.01705,0.00823));
#11901=CARTESIAN_POINT('',(-0.0937500000321166,0.0170499999678835,0.00823));
#11902=CARTESIAN_POINT('',(-0.0937500000642332,0.01655,0.00823));
#11903=CARTESIAN_POINT('',(-0.12580000009635,0.0170499999678835,0.00823));
#11904=CARTESIAN_POINT('',(-0.126300000064233,0.01705,0.00823));
#11905=CARTESIAN_POINT('',(-0.125800000064233,0.01655,0.00823));
#11906=CARTESIAN_POINT('',(-0.126300000064233,0.02355,0.00823));
#11907=CARTESIAN_POINT('',(-0.126300000064233,0.03005,0.00823));
#11908=CARTESIAN_POINT('',(-0.12580000009635,0.0300500000321165,0.00823));
#11909=CARTESIAN_POINT('',(-0.125800000064233,0.03055,0.00823));
#11910=CARTESIAN_POINT('',(-0.119300000064233,0.03055,0.00823));
#11911=CARTESIAN_POINT('',(-0.112800000064233,0.03055,0.00823));
#11912=CARTESIAN_POINT('',(-0.112800000032117,0.0300500000321166,0.00823));
#11913=CARTESIAN_POINT('',(-0.112300000064233,0.03005,0.00823));
#11914=CARTESIAN_POINT('',(-0.112300000064233,0.02355,0.00823));
#11915=CARTESIAN_POINT('',(-0.112300000064233,0.01705,0.00823));
#11916=CARTESIAN_POINT('',(-0.112800000032117,0.0170499999678835,0.00823));
#11917=CARTESIAN_POINT('',(-0.112800000064233,0.01655,0.00823));
#11918=CARTESIAN_POINT('',(-0.14485000009635,0.0170499999678835,0.00823));
#11919=CARTESIAN_POINT('',(-0.145350000064233,0.01705,0.00823));
#11920=CARTESIAN_POINT('',(-0.144850000064233,0.01655,0.00823));
#11921=CARTESIAN_POINT('',(-0.145350000064233,0.02355,0.00823));
#11922=CARTESIAN_POINT('',(-0.145350000064233,0.03005,0.00823));
#11923=CARTESIAN_POINT('',(-0.14485000009635,0.0300500000321165,0.00823));
#11924=CARTESIAN_POINT('',(-0.144850000064233,0.03055,0.00823));
#11925=CARTESIAN_POINT('',(-0.138350000064233,0.03055,0.00823));
#11926=CARTESIAN_POINT('',(-0.131850000064233,0.03055,0.00823));
#11927=CARTESIAN_POINT('',(-0.131850000032117,0.0300500000321165,0.00823));
#11928=CARTESIAN_POINT('',(-0.131350000064233,0.03005,0.00823));
#11929=CARTESIAN_POINT('',(-0.131350000064233,0.02355,0.00823));
#11930=CARTESIAN_POINT('',(-0.131350000064233,0.01705,0.00823));
#11931=CARTESIAN_POINT('',(-0.131850000032117,0.0170499999678835,0.00823));
#11932=CARTESIAN_POINT('',(-0.131850000064233,0.01655,0.00823));
#11933=CARTESIAN_POINT('',(-0.16390000009635,0.0170499999678835,0.00823));
#11934=CARTESIAN_POINT('',(-0.164400000064233,0.01705,0.00823));
#11935=CARTESIAN_POINT('',(-0.163900000064233,0.01655,0.00823));
#11936=CARTESIAN_POINT('',(-0.164400000064233,0.02355,0.00823));
#11937=CARTESIAN_POINT('',(-0.164400000064233,0.03005,0.00823));
#11938=CARTESIAN_POINT('',(-0.16390000009635,0.0300500000321165,0.00823));
#11939=CARTESIAN_POINT('',(-0.163900000064233,0.03055,0.00823));
#11940=CARTESIAN_POINT('',(-0.157400000064233,0.03055,0.00823));
#11941=CARTESIAN_POINT('',(-0.150900000064233,0.03055,0.00823));
#11942=CARTESIAN_POINT('',(-0.150900000032117,0.0300500000321165,0.00823));
#11943=CARTESIAN_POINT('',(-0.150400000064233,0.03005,0.00823));
#11944=CARTESIAN_POINT('',(-0.150400000064233,0.02355,0.00823));
#11945=CARTESIAN_POINT('',(-0.150400000064233,0.01705,0.00823));
#11946=CARTESIAN_POINT('',(-0.150900000032117,0.0170499999678835,0.00823));
#11947=CARTESIAN_POINT('',(-0.150900000064233,0.01655,0.00823));
#11948=CARTESIAN_POINT('',(-0.17314375,-0.0620375,0.00823));
#11949=CARTESIAN_POINT('',(-0.17314375,0.057025,0.00823));
#11950=CARTESIAN_POINT('',(-0.1850375,0.06891875,0.00823));
#11951=CARTESIAN_POINT('',(-0.1850375,-0.07393125,0.00823));
#11952=CARTESIAN_POINT('',(-0.0650375,-0.07393125,0.00823));
#11953=CARTESIAN_POINT('',(-0.0650375,0.06891875,0.00823));
#11954=CARTESIAN_POINT('',(-0.0954875000642332,-0.06165,0.00823));
#11955=CARTESIAN_POINT('',(-0.112124500064233,-0.06165,0.00823));
#11956=CARTESIAN_POINT('',(-0.136000500064233,-0.06165,0.00823));
#11957=CARTESIAN_POINT('',(-0.133555750064233,-0.0426,0.00823));
#11958=CARTESIAN_POINT('',(-0.157431750064233,-0.0426,0.00823));
#11959=CARTESIAN_POINT('',(-0.0383375000642332,-0.05965,0.00823));
#11960=CARTESIAN_POINT('',(-0.124062500064233,-0.05965,0.00823));
#11961=CARTESIAN_POINT('',(-0.155018750064233,-0.05965,0.00823));
#11962=CARTESIAN_POINT('',(-0.0192875000642332,-0.0406,0.00823));
#11963=CARTESIAN_POINT('',(-0.0383375000642332,-0.0406,0.00823));
#11964=CARTESIAN_POINT('',(-0.0573875000642332,-0.0406,0.00823));
#11965=CARTESIAN_POINT('',(-0.0764375000642332,-0.0406,0.00823));
#11966=CARTESIAN_POINT('',(-0.0954875000642332,-0.0406,0.00823));
#11967=CARTESIAN_POINT('',(-0.114537500064233,-0.0406,0.00823));
#11968=CARTESIAN_POINT('',(-0.145493750064233,-0.0406,0.00823));
#11969=CARTESIAN_POINT('',(-0.00976250006423322,-0.02155,0.00823));
#11970=CARTESIAN_POINT('',(-0.0288125000642332,-0.02155,0.00823));
#11971=CARTESIAN_POINT('',(-0.0478625000642332,-0.02155,0.00823));
#11972=CARTESIAN_POINT('',(-0.0669125000642332,-0.02155,0.00823));
#11973=CARTESIAN_POINT('',(-0.0859625000642332,-0.02155,0.00823));
#11974=CARTESIAN_POINT('',(-0.105012500064233,-0.02155,0.00823));
#11975=CARTESIAN_POINT('',(-0.124062500064233,-0.02155,0.00823));
#11976=CARTESIAN_POINT('',(-0.150256250064233,-0.02155,0.00823));
#11977=CARTESIAN_POINT('',(-0.0145250000642332,-0.0025,0.00823));
#11978=CARTESIAN_POINT('',(-0.0335750000642332,-0.0025,0.00823));
#11979=CARTESIAN_POINT('',(-0.0526250000642332,-0.0025,0.00823));
#11980=CARTESIAN_POINT('',(-0.0716750000642332,-0.0025,0.00823));
#11981=CARTESIAN_POINT('',(-0.0907250000642332,-0.0025,0.00823));
#11982=CARTESIAN_POINT('',(-0.109775000064233,-0.0025,0.00823));
#11983=CARTESIAN_POINT('',(-0.128825000064233,-0.0025,0.00823));
#11984=CARTESIAN_POINT('',(-0.152637500064233,-0.0025,0.00823));
#11985=CARTESIAN_POINT('',(-0.0240500000642332,0.01655,0.00823));
#11986=CARTESIAN_POINT('',(-0.0431000000642332,0.01655,0.00823));
#11987=CARTESIAN_POINT('',(-0.0621500000642332,0.01655,0.00823));
#11988=CARTESIAN_POINT('',(-0.0812000000642332,0.01655,0.00823));
#11989=CARTESIAN_POINT('',(-0.100250000064233,0.01655,0.00823));
#11990=CARTESIAN_POINT('',(-0.119300000064233,0.01655,0.00823));
#11991=CARTESIAN_POINT('',(-0.138350000064233,0.01655,0.00823));
#11992=CARTESIAN_POINT('',(-0.157400000064233,0.01655,0.00823));
#11993=CARTESIAN_POINT('',(-0.1852875,-0.07418125,0.00823));
#11994=CARTESIAN_POINT('',(0.,0.,0.));
#11995=CARTESIAN_POINT('',(0.,0.03816875,0.00523));
#11996=CARTESIAN_POINT('',(0.,0.03816875,0.00623));
#11997=CARTESIAN_POINT('',(0.,0.05566875,0.00623));
#11998=CARTESIAN_POINT('',(0.,0.,0.));
#11999=CARTESIAN_POINT('',(0.,0.,0.));
#12000=CARTESIAN_POINT('',(0.,0.,0.));
#12001=CARTESIAN_POINT('',(0.,-0.06068125,0.00623));
#12002=CARTESIAN_POINT('',(0.,-0.04318125,0.00623));
#12003=CARTESIAN_POINT('',(0.,-0.04318125,0.00523));
#12004=CARTESIAN_POINT('',(-0.025,0.03816875,0.00523));
#12005=CARTESIAN_POINT('',(-0.025,0.03816875,0.00523));
#12006=CARTESIAN_POINT('',(-0.025,0.03816875,0.00623));
#12007=CARTESIAN_POINT('',(-0.025,0.03816875,0.00623));
#12008=CARTESIAN_POINT('',(-0.025,0.05566875,0.00623));
#12009=CARTESIAN_POINT('',(-0.025,0.05566875,0.00623));
#12010=CARTESIAN_POINT('',(-0.025,-0.00250624999999993,0.00623));
#12011=CARTESIAN_POINT('',(-0.025,-0.06068125,0.00623));
#12012=CARTESIAN_POINT('',(-0.025,-0.06068125,0.00623));
#12013=CARTESIAN_POINT('',(-0.025,-0.04318125,0.00623));
#12014=CARTESIAN_POINT('',(-0.025,-0.04318125,0.00623));
#12015=CARTESIAN_POINT('',(-0.025,-0.04318125,0.00523));
#12016=CARTESIAN_POINT('',(-0.025,-0.04318125,0.00523));
#12017=CARTESIAN_POINT('',(-0.025,-0.00250624999999993,0.00623));
#12018=MECHANICAL_DESIGN_GEOMETRIC_PRESENTATION_REPRESENTATION('',(#7151),
#12019);
#12019=(
GEOMETRIC_REPRESENTATION_CONTEXT(3)
GLOBAL_UNCERTAINTY_ASSIGNED_CONTEXT((#12020))
GLOBAL_UNIT_ASSIGNED_CONTEXT((#12023,#12022,#12021))
REPRESENTATION_CONTEXT('Plate_Left','TOP_LEVEL_ASSEMBLY_PART')
);
#12020=UNCERTAINTY_MEASURE_WITH_UNIT(LENGTH_MEASURE(1.E-8),#12023,
'DISTANCE_ACCURACY_VALUE','Maximum Tolerance applied to model');
#12021=(
NAMED_UNIT(*)
SI_UNIT($,.STERADIAN.)
SOLID_ANGLE_UNIT()
);
#12022=(
NAMED_UNIT(*)
PLANE_ANGLE_UNIT()
SI_UNIT($,.RADIAN.)
);
#12023=(
LENGTH_UNIT()
NAMED_UNIT(*)
SI_UNIT($,.METRE.)
);
#12024=PRODUCT_DEFINITION_SHAPE('','',#12025);
#12025=PRODUCT_DEFINITION('','',#12027,#12026);
#12026=PRODUCT_DEFINITION_CONTEXT('',#12033,'design');
#12027=PRODUCT_DEFINITION_FORMATION_WITH_SPECIFIED_SOURCE('','',#12029,
 .NOT_KNOWN.);
#12028=PRODUCT_RELATED_PRODUCT_CATEGORY('','',(#12029));
#12029=PRODUCT('Plate_Left','Plate_Left','Plate_Left',(#12031));
#12030=PRODUCT_CATEGORY('','');
#12031=PRODUCT_CONTEXT('',#12033,'mechanical');
#12032=APPLICATION_PROTOCOL_DEFINITION('international standard',
'ap242_managed_model_based_3d_engineering',2020,#12033);
#12033=APPLICATION_CONTEXT('managed model based 3d engineering');
ENDSEC;
END-ISO-10303-21;
