ISO-10303-21;
HEADER;
/* Generated by software containing ST-Developer
 * from STEP Tools, Inc. (www.steptools.com) 
 */
/* OPTION: using custom renumber hook */

FILE_DESCRIPTION(
/* description */ ('STEP AP242 Edition 2',
'CAx-IF Rec.Pracs.---Representation and Presentation of Product Manufa
cturing Information (PMI)---4.0---2014-10-13',
'CAx-IF Rec.Pracs.---3D Tessellated Geometry---0.4---2014-09-14','2;1',
'CAx-IF Rec.Pracs.---User Defined Attributes---1.5---2016-08-15'),
/* implementation_level */ '2;1');

FILE_NAME(
/* name */ 'Keeb - Plate_Right',
/* time_stamp */ '2026-08-24T16:06:01Z',
/* author */ (''),
/* organization */ (''),
/* preprocessor_version */ 'ST-DEVELOPER v20',
/* originating_system */ 'ONSHAPE BY PTC INC, 1.219',
/* authorisation */ '  ');

FILE_SCHEMA (('AP242_MANAGED_MODEL_BASED_3D_ENGINEERING_MIM_LF { 1 0 10303 442 3 1 4 }'));
ENDSEC;

DATA;
#10=SHAPE_REPRESENTATION_RELATIONSHIP('','',#5887,#11);
#11=ADVANCED_BREP_SHAPE_REPRESENTATION('',(#5885),#9873);
#12=LINE('',#8191,#588);
#13=LINE('',#8194,#589);
#14=LINE('',#8196,#590);
#15=LINE('',#8198,#591);
#16=LINE('',#8202,#592);
#17=LINE('',#8206,#593);
#18=LINE('',#8208,#594);
#19=LINE('',#8210,#595);
#20=LINE('',#8214,#596);
#21=LINE('',#8218,#597);
#22=LINE('',#8220,#598);
#23=LINE('',#8222,#599);
#24=LINE('',#8226,#600);
#25=LINE('',#8230,#601);
#26=LINE('',#8232,#602);
#27=LINE('',#8234,#603);
#28=LINE('',#8239,#604);
#29=LINE('',#8242,#605);
#30=LINE('',#8244,#606);
#31=LINE('',#8246,#607);
#32=LINE('',#8250,#608);
#33=LINE('',#8254,#609);
#34=LINE('',#8256,#610);
#35=LINE('',#8258,#611);
#36=LINE('',#8262,#612);
#37=LINE('',#8266,#613);
#38=LINE('',#8268,#614);
#39=LINE('',#8270,#615);
#40=LINE('',#8274,#616);
#41=LINE('',#8278,#617);
#42=LINE('',#8280,#618);
#43=LINE('',#8282,#619);
#44=LINE('',#8287,#620);
#45=LINE('',#8290,#621);
#46=LINE('',#8292,#622);
#47=LINE('',#8294,#623);
#48=LINE('',#8298,#624);
#49=LINE('',#8302,#625);
#50=LINE('',#8304,#626);
#51=LINE('',#8306,#627);
#52=LINE('',#8310,#628);
#53=LINE('',#8314,#629);
#54=LINE('',#8316,#630);
#55=LINE('',#8318,#631);
#56=LINE('',#8322,#632);
#57=LINE('',#8326,#633);
#58=LINE('',#8328,#634);
#59=LINE('',#8330,#635);
#60=LINE('',#8335,#636);
#61=LINE('',#8338,#637);
#62=LINE('',#8340,#638);
#63=LINE('',#8342,#639);
#64=LINE('',#8346,#640);
#65=LINE('',#8350,#641);
#66=LINE('',#8352,#642);
#67=LINE('',#8354,#643);
#68=LINE('',#8358,#644);
#69=LINE('',#8362,#645);
#70=LINE('',#8364,#646);
#71=LINE('',#8366,#647);
#72=LINE('',#8370,#648);
#73=LINE('',#8374,#649);
#74=LINE('',#8376,#650);
#75=LINE('',#8378,#651);
#76=LINE('',#8383,#652);
#77=LINE('',#8386,#653);
#78=LINE('',#8388,#654);
#79=LINE('',#8390,#655);
#80=LINE('',#8394,#656);
#81=LINE('',#8398,#657);
#82=LINE('',#8400,#658);
#83=LINE('',#8402,#659);
#84=LINE('',#8406,#660);
#85=LINE('',#8410,#661);
#86=LINE('',#8412,#662);
#87=LINE('',#8414,#663);
#88=LINE('',#8418,#664);
#89=LINE('',#8422,#665);
#90=LINE('',#8424,#666);
#91=LINE('',#8426,#667);
#92=LINE('',#8431,#668);
#93=LINE('',#8434,#669);
#94=LINE('',#8436,#670);
#95=LINE('',#8438,#671);
#96=LINE('',#8442,#672);
#97=LINE('',#8446,#673);
#98=LINE('',#8448,#674);
#99=LINE('',#8450,#675);
#100=LINE('',#8454,#676);
#101=LINE('',#8458,#677);
#102=LINE('',#8460,#678);
#103=LINE('',#8462,#679);
#104=LINE('',#8466,#680);
#105=LINE('',#8470,#681);
#106=LINE('',#8472,#682);
#107=LINE('',#8474,#683);
#108=LINE('',#8479,#684);
#109=LINE('',#8482,#685);
#110=LINE('',#8484,#686);
#111=LINE('',#8486,#687);
#112=LINE('',#8490,#688);
#113=LINE('',#8494,#689);
#114=LINE('',#8496,#690);
#115=LINE('',#8498,#691);
#116=LINE('',#8502,#692);
#117=LINE('',#8506,#693);
#118=LINE('',#8508,#694);
#119=LINE('',#8510,#695);
#120=LINE('',#8514,#696);
#121=LINE('',#8518,#697);
#122=LINE('',#8520,#698);
#123=LINE('',#8522,#699);
#124=LINE('',#8527,#700);
#125=LINE('',#8530,#701);
#126=LINE('',#8532,#702);
#127=LINE('',#8534,#703);
#128=LINE('',#8538,#704);
#129=LINE('',#8542,#705);
#130=LINE('',#8544,#706);
#131=LINE('',#8546,#707);
#132=LINE('',#8550,#708);
#133=LINE('',#8554,#709);
#134=LINE('',#8556,#710);
#135=LINE('',#8558,#711);
#136=LINE('',#8562,#712);
#137=LINE('',#8566,#713);
#138=LINE('',#8568,#714);
#139=LINE('',#8570,#715);
#140=LINE('',#8575,#716);
#141=LINE('',#8578,#717);
#142=LINE('',#8580,#718);
#143=LINE('',#8582,#719);
#144=LINE('',#8586,#720);
#145=LINE('',#8590,#721);
#146=LINE('',#8592,#722);
#147=LINE('',#8594,#723);
#148=LINE('',#8598,#724);
#149=LINE('',#8602,#725);
#150=LINE('',#8604,#726);
#151=LINE('',#8606,#727);
#152=LINE('',#8610,#728);
#153=LINE('',#8614,#729);
#154=LINE('',#8616,#730);
#155=LINE('',#8618,#731);
#156=LINE('',#8623,#732);
#157=LINE('',#8626,#733);
#158=LINE('',#8628,#734);
#159=LINE('',#8630,#735);
#160=LINE('',#8634,#736);
#161=LINE('',#8638,#737);
#162=LINE('',#8640,#738);
#163=LINE('',#8642,#739);
#164=LINE('',#8646,#740);
#165=LINE('',#8650,#741);
#166=LINE('',#8652,#742);
#167=LINE('',#8654,#743);
#168=LINE('',#8658,#744);
#169=LINE('',#8662,#745);
#170=LINE('',#8664,#746);
#171=LINE('',#8666,#747);
#172=LINE('',#8671,#748);
#173=LINE('',#8674,#749);
#174=LINE('',#8676,#750);
#175=LINE('',#8678,#751);
#176=LINE('',#8682,#752);
#177=LINE('',#8686,#753);
#178=LINE('',#8688,#754);
#179=LINE('',#8690,#755);
#180=LINE('',#8694,#756);
#181=LINE('',#8698,#757);
#182=LINE('',#8700,#758);
#183=LINE('',#8702,#759);
#184=LINE('',#8706,#760);
#185=LINE('',#8710,#761);
#186=LINE('',#8712,#762);
#187=LINE('',#8714,#763);
#188=LINE('',#8719,#764);
#189=LINE('',#8722,#765);
#190=LINE('',#8724,#766);
#191=LINE('',#8726,#767);
#192=LINE('',#8730,#768);
#193=LINE('',#8734,#769);
#194=LINE('',#8736,#770);
#195=LINE('',#8738,#771);
#196=LINE('',#8742,#772);
#197=LINE('',#8746,#773);
#198=LINE('',#8748,#774);
#199=LINE('',#8750,#775);
#200=LINE('',#8754,#776);
#201=LINE('',#8758,#777);
#202=LINE('',#8760,#778);
#203=LINE('',#8762,#779);
#204=LINE('',#8767,#780);
#205=LINE('',#8770,#781);
#206=LINE('',#8772,#782);
#207=LINE('',#8774,#783);
#208=LINE('',#8778,#784);
#209=LINE('',#8782,#785);
#210=LINE('',#8784,#786);
#211=LINE('',#8786,#787);
#212=LINE('',#8790,#788);
#213=LINE('',#8794,#789);
#214=LINE('',#8796,#790);
#215=LINE('',#8798,#791);
#216=LINE('',#8802,#792);
#217=LINE('',#8806,#793);
#218=LINE('',#8808,#794);
#219=LINE('',#8810,#795);
#220=LINE('',#8815,#796);
#221=LINE('',#8818,#797);
#222=LINE('',#8820,#798);
#223=LINE('',#8822,#799);
#224=LINE('',#8826,#800);
#225=LINE('',#8830,#801);
#226=LINE('',#8832,#802);
#227=LINE('',#8834,#803);
#228=LINE('',#8838,#804);
#229=LINE('',#8842,#805);
#230=LINE('',#8844,#806);
#231=LINE('',#8846,#807);
#232=LINE('',#8850,#808);
#233=LINE('',#8854,#809);
#234=LINE('',#8856,#810);
#235=LINE('',#8858,#811);
#236=LINE('',#8863,#812);
#237=LINE('',#8866,#813);
#238=LINE('',#8868,#814);
#239=LINE('',#8870,#815);
#240=LINE('',#8874,#816);
#241=LINE('',#8878,#817);
#242=LINE('',#8880,#818);
#243=LINE('',#8882,#819);
#244=LINE('',#8886,#820);
#245=LINE('',#8890,#821);
#246=LINE('',#8892,#822);
#247=LINE('',#8894,#823);
#248=LINE('',#8898,#824);
#249=LINE('',#8902,#825);
#250=LINE('',#8904,#826);
#251=LINE('',#8906,#827);
#252=LINE('',#8914,#828);
#253=LINE('',#8918,#829);
#254=LINE('',#8920,#830);
#255=LINE('',#8923,#831);
#256=LINE('',#8924,#832);
#257=LINE('',#8926,#833);
#258=LINE('',#8928,#834);
#259=LINE('',#8930,#835);
#260=LINE('',#8936,#836);
#261=LINE('',#8938,#837);
#262=LINE('',#8940,#838);
#263=LINE('',#8942,#839);
#264=LINE('',#8948,#840);
#265=LINE('',#8950,#841);
#266=LINE('',#8952,#842);
#267=LINE('',#8954,#843);
#268=LINE('',#8960,#844);
#269=LINE('',#8962,#845);
#270=LINE('',#8964,#846);
#271=LINE('',#8966,#847);
#272=LINE('',#8972,#848);
#273=LINE('',#8974,#849);
#274=LINE('',#8976,#850);
#275=LINE('',#8978,#851);
#276=LINE('',#8980,#852);
#277=LINE('',#8982,#853);
#278=LINE('',#8984,#854);
#279=LINE('',#8988,#855);
#280=LINE('',#8995,#856);
#281=LINE('',#8999,#857);
#282=LINE('',#9001,#858);
#283=LINE('',#9003,#859);
#284=LINE('',#9005,#860);
#285=LINE('',#9009,#861);
#286=LINE('',#9016,#862);
#287=LINE('',#9020,#863);
#288=LINE('',#9022,#864);
#289=LINE('',#9024,#865);
#290=LINE('',#9026,#866);
#291=LINE('',#9030,#867);
#292=LINE('',#9037,#868);
#293=LINE('',#9041,#869);
#294=LINE('',#9043,#870);
#295=LINE('',#9045,#871);
#296=LINE('',#9047,#872);
#297=LINE('',#9051,#873);
#298=LINE('',#9055,#874);
#299=LINE('',#9058,#875);
#300=LINE('',#9060,#876);
#301=LINE('',#9062,#877);
#302=LINE('',#9066,#878);
#303=LINE('',#9070,#879);
#304=LINE('',#9072,#880);
#305=LINE('',#9074,#881);
#306=LINE('',#9078,#882);
#307=LINE('',#9082,#883);
#308=LINE('',#9084,#884);
#309=LINE('',#9086,#885);
#310=LINE('',#9090,#886);
#311=LINE('',#9094,#887);
#312=LINE('',#9096,#888);
#313=LINE('',#9098,#889);
#314=LINE('',#9103,#890);
#315=LINE('',#9106,#891);
#316=LINE('',#9108,#892);
#317=LINE('',#9110,#893);
#318=LINE('',#9114,#894);
#319=LINE('',#9118,#895);
#320=LINE('',#9120,#896);
#321=LINE('',#9122,#897);
#322=LINE('',#9126,#898);
#323=LINE('',#9130,#899);
#324=LINE('',#9132,#900);
#325=LINE('',#9134,#901);
#326=LINE('',#9138,#902);
#327=LINE('',#9142,#903);
#328=LINE('',#9144,#904);
#329=LINE('',#9146,#905);
#330=LINE('',#9151,#906);
#331=LINE('',#9154,#907);
#332=LINE('',#9156,#908);
#333=LINE('',#9158,#909);
#334=LINE('',#9162,#910);
#335=LINE('',#9166,#911);
#336=LINE('',#9168,#912);
#337=LINE('',#9170,#913);
#338=LINE('',#9174,#914);
#339=LINE('',#9178,#915);
#340=LINE('',#9180,#916);
#341=LINE('',#9182,#917);
#342=LINE('',#9186,#918);
#343=LINE('',#9190,#919);
#344=LINE('',#9192,#920);
#345=LINE('',#9194,#921);
#346=LINE('',#9199,#922);
#347=LINE('',#9202,#923);
#348=LINE('',#9204,#924);
#349=LINE('',#9206,#925);
#350=LINE('',#9210,#926);
#351=LINE('',#9214,#927);
#352=LINE('',#9216,#928);
#353=LINE('',#9218,#929);
#354=LINE('',#9222,#930);
#355=LINE('',#9226,#931);
#356=LINE('',#9228,#932);
#357=LINE('',#9230,#933);
#358=LINE('',#9234,#934);
#359=LINE('',#9238,#935);
#360=LINE('',#9240,#936);
#361=LINE('',#9242,#937);
#362=LINE('',#9247,#938);
#363=LINE('',#9250,#939);
#364=LINE('',#9252,#940);
#365=LINE('',#9254,#941);
#366=LINE('',#9258,#942);
#367=LINE('',#9262,#943);
#368=LINE('',#9264,#944);
#369=LINE('',#9266,#945);
#370=LINE('',#9270,#946);
#371=LINE('',#9274,#947);
#372=LINE('',#9276,#948);
#373=LINE('',#9278,#949);
#374=LINE('',#9282,#950);
#375=LINE('',#9286,#951);
#376=LINE('',#9288,#952);
#377=LINE('',#9290,#953);
#378=LINE('',#9295,#954);
#379=LINE('',#9298,#955);
#380=LINE('',#9300,#956);
#381=LINE('',#9302,#957);
#382=LINE('',#9306,#958);
#383=LINE('',#9310,#959);
#384=LINE('',#9312,#960);
#385=LINE('',#9314,#961);
#386=LINE('',#9318,#962);
#387=LINE('',#9322,#963);
#388=LINE('',#9324,#964);
#389=LINE('',#9326,#965);
#390=LINE('',#9330,#966);
#391=LINE('',#9334,#967);
#392=LINE('',#9336,#968);
#393=LINE('',#9338,#969);
#394=LINE('',#9343,#970);
#395=LINE('',#9346,#971);
#396=LINE('',#9348,#972);
#397=LINE('',#9350,#973);
#398=LINE('',#9354,#974);
#399=LINE('',#9358,#975);
#400=LINE('',#9360,#976);
#401=LINE('',#9362,#977);
#402=LINE('',#9366,#978);
#403=LINE('',#9370,#979);
#404=LINE('',#9372,#980);
#405=LINE('',#9374,#981);
#406=LINE('',#9378,#982);
#407=LINE('',#9382,#983);
#408=LINE('',#9384,#984);
#409=LINE('',#9386,#985);
#410=LINE('',#9391,#986);
#411=LINE('',#9394,#987);
#412=LINE('',#9396,#988);
#413=LINE('',#9398,#989);
#414=LINE('',#9402,#990);
#415=LINE('',#9406,#991);
#416=LINE('',#9408,#992);
#417=LINE('',#9410,#993);
#418=LINE('',#9414,#994);
#419=LINE('',#9418,#995);
#420=LINE('',#9420,#996);
#421=LINE('',#9422,#997);
#422=LINE('',#9426,#998);
#423=LINE('',#9430,#999);
#424=LINE('',#9432,#1000);
#425=LINE('',#9434,#1001);
#426=LINE('',#9439,#1002);
#427=LINE('',#9442,#1003);
#428=LINE('',#9444,#1004);
#429=LINE('',#9446,#1005);
#430=LINE('',#9450,#1006);
#431=LINE('',#9454,#1007);
#432=LINE('',#9456,#1008);
#433=LINE('',#9458,#1009);
#434=LINE('',#9462,#1010);
#435=LINE('',#9466,#1011);
#436=LINE('',#9468,#1012);
#437=LINE('',#9470,#1013);
#438=LINE('',#9474,#1014);
#439=LINE('',#9478,#1015);
#440=LINE('',#9480,#1016);
#441=LINE('',#9482,#1017);
#442=LINE('',#9487,#1018);
#443=LINE('',#9490,#1019);
#444=LINE('',#9492,#1020);
#445=LINE('',#9494,#1021);
#446=LINE('',#9498,#1022);
#447=LINE('',#9502,#1023);
#448=LINE('',#9504,#1024);
#449=LINE('',#9506,#1025);
#450=LINE('',#9510,#1026);
#451=LINE('',#9514,#1027);
#452=LINE('',#9516,#1028);
#453=LINE('',#9518,#1029);
#454=LINE('',#9522,#1030);
#455=LINE('',#9526,#1031);
#456=LINE('',#9528,#1032);
#457=LINE('',#9530,#1033);
#458=LINE('',#9535,#1034);
#459=LINE('',#9538,#1035);
#460=LINE('',#9540,#1036);
#461=LINE('',#9542,#1037);
#462=LINE('',#9546,#1038);
#463=LINE('',#9550,#1039);
#464=LINE('',#9552,#1040);
#465=LINE('',#9554,#1041);
#466=LINE('',#9558,#1042);
#467=LINE('',#9562,#1043);
#468=LINE('',#9564,#1044);
#469=LINE('',#9566,#1045);
#470=LINE('',#9570,#1046);
#471=LINE('',#9574,#1047);
#472=LINE('',#9576,#1048);
#473=LINE('',#9578,#1049);
#474=LINE('',#9583,#1050);
#475=LINE('',#9586,#1051);
#476=LINE('',#9588,#1052);
#477=LINE('',#9590,#1053);
#478=LINE('',#9594,#1054);
#479=LINE('',#9598,#1055);
#480=LINE('',#9600,#1056);
#481=LINE('',#9602,#1057);
#482=LINE('',#9606,#1058);
#483=LINE('',#9610,#1059);
#484=LINE('',#9612,#1060);
#485=LINE('',#9614,#1061);
#486=LINE('',#9618,#1062);
#487=LINE('',#9622,#1063);
#488=LINE('',#9624,#1064);
#489=LINE('',#9626,#1065);
#490=LINE('',#9631,#1066);
#491=LINE('',#9634,#1067);
#492=LINE('',#9636,#1068);
#493=LINE('',#9638,#1069);
#494=LINE('',#9642,#1070);
#495=LINE('',#9646,#1071);
#496=LINE('',#9648,#1072);
#497=LINE('',#9650,#1073);
#498=LINE('',#9654,#1074);
#499=LINE('',#9658,#1075);
#500=LINE('',#9660,#1076);
#501=LINE('',#9662,#1077);
#502=LINE('',#9666,#1078);
#503=LINE('',#9670,#1079);
#504=LINE('',#9672,#1080);
#505=LINE('',#9674,#1081);
#506=LINE('',#9679,#1082);
#507=LINE('',#9682,#1083);
#508=LINE('',#9684,#1084);
#509=LINE('',#9686,#1085);
#510=LINE('',#9690,#1086);
#511=LINE('',#9694,#1087);
#512=LINE('',#9696,#1088);
#513=LINE('',#9698,#1089);
#514=LINE('',#9702,#1090);
#515=LINE('',#9706,#1091);
#516=LINE('',#9708,#1092);
#517=LINE('',#9710,#1093);
#518=LINE('',#9714,#1094);
#519=LINE('',#9718,#1095);
#520=LINE('',#9720,#1096);
#521=LINE('',#9722,#1097);
#522=LINE('',#9727,#1098);
#523=LINE('',#9730,#1099);
#524=LINE('',#9732,#1100);
#525=LINE('',#9734,#1101);
#526=LINE('',#9738,#1102);
#527=LINE('',#9742,#1103);
#528=LINE('',#9744,#1104);
#529=LINE('',#9746,#1105);
#530=LINE('',#9750,#1106);
#531=LINE('',#9754,#1107);
#532=LINE('',#9756,#1108);
#533=LINE('',#9758,#1109);
#534=LINE('',#9762,#1110);
#535=LINE('',#9766,#1111);
#536=LINE('',#9768,#1112);
#537=LINE('',#9770,#1113);
#538=LINE('',#9775,#1114);
#539=LINE('',#9777,#1115);
#540=LINE('',#9779,#1116);
#541=LINE('',#9781,#1117);
#542=LINE('',#9783,#1118);
#543=LINE('',#9784,#1119);
#544=LINE('',#9786,#1120);
#545=LINE('',#9788,#1121);
#546=LINE('',#9789,#1122);
#547=LINE('',#9791,#1123);
#548=LINE('',#9793,#1124);
#549=LINE('',#9794,#1125);
#550=LINE('',#9796,#1126);
#551=LINE('',#9798,#1127);
#552=LINE('',#9800,#1128);
#553=LINE('',#9802,#1129);
#554=LINE('',#9804,#1130);
#555=LINE('',#9807,#1131);
#556=LINE('',#9808,#1132);
#557=LINE('',#9810,#1133);
#558=LINE('',#9812,#1134);
#559=LINE('',#9813,#1135);
#560=LINE('',#9815,#1136);
#561=LINE('',#9817,#1137);
#562=LINE('',#9818,#1138);
#563=LINE('',#9820,#1139);
#564=LINE('',#9822,#1140);
#565=LINE('',#9823,#1141);
#566=LINE('',#9825,#1142);
#567=LINE('',#9827,#1143);
#568=LINE('',#9829,#1144);
#569=LINE('',#9831,#1145);
#570=LINE('',#9833,#1146);
#571=LINE('',#9835,#1147);
#572=LINE('',#9837,#1148);
#573=LINE('',#9839,#1149);
#574=LINE('',#9841,#1150);
#575=LINE('',#9843,#1151);
#576=LINE('',#9845,#1152);
#577=LINE('',#9847,#1153);
#578=LINE('',#9849,#1154);
#579=LINE('',#9851,#1155);
#580=LINE('',#9855,#1156);
#581=LINE('',#9857,#1157);
#582=LINE('',#9859,#1158);
#583=LINE('',#9861,#1159);
#584=LINE('',#9863,#1160);
#585=LINE('',#9866,#1161);
#586=LINE('',#9868,#1162);
#587=LINE('',#9870,#1163);
#588=VECTOR('',#6493,1.);
#589=VECTOR('',#6494,1.);
#590=VECTOR('',#6495,1.);
#591=VECTOR('',#6496,1.);
#592=VECTOR('',#6501,1.);
#593=VECTOR('',#6506,1.);
#594=VECTOR('',#6507,1.);
#595=VECTOR('',#6508,1.);
#596=VECTOR('',#6513,1.);
#597=VECTOR('',#6518,1.);
#598=VECTOR('',#6519,1.);
#599=VECTOR('',#6520,1.);
#600=VECTOR('',#6525,1.);
#601=VECTOR('',#6530,1.);
#602=VECTOR('',#6531,1.);
#603=VECTOR('',#6532,1.);
#604=VECTOR('',#6541,1.);
#605=VECTOR('',#6542,1.);
#606=VECTOR('',#6543,1.);
#607=VECTOR('',#6544,1.);
#608=VECTOR('',#6549,1.);
#609=VECTOR('',#6554,1.);
#610=VECTOR('',#6555,1.);
#611=VECTOR('',#6556,1.);
#612=VECTOR('',#6561,1.);
#613=VECTOR('',#6566,1.);
#614=VECTOR('',#6567,1.);
#615=VECTOR('',#6568,1.);
#616=VECTOR('',#6573,1.);
#617=VECTOR('',#6578,1.);
#618=VECTOR('',#6579,1.);
#619=VECTOR('',#6580,1.);
#620=VECTOR('',#6589,1.);
#621=VECTOR('',#6590,1.);
#622=VECTOR('',#6591,1.);
#623=VECTOR('',#6592,1.);
#624=VECTOR('',#6597,1.);
#625=VECTOR('',#6602,1.);
#626=VECTOR('',#6603,1.);
#627=VECTOR('',#6604,1.);
#628=VECTOR('',#6609,1.);
#629=VECTOR('',#6614,1.);
#630=VECTOR('',#6615,1.);
#631=VECTOR('',#6616,1.);
#632=VECTOR('',#6621,1.);
#633=VECTOR('',#6626,1.);
#634=VECTOR('',#6627,1.);
#635=VECTOR('',#6628,1.);
#636=VECTOR('',#6637,1.);
#637=VECTOR('',#6638,1.);
#638=VECTOR('',#6639,1.);
#639=VECTOR('',#6640,1.);
#640=VECTOR('',#6645,1.);
#641=VECTOR('',#6650,1.);
#642=VECTOR('',#6651,1.);
#643=VECTOR('',#6652,1.);
#644=VECTOR('',#6657,1.);
#645=VECTOR('',#6662,1.);
#646=VECTOR('',#6663,1.);
#647=VECTOR('',#6664,1.);
#648=VECTOR('',#6669,1.);
#649=VECTOR('',#6674,1.);
#650=VECTOR('',#6675,1.);
#651=VECTOR('',#6676,1.);
#652=VECTOR('',#6685,1.);
#653=VECTOR('',#6686,1.);
#654=VECTOR('',#6687,1.);
#655=VECTOR('',#6688,1.);
#656=VECTOR('',#6693,1.);
#657=VECTOR('',#6698,1.);
#658=VECTOR('',#6699,1.);
#659=VECTOR('',#6700,1.);
#660=VECTOR('',#6705,1.);
#661=VECTOR('',#6710,1.);
#662=VECTOR('',#6711,1.);
#663=VECTOR('',#6712,1.);
#664=VECTOR('',#6717,1.);
#665=VECTOR('',#6722,1.);
#666=VECTOR('',#6723,1.);
#667=VECTOR('',#6724,1.);
#668=VECTOR('',#6733,1.);
#669=VECTOR('',#6734,1.);
#670=VECTOR('',#6735,1.);
#671=VECTOR('',#6736,1.);
#672=VECTOR('',#6741,1.);
#673=VECTOR('',#6746,1.);
#674=VECTOR('',#6747,1.);
#675=VECTOR('',#6748,1.);
#676=VECTOR('',#6753,1.);
#677=VECTOR('',#6758,1.);
#678=VECTOR('',#6759,1.);
#679=VECTOR('',#6760,1.);
#680=VECTOR('',#6765,1.);
#681=VECTOR('',#6770,1.);
#682=VECTOR('',#6771,1.);
#683=VECTOR('',#6772,1.);
#684=VECTOR('',#6781,1.);
#685=VECTOR('',#6782,1.);
#686=VECTOR('',#6783,1.);
#687=VECTOR('',#6784,1.);
#688=VECTOR('',#6789,1.);
#689=VECTOR('',#6794,1.);
#690=VECTOR('',#6795,1.);
#691=VECTOR('',#6796,1.);
#692=VECTOR('',#6801,1.);
#693=VECTOR('',#6806,1.);
#694=VECTOR('',#6807,1.);
#695=VECTOR('',#6808,1.);
#696=VECTOR('',#6813,1.);
#697=VECTOR('',#6818,1.);
#698=VECTOR('',#6819,1.);
#699=VECTOR('',#6820,1.);
#700=VECTOR('',#6829,1.);
#701=VECTOR('',#6830,1.);
#702=VECTOR('',#6831,1.);
#703=VECTOR('',#6832,1.);
#704=VECTOR('',#6837,1.);
#705=VECTOR('',#6842,1.);
#706=VECTOR('',#6843,1.);
#707=VECTOR('',#6844,1.);
#708=VECTOR('',#6849,1.);
#709=VECTOR('',#6854,1.);
#710=VECTOR('',#6855,1.);
#711=VECTOR('',#6856,1.);
#712=VECTOR('',#6861,1.);
#713=VECTOR('',#6866,1.);
#714=VECTOR('',#6867,1.);
#715=VECTOR('',#6868,1.);
#716=VECTOR('',#6877,1.);
#717=VECTOR('',#6878,1.);
#718=VECTOR('',#6879,1.);
#719=VECTOR('',#6880,1.);
#720=VECTOR('',#6885,1.);
#721=VECTOR('',#6890,1.);
#722=VECTOR('',#6891,1.);
#723=VECTOR('',#6892,1.);
#724=VECTOR('',#6897,1.);
#725=VECTOR('',#6902,1.);
#726=VECTOR('',#6903,1.);
#727=VECTOR('',#6904,1.);
#728=VECTOR('',#6909,1.);
#729=VECTOR('',#6914,1.);
#730=VECTOR('',#6915,1.);
#731=VECTOR('',#6916,1.);
#732=VECTOR('',#6925,1.);
#733=VECTOR('',#6926,1.);
#734=VECTOR('',#6927,1.);
#735=VECTOR('',#6928,1.);
#736=VECTOR('',#6933,1.);
#737=VECTOR('',#6938,1.);
#738=VECTOR('',#6939,1.);
#739=VECTOR('',#6940,1.);
#740=VECTOR('',#6945,1.);
#741=VECTOR('',#6950,1.);
#742=VECTOR('',#6951,1.);
#743=VECTOR('',#6952,1.);
#744=VECTOR('',#6957,1.);
#745=VECTOR('',#6962,1.);
#746=VECTOR('',#6963,1.);
#747=VECTOR('',#6964,1.);
#748=VECTOR('',#6973,1.);
#749=VECTOR('',#6974,1.);
#750=VECTOR('',#6975,1.);
#751=VECTOR('',#6976,1.);
#752=VECTOR('',#6981,1.);
#753=VECTOR('',#6986,1.);
#754=VECTOR('',#6987,1.);
#755=VECTOR('',#6988,1.);
#756=VECTOR('',#6993,1.);
#757=VECTOR('',#6998,1.);
#758=VECTOR('',#6999,1.);
#759=VECTOR('',#7000,1.);
#760=VECTOR('',#7005,1.);
#761=VECTOR('',#7010,1.);
#762=VECTOR('',#7011,1.);
#763=VECTOR('',#7012,1.);
#764=VECTOR('',#7021,1.);
#765=VECTOR('',#7022,1.);
#766=VECTOR('',#7023,1.);
#767=VECTOR('',#7024,1.);
#768=VECTOR('',#7029,1.);
#769=VECTOR('',#7034,1.);
#770=VECTOR('',#7035,1.);
#771=VECTOR('',#7036,1.);
#772=VECTOR('',#7041,1.);
#773=VECTOR('',#7046,1.);
#774=VECTOR('',#7047,1.);
#775=VECTOR('',#7048,1.);
#776=VECTOR('',#7053,1.);
#777=VECTOR('',#7058,1.);
#778=VECTOR('',#7059,1.);
#779=VECTOR('',#7060,1.);
#780=VECTOR('',#7069,1.);
#781=VECTOR('',#7070,1.);
#782=VECTOR('',#7071,1.);
#783=VECTOR('',#7072,1.);
#784=VECTOR('',#7077,1.);
#785=VECTOR('',#7082,1.);
#786=VECTOR('',#7083,1.);
#787=VECTOR('',#7084,1.);
#788=VECTOR('',#7089,1.);
#789=VECTOR('',#7094,1.);
#790=VECTOR('',#7095,1.);
#791=VECTOR('',#7096,1.);
#792=VECTOR('',#7101,1.);
#793=VECTOR('',#7106,1.);
#794=VECTOR('',#7107,1.);
#795=VECTOR('',#7108,1.);
#796=VECTOR('',#7117,1.);
#797=VECTOR('',#7118,1.);
#798=VECTOR('',#7119,1.);
#799=VECTOR('',#7120,1.);
#800=VECTOR('',#7125,1.);
#801=VECTOR('',#7130,1.);
#802=VECTOR('',#7131,1.);
#803=VECTOR('',#7132,1.);
#804=VECTOR('',#7137,1.);
#805=VECTOR('',#7142,1.);
#806=VECTOR('',#7143,1.);
#807=VECTOR('',#7144,1.);
#808=VECTOR('',#7149,1.);
#809=VECTOR('',#7154,1.);
#810=VECTOR('',#7155,1.);
#811=VECTOR('',#7156,1.);
#812=VECTOR('',#7165,1.);
#813=VECTOR('',#7166,1.);
#814=VECTOR('',#7167,1.);
#815=VECTOR('',#7168,1.);
#816=VECTOR('',#7173,1.);
#817=VECTOR('',#7178,1.);
#818=VECTOR('',#7179,1.);
#819=VECTOR('',#7180,1.);
#820=VECTOR('',#7185,1.);
#821=VECTOR('',#7190,1.);
#822=VECTOR('',#7191,1.);
#823=VECTOR('',#7192,1.);
#824=VECTOR('',#7197,1.);
#825=VECTOR('',#7202,1.);
#826=VECTOR('',#7203,1.);
#827=VECTOR('',#7204,1.);
#828=VECTOR('',#7215,1.);
#829=VECTOR('',#7218,1.);
#830=VECTOR('',#7221,1.);
#831=VECTOR('',#7222,1.);
#832=VECTOR('',#7223,1.);
#833=VECTOR('',#7226,1.);
#834=VECTOR('',#7227,1.);
#835=VECTOR('',#7228,1.);
#836=VECTOR('',#7235,1.);
#837=VECTOR('',#7238,1.);
#838=VECTOR('',#7239,1.);
#839=VECTOR('',#7240,1.);
#840=VECTOR('',#7247,1.);
#841=VECTOR('',#7250,1.);
#842=VECTOR('',#7251,1.);
#843=VECTOR('',#7252,1.);
#844=VECTOR('',#7259,1.);
#845=VECTOR('',#7262,1.);
#846=VECTOR('',#7263,1.);
#847=VECTOR('',#7264,1.);
#848=VECTOR('',#7271,1.);
#849=VECTOR('',#7274,1.);
#850=VECTOR('',#7275,1.);
#851=VECTOR('',#7276,1.);
#852=VECTOR('',#7279,1.);
#853=VECTOR('',#7280,1.);
#854=VECTOR('',#7281,1.);
#855=VECTOR('',#7286,1.);
#856=VECTOR('',#7293,1.);
#857=VECTOR('',#7296,1.);
#858=VECTOR('',#7299,1.);
#859=VECTOR('',#7300,1.);
#860=VECTOR('',#7301,1.);
#861=VECTOR('',#7306,1.);
#862=VECTOR('',#7313,1.);
#863=VECTOR('',#7316,1.);
#864=VECTOR('',#7319,1.);
#865=VECTOR('',#7320,1.);
#866=VECTOR('',#7321,1.);
#867=VECTOR('',#7326,1.);
#868=VECTOR('',#7333,1.);
#869=VECTOR('',#7336,1.);
#870=VECTOR('',#7339,1.);
#871=VECTOR('',#7340,1.);
#872=VECTOR('',#7341,1.);
#873=VECTOR('',#7346,1.);
#874=VECTOR('',#7351,1.);
#875=VECTOR('',#7352,1.);
#876=VECTOR('',#7353,1.);
#877=VECTOR('',#7354,1.);
#878=VECTOR('',#7359,1.);
#879=VECTOR('',#7364,1.);
#880=VECTOR('',#7365,1.);
#881=VECTOR('',#7366,1.);
#882=VECTOR('',#7371,1.);
#883=VECTOR('',#7376,1.);
#884=VECTOR('',#7377,1.);
#885=VECTOR('',#7378,1.);
#886=VECTOR('',#7383,1.);
#887=VECTOR('',#7388,1.);
#888=VECTOR('',#7389,1.);
#889=VECTOR('',#7390,1.);
#890=VECTOR('',#7399,1.);
#891=VECTOR('',#7400,1.);
#892=VECTOR('',#7401,1.);
#893=VECTOR('',#7402,1.);
#894=VECTOR('',#7407,1.);
#895=VECTOR('',#7412,1.);
#896=VECTOR('',#7413,1.);
#897=VECTOR('',#7414,1.);
#898=VECTOR('',#7419,1.);
#899=VECTOR('',#7424,1.);
#900=VECTOR('',#7425,1.);
#901=VECTOR('',#7426,1.);
#902=VECTOR('',#7431,1.);
#903=VECTOR('',#7436,1.);
#904=VECTOR('',#7437,1.);
#905=VECTOR('',#7438,1.);
#906=VECTOR('',#7447,1.);
#907=VECTOR('',#7448,1.);
#908=VECTOR('',#7449,1.);
#909=VECTOR('',#7450,1.);
#910=VECTOR('',#7455,1.);
#911=VECTOR('',#7460,1.);
#912=VECTOR('',#7461,1.);
#913=VECTOR('',#7462,1.);
#914=VECTOR('',#7467,1.);
#915=VECTOR('',#7472,1.);
#916=VECTOR('',#7473,1.);
#917=VECTOR('',#7474,1.);
#918=VECTOR('',#7479,1.);
#919=VECTOR('',#7484,1.);
#920=VECTOR('',#7485,1.);
#921=VECTOR('',#7486,1.);
#922=VECTOR('',#7495,1.);
#923=VECTOR('',#7496,1.);
#924=VECTOR('',#7497,1.);
#925=VECTOR('',#7498,1.);
#926=VECTOR('',#7503,1.);
#927=VECTOR('',#7508,1.);
#928=VECTOR('',#7509,1.);
#929=VECTOR('',#7510,1.);
#930=VECTOR('',#7515,1.);
#931=VECTOR('',#7520,1.);
#932=VECTOR('',#7521,1.);
#933=VECTOR('',#7522,1.);
#934=VECTOR('',#7527,1.);
#935=VECTOR('',#7532,1.);
#936=VECTOR('',#7533,1.);
#937=VECTOR('',#7534,1.);
#938=VECTOR('',#7543,1.);
#939=VECTOR('',#7544,1.);
#940=VECTOR('',#7545,1.);
#941=VECTOR('',#7546,1.);
#942=VECTOR('',#7551,1.);
#943=VECTOR('',#7556,1.);
#944=VECTOR('',#7557,1.);
#945=VECTOR('',#7558,1.);
#946=VECTOR('',#7563,1.);
#947=VECTOR('',#7568,1.);
#948=VECTOR('',#7569,1.);
#949=VECTOR('',#7570,1.);
#950=VECTOR('',#7575,1.);
#951=VECTOR('',#7580,1.);
#952=VECTOR('',#7581,1.);
#953=VECTOR('',#7582,1.);
#954=VECTOR('',#7591,1.);
#955=VECTOR('',#7592,1.);
#956=VECTOR('',#7593,1.);
#957=VECTOR('',#7594,1.);
#958=VECTOR('',#7599,1.);
#959=VECTOR('',#7604,1.);
#960=VECTOR('',#7605,1.);
#961=VECTOR('',#7606,1.);
#962=VECTOR('',#7611,1.);
#963=VECTOR('',#7616,1.);
#964=VECTOR('',#7617,1.);
#965=VECTOR('',#7618,1.);
#966=VECTOR('',#7623,1.);
#967=VECTOR('',#7628,1.);
#968=VECTOR('',#7629,1.);
#969=VECTOR('',#7630,1.);
#970=VECTOR('',#7639,1.);
#971=VECTOR('',#7640,1.);
#972=VECTOR('',#7641,1.);
#973=VECTOR('',#7642,1.);
#974=VECTOR('',#7647,1.);
#975=VECTOR('',#7652,1.);
#976=VECTOR('',#7653,1.);
#977=VECTOR('',#7654,1.);
#978=VECTOR('',#7659,1.);
#979=VECTOR('',#7664,1.);
#980=VECTOR('',#7665,1.);
#981=VECTOR('',#7666,1.);
#982=VECTOR('',#7671,1.);
#983=VECTOR('',#7676,1.);
#984=VECTOR('',#7677,1.);
#985=VECTOR('',#7678,1.);
#986=VECTOR('',#7687,1.);
#987=VECTOR('',#7688,1.);
#988=VECTOR('',#7689,1.);
#989=VECTOR('',#7690,1.);
#990=VECTOR('',#7695,1.);
#991=VECTOR('',#7700,1.);
#992=VECTOR('',#7701,1.);
#993=VECTOR('',#7702,1.);
#994=VECTOR('',#7707,1.);
#995=VECTOR('',#7712,1.);
#996=VECTOR('',#7713,1.);
#997=VECTOR('',#7714,1.);
#998=VECTOR('',#7719,1.);
#999=VECTOR('',#7724,1.);
#1000=VECTOR('',#7725,1.);
#1001=VECTOR('',#7726,1.);
#1002=VECTOR('',#7735,1.);
#1003=VECTOR('',#7736,1.);
#1004=VECTOR('',#7737,1.);
#1005=VECTOR('',#7738,1.);
#1006=VECTOR('',#7743,1.);
#1007=VECTOR('',#7748,1.);
#1008=VECTOR('',#7749,1.);
#1009=VECTOR('',#7750,1.);
#1010=VECTOR('',#7755,1.);
#1011=VECTOR('',#7760,1.);
#1012=VECTOR('',#7761,1.);
#1013=VECTOR('',#7762,1.);
#1014=VECTOR('',#7767,1.);
#1015=VECTOR('',#7772,1.);
#1016=VECTOR('',#7773,1.);
#1017=VECTOR('',#7774,1.);
#1018=VECTOR('',#7783,1.);
#1019=VECTOR('',#7784,1.);
#1020=VECTOR('',#7785,1.);
#1021=VECTOR('',#7786,1.);
#1022=VECTOR('',#7791,1.);
#1023=VECTOR('',#7796,1.);
#1024=VECTOR('',#7797,1.);
#1025=VECTOR('',#7798,1.);
#1026=VECTOR('',#7803,1.);
#1027=VECTOR('',#7808,1.);
#1028=VECTOR('',#7809,1.);
#1029=VECTOR('',#7810,1.);
#1030=VECTOR('',#7815,1.);
#1031=VECTOR('',#7820,1.);
#1032=VECTOR('',#7821,1.);
#1033=VECTOR('',#7822,1.);
#1034=VECTOR('',#7831,1.);
#1035=VECTOR('',#7832,1.);
#1036=VECTOR('',#7833,1.);
#1037=VECTOR('',#7834,1.);
#1038=VECTOR('',#7839,1.);
#1039=VECTOR('',#7844,1.);
#1040=VECTOR('',#7845,1.);
#1041=VECTOR('',#7846,1.);
#1042=VECTOR('',#7851,1.);
#1043=VECTOR('',#7856,1.);
#1044=VECTOR('',#7857,1.);
#1045=VECTOR('',#7858,1.);
#1046=VECTOR('',#7863,1.);
#1047=VECTOR('',#7868,1.);
#1048=VECTOR('',#7869,1.);
#1049=VECTOR('',#7870,1.);
#1050=VECTOR('',#7879,1.);
#1051=VECTOR('',#7880,1.);
#1052=VECTOR('',#7881,1.);
#1053=VECTOR('',#7882,1.);
#1054=VECTOR('',#7887,1.);
#1055=VECTOR('',#7892,1.);
#1056=VECTOR('',#7893,1.);
#1057=VECTOR('',#7894,1.);
#1058=VECTOR('',#7899,1.);
#1059=VECTOR('',#7904,1.);
#1060=VECTOR('',#7905,1.);
#1061=VECTOR('',#7906,1.);
#1062=VECTOR('',#7911,1.);
#1063=VECTOR('',#7916,1.);
#1064=VECTOR('',#7917,1.);
#1065=VECTOR('',#7918,1.);
#1066=VECTOR('',#7927,1.);
#1067=VECTOR('',#7928,1.);
#1068=VECTOR('',#7929,1.);
#1069=VECTOR('',#7930,1.);
#1070=VECTOR('',#7935,1.);
#1071=VECTOR('',#7940,1.);
#1072=VECTOR('',#7941,1.);
#1073=VECTOR('',#7942,1.);
#1074=VECTOR('',#7947,1.);
#1075=VECTOR('',#7952,1.);
#1076=VECTOR('',#7953,1.);
#1077=VECTOR('',#7954,1.);
#1078=VECTOR('',#7959,1.);
#1079=VECTOR('',#7964,1.);
#1080=VECTOR('',#7965,1.);
#1081=VECTOR('',#7966,1.);
#1082=VECTOR('',#7975,1.);
#1083=VECTOR('',#7976,1.);
#1084=VECTOR('',#7977,1.);
#1085=VECTOR('',#7978,1.);
#1086=VECTOR('',#7983,1.);
#1087=VECTOR('',#7988,1.);
#1088=VECTOR('',#7989,1.);
#1089=VECTOR('',#7990,1.);
#1090=VECTOR('',#7995,1.);
#1091=VECTOR('',#8000,1.);
#1092=VECTOR('',#8001,1.);
#1093=VECTOR('',#8002,1.);
#1094=VECTOR('',#8007,1.);
#1095=VECTOR('',#8012,1.);
#1096=VECTOR('',#8013,1.);
#1097=VECTOR('',#8014,1.);
#1098=VECTOR('',#8023,1.);
#1099=VECTOR('',#8024,1.);
#1100=VECTOR('',#8025,1.);
#1101=VECTOR('',#8026,1.);
#1102=VECTOR('',#8031,1.);
#1103=VECTOR('',#8036,1.);
#1104=VECTOR('',#8037,1.);
#1105=VECTOR('',#8038,1.);
#1106=VECTOR('',#8043,1.);
#1107=VECTOR('',#8048,1.);
#1108=VECTOR('',#8049,1.);
#1109=VECTOR('',#8050,1.);
#1110=VECTOR('',#8055,1.);
#1111=VECTOR('',#8060,1.);
#1112=VECTOR('',#8061,1.);
#1113=VECTOR('',#8062,1.);
#1114=VECTOR('',#8071,1.);
#1115=VECTOR('',#8072,1.);
#1116=VECTOR('',#8073,1.);
#1117=VECTOR('',#8074,1.);
#1118=VECTOR('',#8075,1.);
#1119=VECTOR('',#8076,1.);
#1120=VECTOR('',#8077,1.);
#1121=VECTOR('',#8078,1.);
#1122=VECTOR('',#8079,1.);
#1123=VECTOR('',#8080,1.);
#1124=VECTOR('',#8081,1.);
#1125=VECTOR('',#8082,1.);
#1126=VECTOR('',#8083,1.);
#1127=VECTOR('',#8084,1.);
#1128=VECTOR('',#8085,1.);
#1129=VECTOR('',#8086,1.);
#1130=VECTOR('',#8089,1.);
#1131=VECTOR('',#8090,1.);
#1132=VECTOR('',#8091,1.);
#1133=VECTOR('',#8092,1.);
#1134=VECTOR('',#8093,1.);
#1135=VECTOR('',#8094,1.);
#1136=VECTOR('',#8095,1.);
#1137=VECTOR('',#8096,1.);
#1138=VECTOR('',#8097,1.);
#1139=VECTOR('',#8098,1.);
#1140=VECTOR('',#8099,1.);
#1141=VECTOR('',#8100,1.);
#1142=VECTOR('',#8103,1.);
#1143=VECTOR('',#8106,1.);
#1144=VECTOR('',#8109,1.);
#1145=VECTOR('',#8112,1.);
#1146=VECTOR('',#8115,1.);
#1147=VECTOR('',#8118,1.);
#1148=VECTOR('',#8121,1.);
#1149=VECTOR('',#8122,1.);
#1150=VECTOR('',#8123,1.);
#1151=VECTOR('',#8126,1.);
#1152=VECTOR('',#8127,1.);
#1153=VECTOR('',#8128,1.);
#1154=VECTOR('',#8131,1.);
#1155=VECTOR('',#8132,1.);
#1156=VECTOR('',#8139,1.);
#1157=VECTOR('',#8140,1.);
#1158=VECTOR('',#8143,1.);
#1159=VECTOR('',#8144,1.);
#1160=VECTOR('',#8147,1.);
#1161=VECTOR('',#8152,1.);
#1162=VECTOR('',#8153,1.);
#1163=VECTOR('',#8156,1.);
#1164=PLANE('',#5907);
#1165=PLANE('',#5911);
#1166=PLANE('',#5915);
#1167=PLANE('',#5919);
#1168=PLANE('',#5923);
#1169=PLANE('',#5927);
#1170=PLANE('',#5931);
#1171=PLANE('',#5935);
#1172=PLANE('',#5939);
#1173=PLANE('',#5943);
#1174=PLANE('',#5947);
#1175=PLANE('',#5951);
#1176=PLANE('',#5955);
#1177=PLANE('',#5959);
#1178=PLANE('',#5963);
#1179=PLANE('',#5967);
#1180=PLANE('',#5971);
#1181=PLANE('',#5975);
#1182=PLANE('',#5979);
#1183=PLANE('',#5983);
#1184=PLANE('',#5987);
#1185=PLANE('',#5991);
#1186=PLANE('',#5995);
#1187=PLANE('',#5999);
#1188=PLANE('',#6003);
#1189=PLANE('',#6007);
#1190=PLANE('',#6011);
#1191=PLANE('',#6015);
#1192=PLANE('',#6019);
#1193=PLANE('',#6023);
#1194=PLANE('',#6027);
#1195=PLANE('',#6031);
#1196=PLANE('',#6035);
#1197=PLANE('',#6039);
#1198=PLANE('',#6043);
#1199=PLANE('',#6047);
#1200=PLANE('',#6051);
#1201=PLANE('',#6055);
#1202=PLANE('',#6059);
#1203=PLANE('',#6063);
#1204=PLANE('',#6067);
#1205=PLANE('',#6071);
#1206=PLANE('',#6075);
#1207=PLANE('',#6079);
#1208=PLANE('',#6083);
#1209=PLANE('',#6087);
#1210=PLANE('',#6091);
#1211=PLANE('',#6095);
#1212=PLANE('',#6099);
#1213=PLANE('',#6103);
#1214=PLANE('',#6107);
#1215=PLANE('',#6111);
#1216=PLANE('',#6115);
#1217=PLANE('',#6119);
#1218=PLANE('',#6123);
#1219=PLANE('',#6127);
#1220=PLANE('',#6131);
#1221=PLANE('',#6135);
#1222=PLANE('',#6139);
#1223=PLANE('',#6143);
#1224=PLANE('',#6150);
#1225=PLANE('',#6151);
#1226=PLANE('',#6155);
#1227=PLANE('',#6159);
#1228=PLANE('',#6163);
#1229=PLANE('',#6167);
#1230=PLANE('',#6168);
#1231=PLANE('',#6175);
#1232=PLANE('',#6182);
#1233=PLANE('',#6189);
#1234=PLANE('',#6193);
#1235=PLANE('',#6197);
#1236=PLANE('',#6201);
#1237=PLANE('',#6205);
#1238=PLANE('',#6209);
#1239=PLANE('',#6213);
#1240=PLANE('',#6217);
#1241=PLANE('',#6221);
#1242=PLANE('',#6225);
#1243=PLANE('',#6229);
#1244=PLANE('',#6233);
#1245=PLANE('',#6237);
#1246=PLANE('',#6241);
#1247=PLANE('',#6245);
#1248=PLANE('',#6249);
#1249=PLANE('',#6253);
#1250=PLANE('',#6257);
#1251=PLANE('',#6261);
#1252=PLANE('',#6265);
#1253=PLANE('',#6269);
#1254=PLANE('',#6273);
#1255=PLANE('',#6277);
#1256=PLANE('',#6281);
#1257=PLANE('',#6285);
#1258=PLANE('',#6289);
#1259=PLANE('',#6293);
#1260=PLANE('',#6297);
#1261=PLANE('',#6301);
#1262=PLANE('',#6305);
#1263=PLANE('',#6309);
#1264=PLANE('',#6313);
#1265=PLANE('',#6317);
#1266=PLANE('',#6321);
#1267=PLANE('',#6325);
#1268=PLANE('',#6329);
#1269=PLANE('',#6333);
#1270=PLANE('',#6337);
#1271=PLANE('',#6341);
#1272=PLANE('',#6345);
#1273=PLANE('',#6349);
#1274=PLANE('',#6353);
#1275=PLANE('',#6357);
#1276=PLANE('',#6361);
#1277=PLANE('',#6365);
#1278=PLANE('',#6369);
#1279=PLANE('',#6373);
#1280=PLANE('',#6377);
#1281=PLANE('',#6381);
#1282=PLANE('',#6385);
#1283=PLANE('',#6389);
#1284=PLANE('',#6393);
#1285=PLANE('',#6397);
#1286=PLANE('',#6401);
#1287=PLANE('',#6405);
#1288=PLANE('',#6409);
#1289=PLANE('',#6413);
#1290=PLANE('',#6417);
#1291=PLANE('',#6421);
#1292=PLANE('',#6425);
#1293=PLANE('',#6429);
#1294=PLANE('',#6433);
#1295=PLANE('',#6434);
#1296=PLANE('',#6435);
#1297=PLANE('',#6436);
#1298=PLANE('',#6437);
#1299=PLANE('',#6438);
#1300=PLANE('',#6439);
#1301=PLANE('',#6440);
#1302=PLANE('',#6441);
#1303=PLANE('',#6442);
#1304=PLANE('',#6443);
#1305=PLANE('',#6444);
#1306=PLANE('',#6445);
#1307=PLANE('',#6446);
#1308=PLANE('',#6447);
#1309=PLANE('',#6448);
#1310=PLANE('',#6449);
#1311=PLANE('',#6450);
#1312=PLANE('',#6451);
#1313=PLANE('',#6452);
#1314=ORIENTED_EDGE('',*,*,#3018,.T.);
#1315=ORIENTED_EDGE('',*,*,#3019,.F.);
#1316=ORIENTED_EDGE('',*,*,#3020,.T.);
#1317=ORIENTED_EDGE('',*,*,#3021,.F.);
#1318=ORIENTED_EDGE('',*,*,#3022,.T.);
#1319=ORIENTED_EDGE('',*,*,#3023,.F.);
#1320=ORIENTED_EDGE('',*,*,#3024,.T.);
#1321=ORIENTED_EDGE('',*,*,#3025,.F.);
#1322=ORIENTED_EDGE('',*,*,#3026,.T.);
#1323=ORIENTED_EDGE('',*,*,#3027,.F.);
#1324=ORIENTED_EDGE('',*,*,#3028,.T.);
#1325=ORIENTED_EDGE('',*,*,#3029,.F.);
#1326=ORIENTED_EDGE('',*,*,#3030,.F.);
#1327=ORIENTED_EDGE('',*,*,#3031,.F.);
#1328=ORIENTED_EDGE('',*,*,#3032,.T.);
#1329=ORIENTED_EDGE('',*,*,#3033,.T.);
#1330=ORIENTED_EDGE('',*,*,#3034,.F.);
#1331=ORIENTED_EDGE('',*,*,#3035,.F.);
#1332=ORIENTED_EDGE('',*,*,#3036,.T.);
#1333=ORIENTED_EDGE('',*,*,#3031,.T.);
#1334=ORIENTED_EDGE('',*,*,#3037,.F.);
#1335=ORIENTED_EDGE('',*,*,#3038,.F.);
#1336=ORIENTED_EDGE('',*,*,#3039,.T.);
#1337=ORIENTED_EDGE('',*,*,#3035,.T.);
#1338=ORIENTED_EDGE('',*,*,#3040,.F.);
#1339=ORIENTED_EDGE('',*,*,#3041,.F.);
#1340=ORIENTED_EDGE('',*,*,#3042,.T.);
#1341=ORIENTED_EDGE('',*,*,#3038,.T.);
#1342=ORIENTED_EDGE('',*,*,#3043,.F.);
#1343=ORIENTED_EDGE('',*,*,#3044,.F.);
#1344=ORIENTED_EDGE('',*,*,#3045,.T.);
#1345=ORIENTED_EDGE('',*,*,#3041,.T.);
#1346=ORIENTED_EDGE('',*,*,#3046,.F.);
#1347=ORIENTED_EDGE('',*,*,#3047,.F.);
#1348=ORIENTED_EDGE('',*,*,#3048,.T.);
#1349=ORIENTED_EDGE('',*,*,#3044,.T.);
#1350=ORIENTED_EDGE('',*,*,#3049,.F.);
#1351=ORIENTED_EDGE('',*,*,#3050,.F.);
#1352=ORIENTED_EDGE('',*,*,#3051,.T.);
#1353=ORIENTED_EDGE('',*,*,#3047,.T.);
#1354=ORIENTED_EDGE('',*,*,#3052,.F.);
#1355=ORIENTED_EDGE('',*,*,#3033,.F.);
#1356=ORIENTED_EDGE('',*,*,#3053,.T.);
#1357=ORIENTED_EDGE('',*,*,#3050,.T.);
#1358=ORIENTED_EDGE('',*,*,#3054,.F.);
#1359=ORIENTED_EDGE('',*,*,#3055,.F.);
#1360=ORIENTED_EDGE('',*,*,#3056,.T.);
#1361=ORIENTED_EDGE('',*,*,#3057,.T.);
#1362=ORIENTED_EDGE('',*,*,#3058,.F.);
#1363=ORIENTED_EDGE('',*,*,#3059,.F.);
#1364=ORIENTED_EDGE('',*,*,#3060,.T.);
#1365=ORIENTED_EDGE('',*,*,#3055,.T.);
#1366=ORIENTED_EDGE('',*,*,#3061,.F.);
#1367=ORIENTED_EDGE('',*,*,#3062,.F.);
#1368=ORIENTED_EDGE('',*,*,#3063,.T.);
#1369=ORIENTED_EDGE('',*,*,#3059,.T.);
#1370=ORIENTED_EDGE('',*,*,#3064,.F.);
#1371=ORIENTED_EDGE('',*,*,#3065,.F.);
#1372=ORIENTED_EDGE('',*,*,#3066,.T.);
#1373=ORIENTED_EDGE('',*,*,#3062,.T.);
#1374=ORIENTED_EDGE('',*,*,#3067,.F.);
#1375=ORIENTED_EDGE('',*,*,#3068,.F.);
#1376=ORIENTED_EDGE('',*,*,#3069,.T.);
#1377=ORIENTED_EDGE('',*,*,#3065,.T.);
#1378=ORIENTED_EDGE('',*,*,#3070,.F.);
#1379=ORIENTED_EDGE('',*,*,#3071,.F.);
#1380=ORIENTED_EDGE('',*,*,#3072,.T.);
#1381=ORIENTED_EDGE('',*,*,#3068,.T.);
#1382=ORIENTED_EDGE('',*,*,#3073,.F.);
#1383=ORIENTED_EDGE('',*,*,#3074,.F.);
#1384=ORIENTED_EDGE('',*,*,#3075,.T.);
#1385=ORIENTED_EDGE('',*,*,#3071,.T.);
#1386=ORIENTED_EDGE('',*,*,#3076,.F.);
#1387=ORIENTED_EDGE('',*,*,#3057,.F.);
#1388=ORIENTED_EDGE('',*,*,#3077,.T.);
#1389=ORIENTED_EDGE('',*,*,#3074,.T.);
#1390=ORIENTED_EDGE('',*,*,#3078,.F.);
#1391=ORIENTED_EDGE('',*,*,#3079,.F.);
#1392=ORIENTED_EDGE('',*,*,#3080,.T.);
#1393=ORIENTED_EDGE('',*,*,#3081,.T.);
#1394=ORIENTED_EDGE('',*,*,#3082,.F.);
#1395=ORIENTED_EDGE('',*,*,#3083,.F.);
#1396=ORIENTED_EDGE('',*,*,#3084,.T.);
#1397=ORIENTED_EDGE('',*,*,#3079,.T.);
#1398=ORIENTED_EDGE('',*,*,#3085,.F.);
#1399=ORIENTED_EDGE('',*,*,#3086,.F.);
#1400=ORIENTED_EDGE('',*,*,#3087,.T.);
#1401=ORIENTED_EDGE('',*,*,#3083,.T.);
#1402=ORIENTED_EDGE('',*,*,#3088,.F.);
#1403=ORIENTED_EDGE('',*,*,#3089,.F.);
#1404=ORIENTED_EDGE('',*,*,#3090,.T.);
#1405=ORIENTED_EDGE('',*,*,#3086,.T.);
#1406=ORIENTED_EDGE('',*,*,#3091,.F.);
#1407=ORIENTED_EDGE('',*,*,#3092,.F.);
#1408=ORIENTED_EDGE('',*,*,#3093,.T.);
#1409=ORIENTED_EDGE('',*,*,#3089,.T.);
#1410=ORIENTED_EDGE('',*,*,#3094,.F.);
#1411=ORIENTED_EDGE('',*,*,#3095,.F.);
#1412=ORIENTED_EDGE('',*,*,#3096,.T.);
#1413=ORIENTED_EDGE('',*,*,#3092,.T.);
#1414=ORIENTED_EDGE('',*,*,#3097,.F.);
#1415=ORIENTED_EDGE('',*,*,#3098,.F.);
#1416=ORIENTED_EDGE('',*,*,#3099,.T.);
#1417=ORIENTED_EDGE('',*,*,#3095,.T.);
#1418=ORIENTED_EDGE('',*,*,#3100,.F.);
#1419=ORIENTED_EDGE('',*,*,#3081,.F.);
#1420=ORIENTED_EDGE('',*,*,#3101,.T.);
#1421=ORIENTED_EDGE('',*,*,#3098,.T.);
#1422=ORIENTED_EDGE('',*,*,#3102,.F.);
#1423=ORIENTED_EDGE('',*,*,#3103,.F.);
#1424=ORIENTED_EDGE('',*,*,#3104,.T.);
#1425=ORIENTED_EDGE('',*,*,#3105,.T.);
#1426=ORIENTED_EDGE('',*,*,#3106,.F.);
#1427=ORIENTED_EDGE('',*,*,#3107,.F.);
#1428=ORIENTED_EDGE('',*,*,#3108,.T.);
#1429=ORIENTED_EDGE('',*,*,#3103,.T.);
#1430=ORIENTED_EDGE('',*,*,#3109,.F.);
#1431=ORIENTED_EDGE('',*,*,#3110,.F.);
#1432=ORIENTED_EDGE('',*,*,#3111,.T.);
#1433=ORIENTED_EDGE('',*,*,#3107,.T.);
#1434=ORIENTED_EDGE('',*,*,#3112,.F.);
#1435=ORIENTED_EDGE('',*,*,#3113,.F.);
#1436=ORIENTED_EDGE('',*,*,#3114,.T.);
#1437=ORIENTED_EDGE('',*,*,#3110,.T.);
#1438=ORIENTED_EDGE('',*,*,#3115,.F.);
#1439=ORIENTED_EDGE('',*,*,#3116,.F.);
#1440=ORIENTED_EDGE('',*,*,#3117,.T.);
#1441=ORIENTED_EDGE('',*,*,#3113,.T.);
#1442=ORIENTED_EDGE('',*,*,#3118,.F.);
#1443=ORIENTED_EDGE('',*,*,#3119,.F.);
#1444=ORIENTED_EDGE('',*,*,#3120,.T.);
#1445=ORIENTED_EDGE('',*,*,#3116,.T.);
#1446=ORIENTED_EDGE('',*,*,#3121,.F.);
#1447=ORIENTED_EDGE('',*,*,#3122,.F.);
#1448=ORIENTED_EDGE('',*,*,#3123,.T.);
#1449=ORIENTED_EDGE('',*,*,#3119,.T.);
#1450=ORIENTED_EDGE('',*,*,#3124,.F.);
#1451=ORIENTED_EDGE('',*,*,#3105,.F.);
#1452=ORIENTED_EDGE('',*,*,#3125,.T.);
#1453=ORIENTED_EDGE('',*,*,#3122,.T.);
#1454=ORIENTED_EDGE('',*,*,#3126,.F.);
#1455=ORIENTED_EDGE('',*,*,#3127,.F.);
#1456=ORIENTED_EDGE('',*,*,#3128,.T.);
#1457=ORIENTED_EDGE('',*,*,#3129,.T.);
#1458=ORIENTED_EDGE('',*,*,#3130,.F.);
#1459=ORIENTED_EDGE('',*,*,#3131,.F.);
#1460=ORIENTED_EDGE('',*,*,#3132,.T.);
#1461=ORIENTED_EDGE('',*,*,#3127,.T.);
#1462=ORIENTED_EDGE('',*,*,#3133,.F.);
#1463=ORIENTED_EDGE('',*,*,#3134,.F.);
#1464=ORIENTED_EDGE('',*,*,#3135,.T.);
#1465=ORIENTED_EDGE('',*,*,#3131,.T.);
#1466=ORIENTED_EDGE('',*,*,#3136,.F.);
#1467=ORIENTED_EDGE('',*,*,#3137,.F.);
#1468=ORIENTED_EDGE('',*,*,#3138,.T.);
#1469=ORIENTED_EDGE('',*,*,#3134,.T.);
#1470=ORIENTED_EDGE('',*,*,#3139,.F.);
#1471=ORIENTED_EDGE('',*,*,#3140,.F.);
#1472=ORIENTED_EDGE('',*,*,#3141,.T.);
#1473=ORIENTED_EDGE('',*,*,#3137,.T.);
#1474=ORIENTED_EDGE('',*,*,#3142,.F.);
#1475=ORIENTED_EDGE('',*,*,#3143,.F.);
#1476=ORIENTED_EDGE('',*,*,#3144,.T.);
#1477=ORIENTED_EDGE('',*,*,#3140,.T.);
#1478=ORIENTED_EDGE('',*,*,#3145,.F.);
#1479=ORIENTED_EDGE('',*,*,#3146,.F.);
#1480=ORIENTED_EDGE('',*,*,#3147,.T.);
#1481=ORIENTED_EDGE('',*,*,#3143,.T.);
#1482=ORIENTED_EDGE('',*,*,#3148,.F.);
#1483=ORIENTED_EDGE('',*,*,#3129,.F.);
#1484=ORIENTED_EDGE('',*,*,#3149,.T.);
#1485=ORIENTED_EDGE('',*,*,#3146,.T.);
#1486=ORIENTED_EDGE('',*,*,#3150,.F.);
#1487=ORIENTED_EDGE('',*,*,#3151,.F.);
#1488=ORIENTED_EDGE('',*,*,#3152,.T.);
#1489=ORIENTED_EDGE('',*,*,#3153,.T.);
#1490=ORIENTED_EDGE('',*,*,#3154,.F.);
#1491=ORIENTED_EDGE('',*,*,#3155,.F.);
#1492=ORIENTED_EDGE('',*,*,#3156,.T.);
#1493=ORIENTED_EDGE('',*,*,#3151,.T.);
#1494=ORIENTED_EDGE('',*,*,#3157,.F.);
#1495=ORIENTED_EDGE('',*,*,#3158,.F.);
#1496=ORIENTED_EDGE('',*,*,#3159,.T.);
#1497=ORIENTED_EDGE('',*,*,#3155,.T.);
#1498=ORIENTED_EDGE('',*,*,#3160,.F.);
#1499=ORIENTED_EDGE('',*,*,#3161,.F.);
#1500=ORIENTED_EDGE('',*,*,#3162,.T.);
#1501=ORIENTED_EDGE('',*,*,#3158,.T.);
#1502=ORIENTED_EDGE('',*,*,#3163,.F.);
#1503=ORIENTED_EDGE('',*,*,#3164,.F.);
#1504=ORIENTED_EDGE('',*,*,#3165,.T.);
#1505=ORIENTED_EDGE('',*,*,#3161,.T.);
#1506=ORIENTED_EDGE('',*,*,#3166,.F.);
#1507=ORIENTED_EDGE('',*,*,#3167,.F.);
#1508=ORIENTED_EDGE('',*,*,#3168,.T.);
#1509=ORIENTED_EDGE('',*,*,#3164,.T.);
#1510=ORIENTED_EDGE('',*,*,#3169,.F.);
#1511=ORIENTED_EDGE('',*,*,#3170,.F.);
#1512=ORIENTED_EDGE('',*,*,#3171,.T.);
#1513=ORIENTED_EDGE('',*,*,#3167,.T.);
#1514=ORIENTED_EDGE('',*,*,#3172,.F.);
#1515=ORIENTED_EDGE('',*,*,#3153,.F.);
#1516=ORIENTED_EDGE('',*,*,#3173,.T.);
#1517=ORIENTED_EDGE('',*,*,#3170,.T.);
#1518=ORIENTED_EDGE('',*,*,#3174,.F.);
#1519=ORIENTED_EDGE('',*,*,#3175,.F.);
#1520=ORIENTED_EDGE('',*,*,#3176,.T.);
#1521=ORIENTED_EDGE('',*,*,#3177,.T.);
#1522=ORIENTED_EDGE('',*,*,#3178,.F.);
#1523=ORIENTED_EDGE('',*,*,#3179,.F.);
#1524=ORIENTED_EDGE('',*,*,#3180,.T.);
#1525=ORIENTED_EDGE('',*,*,#3175,.T.);
#1526=ORIENTED_EDGE('',*,*,#3181,.F.);
#1527=ORIENTED_EDGE('',*,*,#3182,.F.);
#1528=ORIENTED_EDGE('',*,*,#3183,.T.);
#1529=ORIENTED_EDGE('',*,*,#3179,.T.);
#1530=ORIENTED_EDGE('',*,*,#3184,.F.);
#1531=ORIENTED_EDGE('',*,*,#3185,.F.);
#1532=ORIENTED_EDGE('',*,*,#3186,.T.);
#1533=ORIENTED_EDGE('',*,*,#3182,.T.);
#1534=ORIENTED_EDGE('',*,*,#3187,.F.);
#1535=ORIENTED_EDGE('',*,*,#3188,.F.);
#1536=ORIENTED_EDGE('',*,*,#3189,.T.);
#1537=ORIENTED_EDGE('',*,*,#3185,.T.);
#1538=ORIENTED_EDGE('',*,*,#3190,.F.);
#1539=ORIENTED_EDGE('',*,*,#3191,.F.);
#1540=ORIENTED_EDGE('',*,*,#3192,.T.);
#1541=ORIENTED_EDGE('',*,*,#3188,.T.);
#1542=ORIENTED_EDGE('',*,*,#3193,.F.);
#1543=ORIENTED_EDGE('',*,*,#3194,.F.);
#1544=ORIENTED_EDGE('',*,*,#3195,.T.);
#1545=ORIENTED_EDGE('',*,*,#3191,.T.);
#1546=ORIENTED_EDGE('',*,*,#3196,.F.);
#1547=ORIENTED_EDGE('',*,*,#3177,.F.);
#1548=ORIENTED_EDGE('',*,*,#3197,.T.);
#1549=ORIENTED_EDGE('',*,*,#3194,.T.);
#1550=ORIENTED_EDGE('',*,*,#3198,.F.);
#1551=ORIENTED_EDGE('',*,*,#3199,.F.);
#1552=ORIENTED_EDGE('',*,*,#3200,.T.);
#1553=ORIENTED_EDGE('',*,*,#3201,.T.);
#1554=ORIENTED_EDGE('',*,*,#3202,.F.);
#1555=ORIENTED_EDGE('',*,*,#3203,.F.);
#1556=ORIENTED_EDGE('',*,*,#3204,.T.);
#1557=ORIENTED_EDGE('',*,*,#3199,.T.);
#1558=ORIENTED_EDGE('',*,*,#3205,.F.);
#1559=ORIENTED_EDGE('',*,*,#3206,.F.);
#1560=ORIENTED_EDGE('',*,*,#3207,.T.);
#1561=ORIENTED_EDGE('',*,*,#3203,.T.);
#1562=ORIENTED_EDGE('',*,*,#3208,.F.);
#1563=ORIENTED_EDGE('',*,*,#3209,.F.);
#1564=ORIENTED_EDGE('',*,*,#3210,.T.);
#1565=ORIENTED_EDGE('',*,*,#3206,.T.);
#1566=ORIENTED_EDGE('',*,*,#3211,.F.);
#1567=ORIENTED_EDGE('',*,*,#3212,.F.);
#1568=ORIENTED_EDGE('',*,*,#3213,.T.);
#1569=ORIENTED_EDGE('',*,*,#3209,.T.);
#1570=ORIENTED_EDGE('',*,*,#3214,.F.);
#1571=ORIENTED_EDGE('',*,*,#3215,.F.);
#1572=ORIENTED_EDGE('',*,*,#3216,.T.);
#1573=ORIENTED_EDGE('',*,*,#3212,.T.);
#1574=ORIENTED_EDGE('',*,*,#3217,.F.);
#1575=ORIENTED_EDGE('',*,*,#3218,.F.);
#1576=ORIENTED_EDGE('',*,*,#3219,.T.);
#1577=ORIENTED_EDGE('',*,*,#3215,.T.);
#1578=ORIENTED_EDGE('',*,*,#3220,.F.);
#1579=ORIENTED_EDGE('',*,*,#3201,.F.);
#1580=ORIENTED_EDGE('',*,*,#3221,.T.);
#1581=ORIENTED_EDGE('',*,*,#3218,.T.);
#1582=ORIENTED_EDGE('',*,*,#3222,.F.);
#1583=ORIENTED_EDGE('',*,*,#3223,.F.);
#1584=ORIENTED_EDGE('',*,*,#3224,.T.);
#1585=ORIENTED_EDGE('',*,*,#3225,.T.);
#1586=ORIENTED_EDGE('',*,*,#3226,.F.);
#1587=ORIENTED_EDGE('',*,*,#3227,.F.);
#1588=ORIENTED_EDGE('',*,*,#3228,.T.);
#1589=ORIENTED_EDGE('',*,*,#3223,.T.);
#1590=ORIENTED_EDGE('',*,*,#3229,.F.);
#1591=ORIENTED_EDGE('',*,*,#3230,.F.);
#1592=ORIENTED_EDGE('',*,*,#3231,.T.);
#1593=ORIENTED_EDGE('',*,*,#3227,.T.);
#1594=ORIENTED_EDGE('',*,*,#3232,.F.);
#1595=ORIENTED_EDGE('',*,*,#3233,.F.);
#1596=ORIENTED_EDGE('',*,*,#3234,.T.);
#1597=ORIENTED_EDGE('',*,*,#3230,.T.);
#1598=ORIENTED_EDGE('',*,*,#3235,.F.);
#1599=ORIENTED_EDGE('',*,*,#3236,.F.);
#1600=ORIENTED_EDGE('',*,*,#3237,.T.);
#1601=ORIENTED_EDGE('',*,*,#3233,.T.);
#1602=ORIENTED_EDGE('',*,*,#3238,.F.);
#1603=ORIENTED_EDGE('',*,*,#3239,.F.);
#1604=ORIENTED_EDGE('',*,*,#3240,.T.);
#1605=ORIENTED_EDGE('',*,*,#3236,.T.);
#1606=ORIENTED_EDGE('',*,*,#3241,.F.);
#1607=ORIENTED_EDGE('',*,*,#3242,.F.);
#1608=ORIENTED_EDGE('',*,*,#3243,.T.);
#1609=ORIENTED_EDGE('',*,*,#3239,.T.);
#1610=ORIENTED_EDGE('',*,*,#3244,.F.);
#1611=ORIENTED_EDGE('',*,*,#3225,.F.);
#1612=ORIENTED_EDGE('',*,*,#3245,.T.);
#1613=ORIENTED_EDGE('',*,*,#3242,.T.);
#1614=ORIENTED_EDGE('',*,*,#3246,.F.);
#1615=ORIENTED_EDGE('',*,*,#3247,.F.);
#1616=ORIENTED_EDGE('',*,*,#3248,.T.);
#1617=ORIENTED_EDGE('',*,*,#3249,.T.);
#1618=ORIENTED_EDGE('',*,*,#3250,.F.);
#1619=ORIENTED_EDGE('',*,*,#3251,.F.);
#1620=ORIENTED_EDGE('',*,*,#3252,.T.);
#1621=ORIENTED_EDGE('',*,*,#3247,.T.);
#1622=ORIENTED_EDGE('',*,*,#3253,.F.);
#1623=ORIENTED_EDGE('',*,*,#3254,.F.);
#1624=ORIENTED_EDGE('',*,*,#3255,.T.);
#1625=ORIENTED_EDGE('',*,*,#3251,.T.);
#1626=ORIENTED_EDGE('',*,*,#3256,.F.);
#1627=ORIENTED_EDGE('',*,*,#3257,.F.);
#1628=ORIENTED_EDGE('',*,*,#3258,.T.);
#1629=ORIENTED_EDGE('',*,*,#3254,.T.);
#1630=ORIENTED_EDGE('',*,*,#3259,.F.);
#1631=ORIENTED_EDGE('',*,*,#3260,.F.);
#1632=ORIENTED_EDGE('',*,*,#3261,.T.);
#1633=ORIENTED_EDGE('',*,*,#3257,.T.);
#1634=ORIENTED_EDGE('',*,*,#3262,.F.);
#1635=ORIENTED_EDGE('',*,*,#3263,.F.);
#1636=ORIENTED_EDGE('',*,*,#3264,.T.);
#1637=ORIENTED_EDGE('',*,*,#3260,.T.);
#1638=ORIENTED_EDGE('',*,*,#3265,.F.);
#1639=ORIENTED_EDGE('',*,*,#3266,.F.);
#1640=ORIENTED_EDGE('',*,*,#3267,.T.);
#1641=ORIENTED_EDGE('',*,*,#3263,.T.);
#1642=ORIENTED_EDGE('',*,*,#3268,.F.);
#1643=ORIENTED_EDGE('',*,*,#3249,.F.);
#1644=ORIENTED_EDGE('',*,*,#3269,.T.);
#1645=ORIENTED_EDGE('',*,*,#3266,.T.);
#1646=ORIENTED_EDGE('',*,*,#3270,.F.);
#1647=ORIENTED_EDGE('',*,*,#3271,.F.);
#1648=ORIENTED_EDGE('',*,*,#3272,.T.);
#1649=ORIENTED_EDGE('',*,*,#3273,.T.);
#1650=ORIENTED_EDGE('',*,*,#3274,.F.);
#1651=ORIENTED_EDGE('',*,*,#3275,.F.);
#1652=ORIENTED_EDGE('',*,*,#3276,.T.);
#1653=ORIENTED_EDGE('',*,*,#3271,.T.);
#1654=ORIENTED_EDGE('',*,*,#3277,.F.);
#1655=ORIENTED_EDGE('',*,*,#3278,.F.);
#1656=ORIENTED_EDGE('',*,*,#3279,.T.);
#1657=ORIENTED_EDGE('',*,*,#3275,.T.);
#1658=ORIENTED_EDGE('',*,*,#3280,.F.);
#1659=ORIENTED_EDGE('',*,*,#3281,.F.);
#1660=ORIENTED_EDGE('',*,*,#3282,.T.);
#1661=ORIENTED_EDGE('',*,*,#3278,.T.);
#1662=ORIENTED_EDGE('',*,*,#3283,.F.);
#1663=ORIENTED_EDGE('',*,*,#3284,.F.);
#1664=ORIENTED_EDGE('',*,*,#3285,.T.);
#1665=ORIENTED_EDGE('',*,*,#3281,.T.);
#1666=ORIENTED_EDGE('',*,*,#3286,.F.);
#1667=ORIENTED_EDGE('',*,*,#3287,.F.);
#1668=ORIENTED_EDGE('',*,*,#3288,.T.);
#1669=ORIENTED_EDGE('',*,*,#3284,.T.);
#1670=ORIENTED_EDGE('',*,*,#3289,.F.);
#1671=ORIENTED_EDGE('',*,*,#3290,.F.);
#1672=ORIENTED_EDGE('',*,*,#3291,.T.);
#1673=ORIENTED_EDGE('',*,*,#3287,.T.);
#1674=ORIENTED_EDGE('',*,*,#3292,.F.);
#1675=ORIENTED_EDGE('',*,*,#3273,.F.);
#1676=ORIENTED_EDGE('',*,*,#3293,.T.);
#1677=ORIENTED_EDGE('',*,*,#3290,.T.);
#1678=ORIENTED_EDGE('',*,*,#3294,.F.);
#1679=ORIENTED_EDGE('',*,*,#3295,.F.);
#1680=ORIENTED_EDGE('',*,*,#3296,.T.);
#1681=ORIENTED_EDGE('',*,*,#3297,.T.);
#1682=ORIENTED_EDGE('',*,*,#3298,.F.);
#1683=ORIENTED_EDGE('',*,*,#3299,.F.);
#1684=ORIENTED_EDGE('',*,*,#3300,.T.);
#1685=ORIENTED_EDGE('',*,*,#3295,.T.);
#1686=ORIENTED_EDGE('',*,*,#3301,.F.);
#1687=ORIENTED_EDGE('',*,*,#3302,.F.);
#1688=ORIENTED_EDGE('',*,*,#3303,.T.);
#1689=ORIENTED_EDGE('',*,*,#3299,.T.);
#1690=ORIENTED_EDGE('',*,*,#3304,.F.);
#1691=ORIENTED_EDGE('',*,*,#3305,.F.);
#1692=ORIENTED_EDGE('',*,*,#3306,.T.);
#1693=ORIENTED_EDGE('',*,*,#3302,.T.);
#1694=ORIENTED_EDGE('',*,*,#3307,.F.);
#1695=ORIENTED_EDGE('',*,*,#3308,.F.);
#1696=ORIENTED_EDGE('',*,*,#3309,.T.);
#1697=ORIENTED_EDGE('',*,*,#3305,.T.);
#1698=ORIENTED_EDGE('',*,*,#3310,.F.);
#1699=ORIENTED_EDGE('',*,*,#3311,.F.);
#1700=ORIENTED_EDGE('',*,*,#3312,.T.);
#1701=ORIENTED_EDGE('',*,*,#3308,.T.);
#1702=ORIENTED_EDGE('',*,*,#3313,.F.);
#1703=ORIENTED_EDGE('',*,*,#3314,.F.);
#1704=ORIENTED_EDGE('',*,*,#3315,.T.);
#1705=ORIENTED_EDGE('',*,*,#3311,.T.);
#1706=ORIENTED_EDGE('',*,*,#3316,.F.);
#1707=ORIENTED_EDGE('',*,*,#3297,.F.);
#1708=ORIENTED_EDGE('',*,*,#3317,.T.);
#1709=ORIENTED_EDGE('',*,*,#3314,.T.);
#1710=ORIENTED_EDGE('',*,*,#3318,.F.);
#1711=ORIENTED_EDGE('',*,*,#3319,.F.);
#1712=ORIENTED_EDGE('',*,*,#3320,.T.);
#1713=ORIENTED_EDGE('',*,*,#3321,.T.);
#1714=ORIENTED_EDGE('',*,*,#3322,.F.);
#1715=ORIENTED_EDGE('',*,*,#3323,.F.);
#1716=ORIENTED_EDGE('',*,*,#3324,.T.);
#1717=ORIENTED_EDGE('',*,*,#3319,.T.);
#1718=ORIENTED_EDGE('',*,*,#3325,.F.);
#1719=ORIENTED_EDGE('',*,*,#3326,.F.);
#1720=ORIENTED_EDGE('',*,*,#3327,.T.);
#1721=ORIENTED_EDGE('',*,*,#3323,.T.);
#1722=ORIENTED_EDGE('',*,*,#3328,.F.);
#1723=ORIENTED_EDGE('',*,*,#3329,.F.);
#1724=ORIENTED_EDGE('',*,*,#3330,.T.);
#1725=ORIENTED_EDGE('',*,*,#3326,.T.);
#1726=ORIENTED_EDGE('',*,*,#3331,.F.);
#1727=ORIENTED_EDGE('',*,*,#3332,.F.);
#1728=ORIENTED_EDGE('',*,*,#3333,.T.);
#1729=ORIENTED_EDGE('',*,*,#3329,.T.);
#1730=ORIENTED_EDGE('',*,*,#3334,.F.);
#1731=ORIENTED_EDGE('',*,*,#3335,.F.);
#1732=ORIENTED_EDGE('',*,*,#3336,.T.);
#1733=ORIENTED_EDGE('',*,*,#3332,.T.);
#1734=ORIENTED_EDGE('',*,*,#3337,.F.);
#1735=ORIENTED_EDGE('',*,*,#3338,.F.);
#1736=ORIENTED_EDGE('',*,*,#3339,.T.);
#1737=ORIENTED_EDGE('',*,*,#3335,.T.);
#1738=ORIENTED_EDGE('',*,*,#3340,.F.);
#1739=ORIENTED_EDGE('',*,*,#3321,.F.);
#1740=ORIENTED_EDGE('',*,*,#3341,.T.);
#1741=ORIENTED_EDGE('',*,*,#3338,.T.);
#1742=ORIENTED_EDGE('',*,*,#3342,.F.);
#1743=ORIENTED_EDGE('',*,*,#3343,.F.);
#1744=ORIENTED_EDGE('',*,*,#3344,.T.);
#1745=ORIENTED_EDGE('',*,*,#3345,.T.);
#1746=ORIENTED_EDGE('',*,*,#3346,.F.);
#1747=ORIENTED_EDGE('',*,*,#3347,.F.);
#1748=ORIENTED_EDGE('',*,*,#3348,.T.);
#1749=ORIENTED_EDGE('',*,*,#3343,.T.);
#1750=ORIENTED_EDGE('',*,*,#3349,.F.);
#1751=ORIENTED_EDGE('',*,*,#3350,.F.);
#1752=ORIENTED_EDGE('',*,*,#3351,.T.);
#1753=ORIENTED_EDGE('',*,*,#3347,.T.);
#1754=ORIENTED_EDGE('',*,*,#3352,.F.);
#1755=ORIENTED_EDGE('',*,*,#3353,.F.);
#1756=ORIENTED_EDGE('',*,*,#3354,.T.);
#1757=ORIENTED_EDGE('',*,*,#3350,.T.);
#1758=ORIENTED_EDGE('',*,*,#3355,.F.);
#1759=ORIENTED_EDGE('',*,*,#3356,.F.);
#1760=ORIENTED_EDGE('',*,*,#3357,.T.);
#1761=ORIENTED_EDGE('',*,*,#3353,.T.);
#1762=ORIENTED_EDGE('',*,*,#3358,.F.);
#1763=ORIENTED_EDGE('',*,*,#3359,.F.);
#1764=ORIENTED_EDGE('',*,*,#3360,.T.);
#1765=ORIENTED_EDGE('',*,*,#3356,.T.);
#1766=ORIENTED_EDGE('',*,*,#3361,.F.);
#1767=ORIENTED_EDGE('',*,*,#3362,.F.);
#1768=ORIENTED_EDGE('',*,*,#3363,.T.);
#1769=ORIENTED_EDGE('',*,*,#3359,.T.);
#1770=ORIENTED_EDGE('',*,*,#3364,.F.);
#1771=ORIENTED_EDGE('',*,*,#3345,.F.);
#1772=ORIENTED_EDGE('',*,*,#3365,.T.);
#1773=ORIENTED_EDGE('',*,*,#3362,.T.);
#1774=ORIENTED_EDGE('',*,*,#3366,.F.);
#1775=ORIENTED_EDGE('',*,*,#3367,.F.);
#1776=ORIENTED_EDGE('',*,*,#3368,.T.);
#1777=ORIENTED_EDGE('',*,*,#3369,.T.);
#1778=ORIENTED_EDGE('',*,*,#3370,.F.);
#1779=ORIENTED_EDGE('',*,*,#3371,.F.);
#1780=ORIENTED_EDGE('',*,*,#3372,.T.);
#1781=ORIENTED_EDGE('',*,*,#3367,.T.);
#1782=ORIENTED_EDGE('',*,*,#3373,.F.);
#1783=ORIENTED_EDGE('',*,*,#3374,.F.);
#1784=ORIENTED_EDGE('',*,*,#3375,.T.);
#1785=ORIENTED_EDGE('',*,*,#3371,.T.);
#1786=ORIENTED_EDGE('',*,*,#3376,.F.);
#1787=ORIENTED_EDGE('',*,*,#3377,.F.);
#1788=ORIENTED_EDGE('',*,*,#3378,.T.);
#1789=ORIENTED_EDGE('',*,*,#3374,.T.);
#1790=ORIENTED_EDGE('',*,*,#3379,.F.);
#1791=ORIENTED_EDGE('',*,*,#3380,.F.);
#1792=ORIENTED_EDGE('',*,*,#3381,.T.);
#1793=ORIENTED_EDGE('',*,*,#3377,.T.);
#1794=ORIENTED_EDGE('',*,*,#3382,.F.);
#1795=ORIENTED_EDGE('',*,*,#3383,.F.);
#1796=ORIENTED_EDGE('',*,*,#3384,.T.);
#1797=ORIENTED_EDGE('',*,*,#3380,.T.);
#1798=ORIENTED_EDGE('',*,*,#3385,.F.);
#1799=ORIENTED_EDGE('',*,*,#3386,.F.);
#1800=ORIENTED_EDGE('',*,*,#3387,.T.);
#1801=ORIENTED_EDGE('',*,*,#3383,.T.);
#1802=ORIENTED_EDGE('',*,*,#3388,.F.);
#1803=ORIENTED_EDGE('',*,*,#3369,.F.);
#1804=ORIENTED_EDGE('',*,*,#3389,.T.);
#1805=ORIENTED_EDGE('',*,*,#3386,.T.);
#1806=ORIENTED_EDGE('',*,*,#3390,.T.);
#1807=ORIENTED_EDGE('',*,*,#3391,.F.);
#1808=ORIENTED_EDGE('',*,*,#3392,.F.);
#1809=ORIENTED_EDGE('',*,*,#3393,.T.);
#1810=ORIENTED_EDGE('',*,*,#3394,.F.);
#1811=ORIENTED_EDGE('',*,*,#3395,.T.);
#1812=ORIENTED_EDGE('',*,*,#3391,.T.);
#1813=ORIENTED_EDGE('',*,*,#3396,.F.);
#1814=ORIENTED_EDGE('',*,*,#3394,.T.);
#1815=ORIENTED_EDGE('',*,*,#3397,.F.);
#1816=ORIENTED_EDGE('',*,*,#3398,.F.);
#1817=ORIENTED_EDGE('',*,*,#3399,.F.);
#1818=ORIENTED_EDGE('',*,*,#3400,.T.);
#1819=ORIENTED_EDGE('',*,*,#3398,.T.);
#1820=ORIENTED_EDGE('',*,*,#3401,.T.);
#1821=ORIENTED_EDGE('',*,*,#3402,.F.);
#1822=ORIENTED_EDGE('',*,*,#3403,.T.);
#1823=ORIENTED_EDGE('',*,*,#3402,.T.);
#1824=ORIENTED_EDGE('',*,*,#3404,.T.);
#1825=ORIENTED_EDGE('',*,*,#3405,.F.);
#1826=ORIENTED_EDGE('',*,*,#3406,.T.);
#1827=ORIENTED_EDGE('',*,*,#3405,.T.);
#1828=ORIENTED_EDGE('',*,*,#3407,.T.);
#1829=ORIENTED_EDGE('',*,*,#3408,.F.);
#1830=ORIENTED_EDGE('',*,*,#3408,.T.);
#1831=ORIENTED_EDGE('',*,*,#3409,.F.);
#1832=ORIENTED_EDGE('',*,*,#3410,.F.);
#1833=ORIENTED_EDGE('',*,*,#3411,.F.);
#1834=ORIENTED_EDGE('',*,*,#3412,.T.);
#1835=ORIENTED_EDGE('',*,*,#3410,.T.);
#1836=ORIENTED_EDGE('',*,*,#3413,.T.);
#1837=ORIENTED_EDGE('',*,*,#3414,.F.);
#1838=ORIENTED_EDGE('',*,*,#3414,.T.);
#1839=ORIENTED_EDGE('',*,*,#3415,.F.);
#1840=ORIENTED_EDGE('',*,*,#3416,.F.);
#1841=ORIENTED_EDGE('',*,*,#3417,.F.);
#1842=ORIENTED_EDGE('',*,*,#3418,.T.);
#1843=ORIENTED_EDGE('',*,*,#3416,.T.);
#1844=ORIENTED_EDGE('',*,*,#3419,.T.);
#1845=ORIENTED_EDGE('',*,*,#3420,.F.);
#1846=ORIENTED_EDGE('',*,*,#3421,.T.);
#1847=ORIENTED_EDGE('',*,*,#3420,.T.);
#1848=ORIENTED_EDGE('',*,*,#3422,.T.);
#1849=ORIENTED_EDGE('',*,*,#3423,.F.);
#1850=ORIENTED_EDGE('',*,*,#3424,.T.);
#1851=ORIENTED_EDGE('',*,*,#3423,.T.);
#1852=ORIENTED_EDGE('',*,*,#3425,.F.);
#1853=ORIENTED_EDGE('',*,*,#3426,.F.);
#1854=ORIENTED_EDGE('',*,*,#3427,.T.);
#1855=ORIENTED_EDGE('',*,*,#3428,.F.);
#1856=ORIENTED_EDGE('',*,*,#3429,.F.);
#1857=ORIENTED_EDGE('',*,*,#3426,.T.);
#1858=ORIENTED_EDGE('',*,*,#3430,.F.);
#1859=ORIENTED_EDGE('',*,*,#3431,.F.);
#1860=ORIENTED_EDGE('',*,*,#3432,.T.);
#1861=ORIENTED_EDGE('',*,*,#3433,.T.);
#1862=ORIENTED_EDGE('',*,*,#3434,.F.);
#1863=ORIENTED_EDGE('',*,*,#3435,.F.);
#1864=ORIENTED_EDGE('',*,*,#3436,.T.);
#1865=ORIENTED_EDGE('',*,*,#3431,.T.);
#1866=ORIENTED_EDGE('',*,*,#3437,.F.);
#1867=ORIENTED_EDGE('',*,*,#3438,.F.);
#1868=ORIENTED_EDGE('',*,*,#3439,.T.);
#1869=ORIENTED_EDGE('',*,*,#3435,.T.);
#1870=ORIENTED_EDGE('',*,*,#3440,.F.);
#1871=ORIENTED_EDGE('',*,*,#3441,.F.);
#1872=ORIENTED_EDGE('',*,*,#3442,.T.);
#1873=ORIENTED_EDGE('',*,*,#3443,.T.);
#1874=ORIENTED_EDGE('',*,*,#3444,.F.);
#1875=ORIENTED_EDGE('',*,*,#3445,.F.);
#1876=ORIENTED_EDGE('',*,*,#3446,.T.);
#1877=ORIENTED_EDGE('',*,*,#3441,.T.);
#1878=ORIENTED_EDGE('',*,*,#3447,.F.);
#1879=ORIENTED_EDGE('',*,*,#3448,.F.);
#1880=ORIENTED_EDGE('',*,*,#3449,.T.);
#1881=ORIENTED_EDGE('',*,*,#3445,.T.);
#1882=ORIENTED_EDGE('',*,*,#3450,.F.);
#1883=ORIENTED_EDGE('',*,*,#3451,.F.);
#1884=ORIENTED_EDGE('',*,*,#3452,.T.);
#1885=ORIENTED_EDGE('',*,*,#3453,.T.);
#1886=ORIENTED_EDGE('',*,*,#3454,.F.);
#1887=ORIENTED_EDGE('',*,*,#3455,.F.);
#1888=ORIENTED_EDGE('',*,*,#3456,.T.);
#1889=ORIENTED_EDGE('',*,*,#3451,.T.);
#1890=ORIENTED_EDGE('',*,*,#3457,.F.);
#1891=ORIENTED_EDGE('',*,*,#3458,.F.);
#1892=ORIENTED_EDGE('',*,*,#3459,.T.);
#1893=ORIENTED_EDGE('',*,*,#3455,.T.);
#1894=ORIENTED_EDGE('',*,*,#3460,.F.);
#1895=ORIENTED_EDGE('',*,*,#3461,.F.);
#1896=ORIENTED_EDGE('',*,*,#3462,.T.);
#1897=ORIENTED_EDGE('',*,*,#3463,.T.);
#1898=ORIENTED_EDGE('',*,*,#3464,.F.);
#1899=ORIENTED_EDGE('',*,*,#3465,.F.);
#1900=ORIENTED_EDGE('',*,*,#3466,.T.);
#1901=ORIENTED_EDGE('',*,*,#3461,.T.);
#1902=ORIENTED_EDGE('',*,*,#3467,.F.);
#1903=ORIENTED_EDGE('',*,*,#3468,.F.);
#1904=ORIENTED_EDGE('',*,*,#3469,.T.);
#1905=ORIENTED_EDGE('',*,*,#3465,.T.);
#1906=ORIENTED_EDGE('',*,*,#3470,.F.);
#1907=ORIENTED_EDGE('',*,*,#3471,.F.);
#1908=ORIENTED_EDGE('',*,*,#3472,.T.);
#1909=ORIENTED_EDGE('',*,*,#3468,.T.);
#1910=ORIENTED_EDGE('',*,*,#3473,.F.);
#1911=ORIENTED_EDGE('',*,*,#3474,.F.);
#1912=ORIENTED_EDGE('',*,*,#3475,.T.);
#1913=ORIENTED_EDGE('',*,*,#3471,.T.);
#1914=ORIENTED_EDGE('',*,*,#3476,.F.);
#1915=ORIENTED_EDGE('',*,*,#3477,.F.);
#1916=ORIENTED_EDGE('',*,*,#3478,.T.);
#1917=ORIENTED_EDGE('',*,*,#3474,.T.);
#1918=ORIENTED_EDGE('',*,*,#3479,.F.);
#1919=ORIENTED_EDGE('',*,*,#3480,.F.);
#1920=ORIENTED_EDGE('',*,*,#3481,.T.);
#1921=ORIENTED_EDGE('',*,*,#3477,.T.);
#1922=ORIENTED_EDGE('',*,*,#3482,.F.);
#1923=ORIENTED_EDGE('',*,*,#3463,.F.);
#1924=ORIENTED_EDGE('',*,*,#3483,.T.);
#1925=ORIENTED_EDGE('',*,*,#3480,.T.);
#1926=ORIENTED_EDGE('',*,*,#3484,.F.);
#1927=ORIENTED_EDGE('',*,*,#3485,.F.);
#1928=ORIENTED_EDGE('',*,*,#3486,.T.);
#1929=ORIENTED_EDGE('',*,*,#3487,.T.);
#1930=ORIENTED_EDGE('',*,*,#3488,.F.);
#1931=ORIENTED_EDGE('',*,*,#3489,.F.);
#1932=ORIENTED_EDGE('',*,*,#3490,.T.);
#1933=ORIENTED_EDGE('',*,*,#3485,.T.);
#1934=ORIENTED_EDGE('',*,*,#3491,.F.);
#1935=ORIENTED_EDGE('',*,*,#3492,.F.);
#1936=ORIENTED_EDGE('',*,*,#3493,.T.);
#1937=ORIENTED_EDGE('',*,*,#3489,.T.);
#1938=ORIENTED_EDGE('',*,*,#3494,.F.);
#1939=ORIENTED_EDGE('',*,*,#3495,.F.);
#1940=ORIENTED_EDGE('',*,*,#3496,.T.);
#1941=ORIENTED_EDGE('',*,*,#3492,.T.);
#1942=ORIENTED_EDGE('',*,*,#3497,.F.);
#1943=ORIENTED_EDGE('',*,*,#3498,.F.);
#1944=ORIENTED_EDGE('',*,*,#3499,.T.);
#1945=ORIENTED_EDGE('',*,*,#3495,.T.);
#1946=ORIENTED_EDGE('',*,*,#3500,.F.);
#1947=ORIENTED_EDGE('',*,*,#3501,.F.);
#1948=ORIENTED_EDGE('',*,*,#3502,.T.);
#1949=ORIENTED_EDGE('',*,*,#3498,.T.);
#1950=ORIENTED_EDGE('',*,*,#3503,.F.);
#1951=ORIENTED_EDGE('',*,*,#3504,.F.);
#1952=ORIENTED_EDGE('',*,*,#3505,.T.);
#1953=ORIENTED_EDGE('',*,*,#3501,.T.);
#1954=ORIENTED_EDGE('',*,*,#3506,.F.);
#1955=ORIENTED_EDGE('',*,*,#3487,.F.);
#1956=ORIENTED_EDGE('',*,*,#3507,.T.);
#1957=ORIENTED_EDGE('',*,*,#3504,.T.);
#1958=ORIENTED_EDGE('',*,*,#3508,.F.);
#1959=ORIENTED_EDGE('',*,*,#3509,.F.);
#1960=ORIENTED_EDGE('',*,*,#3510,.T.);
#1961=ORIENTED_EDGE('',*,*,#3511,.T.);
#1962=ORIENTED_EDGE('',*,*,#3512,.F.);
#1963=ORIENTED_EDGE('',*,*,#3513,.F.);
#1964=ORIENTED_EDGE('',*,*,#3514,.T.);
#1965=ORIENTED_EDGE('',*,*,#3509,.T.);
#1966=ORIENTED_EDGE('',*,*,#3515,.F.);
#1967=ORIENTED_EDGE('',*,*,#3516,.F.);
#1968=ORIENTED_EDGE('',*,*,#3517,.T.);
#1969=ORIENTED_EDGE('',*,*,#3513,.T.);
#1970=ORIENTED_EDGE('',*,*,#3518,.F.);
#1971=ORIENTED_EDGE('',*,*,#3519,.F.);
#1972=ORIENTED_EDGE('',*,*,#3520,.T.);
#1973=ORIENTED_EDGE('',*,*,#3516,.T.);
#1974=ORIENTED_EDGE('',*,*,#3521,.F.);
#1975=ORIENTED_EDGE('',*,*,#3522,.F.);
#1976=ORIENTED_EDGE('',*,*,#3523,.T.);
#1977=ORIENTED_EDGE('',*,*,#3519,.T.);
#1978=ORIENTED_EDGE('',*,*,#3524,.F.);
#1979=ORIENTED_EDGE('',*,*,#3525,.F.);
#1980=ORIENTED_EDGE('',*,*,#3526,.T.);
#1981=ORIENTED_EDGE('',*,*,#3522,.T.);
#1982=ORIENTED_EDGE('',*,*,#3527,.F.);
#1983=ORIENTED_EDGE('',*,*,#3528,.F.);
#1984=ORIENTED_EDGE('',*,*,#3529,.T.);
#1985=ORIENTED_EDGE('',*,*,#3525,.T.);
#1986=ORIENTED_EDGE('',*,*,#3530,.F.);
#1987=ORIENTED_EDGE('',*,*,#3511,.F.);
#1988=ORIENTED_EDGE('',*,*,#3531,.T.);
#1989=ORIENTED_EDGE('',*,*,#3528,.T.);
#1990=ORIENTED_EDGE('',*,*,#3532,.F.);
#1991=ORIENTED_EDGE('',*,*,#3533,.F.);
#1992=ORIENTED_EDGE('',*,*,#3534,.T.);
#1993=ORIENTED_EDGE('',*,*,#3535,.T.);
#1994=ORIENTED_EDGE('',*,*,#3536,.F.);
#1995=ORIENTED_EDGE('',*,*,#3537,.F.);
#1996=ORIENTED_EDGE('',*,*,#3538,.T.);
#1997=ORIENTED_EDGE('',*,*,#3533,.T.);
#1998=ORIENTED_EDGE('',*,*,#3539,.F.);
#1999=ORIENTED_EDGE('',*,*,#3540,.F.);
#2000=ORIENTED_EDGE('',*,*,#3541,.T.);
#2001=ORIENTED_EDGE('',*,*,#3537,.T.);
#2002=ORIENTED_EDGE('',*,*,#3542,.F.);
#2003=ORIENTED_EDGE('',*,*,#3543,.F.);
#2004=ORIENTED_EDGE('',*,*,#3544,.T.);
#2005=ORIENTED_EDGE('',*,*,#3540,.T.);
#2006=ORIENTED_EDGE('',*,*,#3545,.F.);
#2007=ORIENTED_EDGE('',*,*,#3546,.F.);
#2008=ORIENTED_EDGE('',*,*,#3547,.T.);
#2009=ORIENTED_EDGE('',*,*,#3543,.T.);
#2010=ORIENTED_EDGE('',*,*,#3548,.F.);
#2011=ORIENTED_EDGE('',*,*,#3549,.F.);
#2012=ORIENTED_EDGE('',*,*,#3550,.T.);
#2013=ORIENTED_EDGE('',*,*,#3546,.T.);
#2014=ORIENTED_EDGE('',*,*,#3551,.F.);
#2015=ORIENTED_EDGE('',*,*,#3552,.F.);
#2016=ORIENTED_EDGE('',*,*,#3553,.T.);
#2017=ORIENTED_EDGE('',*,*,#3549,.T.);
#2018=ORIENTED_EDGE('',*,*,#3554,.F.);
#2019=ORIENTED_EDGE('',*,*,#3535,.F.);
#2020=ORIENTED_EDGE('',*,*,#3555,.T.);
#2021=ORIENTED_EDGE('',*,*,#3552,.T.);
#2022=ORIENTED_EDGE('',*,*,#3556,.F.);
#2023=ORIENTED_EDGE('',*,*,#3557,.F.);
#2024=ORIENTED_EDGE('',*,*,#3558,.T.);
#2025=ORIENTED_EDGE('',*,*,#3559,.T.);
#2026=ORIENTED_EDGE('',*,*,#3560,.F.);
#2027=ORIENTED_EDGE('',*,*,#3561,.F.);
#2028=ORIENTED_EDGE('',*,*,#3562,.T.);
#2029=ORIENTED_EDGE('',*,*,#3557,.T.);
#2030=ORIENTED_EDGE('',*,*,#3563,.F.);
#2031=ORIENTED_EDGE('',*,*,#3564,.F.);
#2032=ORIENTED_EDGE('',*,*,#3565,.T.);
#2033=ORIENTED_EDGE('',*,*,#3561,.T.);
#2034=ORIENTED_EDGE('',*,*,#3566,.F.);
#2035=ORIENTED_EDGE('',*,*,#3567,.F.);
#2036=ORIENTED_EDGE('',*,*,#3568,.T.);
#2037=ORIENTED_EDGE('',*,*,#3564,.T.);
#2038=ORIENTED_EDGE('',*,*,#3569,.F.);
#2039=ORIENTED_EDGE('',*,*,#3570,.F.);
#2040=ORIENTED_EDGE('',*,*,#3571,.T.);
#2041=ORIENTED_EDGE('',*,*,#3567,.T.);
#2042=ORIENTED_EDGE('',*,*,#3572,.F.);
#2043=ORIENTED_EDGE('',*,*,#3573,.F.);
#2044=ORIENTED_EDGE('',*,*,#3574,.T.);
#2045=ORIENTED_EDGE('',*,*,#3570,.T.);
#2046=ORIENTED_EDGE('',*,*,#3575,.F.);
#2047=ORIENTED_EDGE('',*,*,#3576,.F.);
#2048=ORIENTED_EDGE('',*,*,#3577,.T.);
#2049=ORIENTED_EDGE('',*,*,#3573,.T.);
#2050=ORIENTED_EDGE('',*,*,#3578,.F.);
#2051=ORIENTED_EDGE('',*,*,#3559,.F.);
#2052=ORIENTED_EDGE('',*,*,#3579,.T.);
#2053=ORIENTED_EDGE('',*,*,#3576,.T.);
#2054=ORIENTED_EDGE('',*,*,#3580,.F.);
#2055=ORIENTED_EDGE('',*,*,#3581,.F.);
#2056=ORIENTED_EDGE('',*,*,#3582,.T.);
#2057=ORIENTED_EDGE('',*,*,#3583,.T.);
#2058=ORIENTED_EDGE('',*,*,#3584,.F.);
#2059=ORIENTED_EDGE('',*,*,#3585,.F.);
#2060=ORIENTED_EDGE('',*,*,#3586,.T.);
#2061=ORIENTED_EDGE('',*,*,#3581,.T.);
#2062=ORIENTED_EDGE('',*,*,#3587,.F.);
#2063=ORIENTED_EDGE('',*,*,#3588,.F.);
#2064=ORIENTED_EDGE('',*,*,#3589,.T.);
#2065=ORIENTED_EDGE('',*,*,#3585,.T.);
#2066=ORIENTED_EDGE('',*,*,#3590,.F.);
#2067=ORIENTED_EDGE('',*,*,#3591,.F.);
#2068=ORIENTED_EDGE('',*,*,#3592,.T.);
#2069=ORIENTED_EDGE('',*,*,#3588,.T.);
#2070=ORIENTED_EDGE('',*,*,#3593,.F.);
#2071=ORIENTED_EDGE('',*,*,#3594,.F.);
#2072=ORIENTED_EDGE('',*,*,#3595,.T.);
#2073=ORIENTED_EDGE('',*,*,#3591,.T.);
#2074=ORIENTED_EDGE('',*,*,#3596,.F.);
#2075=ORIENTED_EDGE('',*,*,#3597,.F.);
#2076=ORIENTED_EDGE('',*,*,#3598,.T.);
#2077=ORIENTED_EDGE('',*,*,#3594,.T.);
#2078=ORIENTED_EDGE('',*,*,#3599,.F.);
#2079=ORIENTED_EDGE('',*,*,#3600,.F.);
#2080=ORIENTED_EDGE('',*,*,#3601,.T.);
#2081=ORIENTED_EDGE('',*,*,#3597,.T.);
#2082=ORIENTED_EDGE('',*,*,#3602,.F.);
#2083=ORIENTED_EDGE('',*,*,#3583,.F.);
#2084=ORIENTED_EDGE('',*,*,#3603,.T.);
#2085=ORIENTED_EDGE('',*,*,#3600,.T.);
#2086=ORIENTED_EDGE('',*,*,#3604,.F.);
#2087=ORIENTED_EDGE('',*,*,#3605,.F.);
#2088=ORIENTED_EDGE('',*,*,#3606,.T.);
#2089=ORIENTED_EDGE('',*,*,#3607,.T.);
#2090=ORIENTED_EDGE('',*,*,#3608,.F.);
#2091=ORIENTED_EDGE('',*,*,#3609,.F.);
#2092=ORIENTED_EDGE('',*,*,#3610,.T.);
#2093=ORIENTED_EDGE('',*,*,#3605,.T.);
#2094=ORIENTED_EDGE('',*,*,#3611,.F.);
#2095=ORIENTED_EDGE('',*,*,#3612,.F.);
#2096=ORIENTED_EDGE('',*,*,#3613,.T.);
#2097=ORIENTED_EDGE('',*,*,#3609,.T.);
#2098=ORIENTED_EDGE('',*,*,#3614,.F.);
#2099=ORIENTED_EDGE('',*,*,#3615,.F.);
#2100=ORIENTED_EDGE('',*,*,#3616,.T.);
#2101=ORIENTED_EDGE('',*,*,#3612,.T.);
#2102=ORIENTED_EDGE('',*,*,#3617,.F.);
#2103=ORIENTED_EDGE('',*,*,#3618,.F.);
#2104=ORIENTED_EDGE('',*,*,#3619,.T.);
#2105=ORIENTED_EDGE('',*,*,#3615,.T.);
#2106=ORIENTED_EDGE('',*,*,#3620,.F.);
#2107=ORIENTED_EDGE('',*,*,#3621,.F.);
#2108=ORIENTED_EDGE('',*,*,#3622,.T.);
#2109=ORIENTED_EDGE('',*,*,#3618,.T.);
#2110=ORIENTED_EDGE('',*,*,#3623,.F.);
#2111=ORIENTED_EDGE('',*,*,#3624,.F.);
#2112=ORIENTED_EDGE('',*,*,#3625,.T.);
#2113=ORIENTED_EDGE('',*,*,#3621,.T.);
#2114=ORIENTED_EDGE('',*,*,#3626,.F.);
#2115=ORIENTED_EDGE('',*,*,#3607,.F.);
#2116=ORIENTED_EDGE('',*,*,#3627,.T.);
#2117=ORIENTED_EDGE('',*,*,#3624,.T.);
#2118=ORIENTED_EDGE('',*,*,#3628,.F.);
#2119=ORIENTED_EDGE('',*,*,#3629,.F.);
#2120=ORIENTED_EDGE('',*,*,#3630,.T.);
#2121=ORIENTED_EDGE('',*,*,#3631,.T.);
#2122=ORIENTED_EDGE('',*,*,#3632,.F.);
#2123=ORIENTED_EDGE('',*,*,#3633,.F.);
#2124=ORIENTED_EDGE('',*,*,#3634,.T.);
#2125=ORIENTED_EDGE('',*,*,#3629,.T.);
#2126=ORIENTED_EDGE('',*,*,#3635,.F.);
#2127=ORIENTED_EDGE('',*,*,#3636,.F.);
#2128=ORIENTED_EDGE('',*,*,#3637,.T.);
#2129=ORIENTED_EDGE('',*,*,#3633,.T.);
#2130=ORIENTED_EDGE('',*,*,#3638,.F.);
#2131=ORIENTED_EDGE('',*,*,#3639,.F.);
#2132=ORIENTED_EDGE('',*,*,#3640,.T.);
#2133=ORIENTED_EDGE('',*,*,#3636,.T.);
#2134=ORIENTED_EDGE('',*,*,#3641,.F.);
#2135=ORIENTED_EDGE('',*,*,#3642,.F.);
#2136=ORIENTED_EDGE('',*,*,#3643,.T.);
#2137=ORIENTED_EDGE('',*,*,#3639,.T.);
#2138=ORIENTED_EDGE('',*,*,#3644,.F.);
#2139=ORIENTED_EDGE('',*,*,#3645,.F.);
#2140=ORIENTED_EDGE('',*,*,#3646,.T.);
#2141=ORIENTED_EDGE('',*,*,#3642,.T.);
#2142=ORIENTED_EDGE('',*,*,#3647,.F.);
#2143=ORIENTED_EDGE('',*,*,#3648,.F.);
#2144=ORIENTED_EDGE('',*,*,#3649,.T.);
#2145=ORIENTED_EDGE('',*,*,#3645,.T.);
#2146=ORIENTED_EDGE('',*,*,#3650,.F.);
#2147=ORIENTED_EDGE('',*,*,#3631,.F.);
#2148=ORIENTED_EDGE('',*,*,#3651,.T.);
#2149=ORIENTED_EDGE('',*,*,#3648,.T.);
#2150=ORIENTED_EDGE('',*,*,#3652,.F.);
#2151=ORIENTED_EDGE('',*,*,#3653,.F.);
#2152=ORIENTED_EDGE('',*,*,#3654,.T.);
#2153=ORIENTED_EDGE('',*,*,#3655,.T.);
#2154=ORIENTED_EDGE('',*,*,#3656,.F.);
#2155=ORIENTED_EDGE('',*,*,#3657,.F.);
#2156=ORIENTED_EDGE('',*,*,#3658,.T.);
#2157=ORIENTED_EDGE('',*,*,#3653,.T.);
#2158=ORIENTED_EDGE('',*,*,#3659,.F.);
#2159=ORIENTED_EDGE('',*,*,#3660,.F.);
#2160=ORIENTED_EDGE('',*,*,#3661,.T.);
#2161=ORIENTED_EDGE('',*,*,#3657,.T.);
#2162=ORIENTED_EDGE('',*,*,#3662,.F.);
#2163=ORIENTED_EDGE('',*,*,#3663,.F.);
#2164=ORIENTED_EDGE('',*,*,#3664,.T.);
#2165=ORIENTED_EDGE('',*,*,#3660,.T.);
#2166=ORIENTED_EDGE('',*,*,#3665,.F.);
#2167=ORIENTED_EDGE('',*,*,#3666,.F.);
#2168=ORIENTED_EDGE('',*,*,#3667,.T.);
#2169=ORIENTED_EDGE('',*,*,#3663,.T.);
#2170=ORIENTED_EDGE('',*,*,#3668,.F.);
#2171=ORIENTED_EDGE('',*,*,#3669,.F.);
#2172=ORIENTED_EDGE('',*,*,#3670,.T.);
#2173=ORIENTED_EDGE('',*,*,#3666,.T.);
#2174=ORIENTED_EDGE('',*,*,#3671,.F.);
#2175=ORIENTED_EDGE('',*,*,#3672,.F.);
#2176=ORIENTED_EDGE('',*,*,#3673,.T.);
#2177=ORIENTED_EDGE('',*,*,#3669,.T.);
#2178=ORIENTED_EDGE('',*,*,#3674,.F.);
#2179=ORIENTED_EDGE('',*,*,#3655,.F.);
#2180=ORIENTED_EDGE('',*,*,#3675,.T.);
#2181=ORIENTED_EDGE('',*,*,#3672,.T.);
#2182=ORIENTED_EDGE('',*,*,#3676,.F.);
#2183=ORIENTED_EDGE('',*,*,#3677,.F.);
#2184=ORIENTED_EDGE('',*,*,#3678,.T.);
#2185=ORIENTED_EDGE('',*,*,#3679,.T.);
#2186=ORIENTED_EDGE('',*,*,#3680,.F.);
#2187=ORIENTED_EDGE('',*,*,#3681,.F.);
#2188=ORIENTED_EDGE('',*,*,#3682,.T.);
#2189=ORIENTED_EDGE('',*,*,#3677,.T.);
#2190=ORIENTED_EDGE('',*,*,#3683,.F.);
#2191=ORIENTED_EDGE('',*,*,#3684,.F.);
#2192=ORIENTED_EDGE('',*,*,#3685,.T.);
#2193=ORIENTED_EDGE('',*,*,#3681,.T.);
#2194=ORIENTED_EDGE('',*,*,#3686,.F.);
#2195=ORIENTED_EDGE('',*,*,#3687,.F.);
#2196=ORIENTED_EDGE('',*,*,#3688,.T.);
#2197=ORIENTED_EDGE('',*,*,#3684,.T.);
#2198=ORIENTED_EDGE('',*,*,#3689,.F.);
#2199=ORIENTED_EDGE('',*,*,#3690,.F.);
#2200=ORIENTED_EDGE('',*,*,#3691,.T.);
#2201=ORIENTED_EDGE('',*,*,#3687,.T.);
#2202=ORIENTED_EDGE('',*,*,#3692,.F.);
#2203=ORIENTED_EDGE('',*,*,#3693,.F.);
#2204=ORIENTED_EDGE('',*,*,#3694,.T.);
#2205=ORIENTED_EDGE('',*,*,#3690,.T.);
#2206=ORIENTED_EDGE('',*,*,#3695,.F.);
#2207=ORIENTED_EDGE('',*,*,#3696,.F.);
#2208=ORIENTED_EDGE('',*,*,#3697,.T.);
#2209=ORIENTED_EDGE('',*,*,#3693,.T.);
#2210=ORIENTED_EDGE('',*,*,#3698,.F.);
#2211=ORIENTED_EDGE('',*,*,#3679,.F.);
#2212=ORIENTED_EDGE('',*,*,#3699,.T.);
#2213=ORIENTED_EDGE('',*,*,#3696,.T.);
#2214=ORIENTED_EDGE('',*,*,#3700,.F.);
#2215=ORIENTED_EDGE('',*,*,#3701,.F.);
#2216=ORIENTED_EDGE('',*,*,#3702,.T.);
#2217=ORIENTED_EDGE('',*,*,#3703,.T.);
#2218=ORIENTED_EDGE('',*,*,#3704,.F.);
#2219=ORIENTED_EDGE('',*,*,#3705,.F.);
#2220=ORIENTED_EDGE('',*,*,#3706,.T.);
#2221=ORIENTED_EDGE('',*,*,#3701,.T.);
#2222=ORIENTED_EDGE('',*,*,#3707,.F.);
#2223=ORIENTED_EDGE('',*,*,#3708,.F.);
#2224=ORIENTED_EDGE('',*,*,#3709,.T.);
#2225=ORIENTED_EDGE('',*,*,#3705,.T.);
#2226=ORIENTED_EDGE('',*,*,#3710,.F.);
#2227=ORIENTED_EDGE('',*,*,#3711,.F.);
#2228=ORIENTED_EDGE('',*,*,#3712,.T.);
#2229=ORIENTED_EDGE('',*,*,#3708,.T.);
#2230=ORIENTED_EDGE('',*,*,#3713,.F.);
#2231=ORIENTED_EDGE('',*,*,#3714,.F.);
#2232=ORIENTED_EDGE('',*,*,#3715,.T.);
#2233=ORIENTED_EDGE('',*,*,#3711,.T.);
#2234=ORIENTED_EDGE('',*,*,#3716,.F.);
#2235=ORIENTED_EDGE('',*,*,#3717,.F.);
#2236=ORIENTED_EDGE('',*,*,#3718,.T.);
#2237=ORIENTED_EDGE('',*,*,#3714,.T.);
#2238=ORIENTED_EDGE('',*,*,#3719,.F.);
#2239=ORIENTED_EDGE('',*,*,#3720,.F.);
#2240=ORIENTED_EDGE('',*,*,#3721,.T.);
#2241=ORIENTED_EDGE('',*,*,#3717,.T.);
#2242=ORIENTED_EDGE('',*,*,#3722,.F.);
#2243=ORIENTED_EDGE('',*,*,#3703,.F.);
#2244=ORIENTED_EDGE('',*,*,#3723,.T.);
#2245=ORIENTED_EDGE('',*,*,#3720,.T.);
#2246=ORIENTED_EDGE('',*,*,#3724,.F.);
#2247=ORIENTED_EDGE('',*,*,#3725,.F.);
#2248=ORIENTED_EDGE('',*,*,#3726,.T.);
#2249=ORIENTED_EDGE('',*,*,#3727,.T.);
#2250=ORIENTED_EDGE('',*,*,#3728,.F.);
#2251=ORIENTED_EDGE('',*,*,#3729,.F.);
#2252=ORIENTED_EDGE('',*,*,#3730,.T.);
#2253=ORIENTED_EDGE('',*,*,#3725,.T.);
#2254=ORIENTED_EDGE('',*,*,#3731,.F.);
#2255=ORIENTED_EDGE('',*,*,#3732,.F.);
#2256=ORIENTED_EDGE('',*,*,#3733,.T.);
#2257=ORIENTED_EDGE('',*,*,#3729,.T.);
#2258=ORIENTED_EDGE('',*,*,#3734,.F.);
#2259=ORIENTED_EDGE('',*,*,#3735,.F.);
#2260=ORIENTED_EDGE('',*,*,#3736,.T.);
#2261=ORIENTED_EDGE('',*,*,#3732,.T.);
#2262=ORIENTED_EDGE('',*,*,#3737,.F.);
#2263=ORIENTED_EDGE('',*,*,#3738,.F.);
#2264=ORIENTED_EDGE('',*,*,#3739,.T.);
#2265=ORIENTED_EDGE('',*,*,#3735,.T.);
#2266=ORIENTED_EDGE('',*,*,#3740,.F.);
#2267=ORIENTED_EDGE('',*,*,#3741,.F.);
#2268=ORIENTED_EDGE('',*,*,#3742,.T.);
#2269=ORIENTED_EDGE('',*,*,#3738,.T.);
#2270=ORIENTED_EDGE('',*,*,#3743,.F.);
#2271=ORIENTED_EDGE('',*,*,#3744,.F.);
#2272=ORIENTED_EDGE('',*,*,#3745,.T.);
#2273=ORIENTED_EDGE('',*,*,#3741,.T.);
#2274=ORIENTED_EDGE('',*,*,#3746,.F.);
#2275=ORIENTED_EDGE('',*,*,#3727,.F.);
#2276=ORIENTED_EDGE('',*,*,#3747,.T.);
#2277=ORIENTED_EDGE('',*,*,#3744,.T.);
#2278=ORIENTED_EDGE('',*,*,#3748,.F.);
#2279=ORIENTED_EDGE('',*,*,#3749,.F.);
#2280=ORIENTED_EDGE('',*,*,#3750,.T.);
#2281=ORIENTED_EDGE('',*,*,#3751,.T.);
#2282=ORIENTED_EDGE('',*,*,#3752,.F.);
#2283=ORIENTED_EDGE('',*,*,#3753,.F.);
#2284=ORIENTED_EDGE('',*,*,#3754,.T.);
#2285=ORIENTED_EDGE('',*,*,#3749,.T.);
#2286=ORIENTED_EDGE('',*,*,#3755,.F.);
#2287=ORIENTED_EDGE('',*,*,#3756,.F.);
#2288=ORIENTED_EDGE('',*,*,#3757,.T.);
#2289=ORIENTED_EDGE('',*,*,#3753,.T.);
#2290=ORIENTED_EDGE('',*,*,#3758,.F.);
#2291=ORIENTED_EDGE('',*,*,#3759,.F.);
#2292=ORIENTED_EDGE('',*,*,#3760,.T.);
#2293=ORIENTED_EDGE('',*,*,#3756,.T.);
#2294=ORIENTED_EDGE('',*,*,#3761,.F.);
#2295=ORIENTED_EDGE('',*,*,#3762,.F.);
#2296=ORIENTED_EDGE('',*,*,#3763,.T.);
#2297=ORIENTED_EDGE('',*,*,#3759,.T.);
#2298=ORIENTED_EDGE('',*,*,#3764,.F.);
#2299=ORIENTED_EDGE('',*,*,#3765,.F.);
#2300=ORIENTED_EDGE('',*,*,#3766,.T.);
#2301=ORIENTED_EDGE('',*,*,#3762,.T.);
#2302=ORIENTED_EDGE('',*,*,#3767,.F.);
#2303=ORIENTED_EDGE('',*,*,#3768,.F.);
#2304=ORIENTED_EDGE('',*,*,#3769,.T.);
#2305=ORIENTED_EDGE('',*,*,#3765,.T.);
#2306=ORIENTED_EDGE('',*,*,#3770,.F.);
#2307=ORIENTED_EDGE('',*,*,#3751,.F.);
#2308=ORIENTED_EDGE('',*,*,#3771,.T.);
#2309=ORIENTED_EDGE('',*,*,#3768,.T.);
#2310=ORIENTED_EDGE('',*,*,#3772,.F.);
#2311=ORIENTED_EDGE('',*,*,#3773,.F.);
#2312=ORIENTED_EDGE('',*,*,#3774,.T.);
#2313=ORIENTED_EDGE('',*,*,#3775,.T.);
#2314=ORIENTED_EDGE('',*,*,#3776,.F.);
#2315=ORIENTED_EDGE('',*,*,#3777,.F.);
#2316=ORIENTED_EDGE('',*,*,#3778,.T.);
#2317=ORIENTED_EDGE('',*,*,#3773,.T.);
#2318=ORIENTED_EDGE('',*,*,#3779,.F.);
#2319=ORIENTED_EDGE('',*,*,#3780,.F.);
#2320=ORIENTED_EDGE('',*,*,#3781,.T.);
#2321=ORIENTED_EDGE('',*,*,#3777,.T.);
#2322=ORIENTED_EDGE('',*,*,#3782,.F.);
#2323=ORIENTED_EDGE('',*,*,#3783,.F.);
#2324=ORIENTED_EDGE('',*,*,#3784,.T.);
#2325=ORIENTED_EDGE('',*,*,#3780,.T.);
#2326=ORIENTED_EDGE('',*,*,#3785,.F.);
#2327=ORIENTED_EDGE('',*,*,#3786,.F.);
#2328=ORIENTED_EDGE('',*,*,#3787,.T.);
#2329=ORIENTED_EDGE('',*,*,#3783,.T.);
#2330=ORIENTED_EDGE('',*,*,#3788,.F.);
#2331=ORIENTED_EDGE('',*,*,#3789,.F.);
#2332=ORIENTED_EDGE('',*,*,#3790,.T.);
#2333=ORIENTED_EDGE('',*,*,#3786,.T.);
#2334=ORIENTED_EDGE('',*,*,#3791,.F.);
#2335=ORIENTED_EDGE('',*,*,#3792,.F.);
#2336=ORIENTED_EDGE('',*,*,#3793,.T.);
#2337=ORIENTED_EDGE('',*,*,#3789,.T.);
#2338=ORIENTED_EDGE('',*,*,#3794,.F.);
#2339=ORIENTED_EDGE('',*,*,#3775,.F.);
#2340=ORIENTED_EDGE('',*,*,#3795,.T.);
#2341=ORIENTED_EDGE('',*,*,#3792,.T.);
#2342=ORIENTED_EDGE('',*,*,#3796,.F.);
#2343=ORIENTED_EDGE('',*,*,#3797,.F.);
#2344=ORIENTED_EDGE('',*,*,#3798,.T.);
#2345=ORIENTED_EDGE('',*,*,#3799,.T.);
#2346=ORIENTED_EDGE('',*,*,#3800,.F.);
#2347=ORIENTED_EDGE('',*,*,#3801,.F.);
#2348=ORIENTED_EDGE('',*,*,#3802,.T.);
#2349=ORIENTED_EDGE('',*,*,#3797,.T.);
#2350=ORIENTED_EDGE('',*,*,#3803,.F.);
#2351=ORIENTED_EDGE('',*,*,#3804,.F.);
#2352=ORIENTED_EDGE('',*,*,#3805,.T.);
#2353=ORIENTED_EDGE('',*,*,#3801,.T.);
#2354=ORIENTED_EDGE('',*,*,#3806,.F.);
#2355=ORIENTED_EDGE('',*,*,#3807,.F.);
#2356=ORIENTED_EDGE('',*,*,#3808,.T.);
#2357=ORIENTED_EDGE('',*,*,#3804,.T.);
#2358=ORIENTED_EDGE('',*,*,#3809,.F.);
#2359=ORIENTED_EDGE('',*,*,#3810,.F.);
#2360=ORIENTED_EDGE('',*,*,#3811,.T.);
#2361=ORIENTED_EDGE('',*,*,#3807,.T.);
#2362=ORIENTED_EDGE('',*,*,#3812,.F.);
#2363=ORIENTED_EDGE('',*,*,#3813,.F.);
#2364=ORIENTED_EDGE('',*,*,#3814,.T.);
#2365=ORIENTED_EDGE('',*,*,#3810,.T.);
#2366=ORIENTED_EDGE('',*,*,#3815,.F.);
#2367=ORIENTED_EDGE('',*,*,#3816,.F.);
#2368=ORIENTED_EDGE('',*,*,#3817,.T.);
#2369=ORIENTED_EDGE('',*,*,#3813,.T.);
#2370=ORIENTED_EDGE('',*,*,#3818,.F.);
#2371=ORIENTED_EDGE('',*,*,#3799,.F.);
#2372=ORIENTED_EDGE('',*,*,#3819,.T.);
#2373=ORIENTED_EDGE('',*,*,#3816,.T.);
#2374=ORIENTED_EDGE('',*,*,#3818,.T.);
#2375=ORIENTED_EDGE('',*,*,#3815,.T.);
#2376=ORIENTED_EDGE('',*,*,#3812,.T.);
#2377=ORIENTED_EDGE('',*,*,#3809,.T.);
#2378=ORIENTED_EDGE('',*,*,#3806,.T.);
#2379=ORIENTED_EDGE('',*,*,#3803,.T.);
#2380=ORIENTED_EDGE('',*,*,#3800,.T.);
#2381=ORIENTED_EDGE('',*,*,#3796,.T.);
#2382=ORIENTED_EDGE('',*,*,#3794,.T.);
#2383=ORIENTED_EDGE('',*,*,#3791,.T.);
#2384=ORIENTED_EDGE('',*,*,#3788,.T.);
#2385=ORIENTED_EDGE('',*,*,#3785,.T.);
#2386=ORIENTED_EDGE('',*,*,#3782,.T.);
#2387=ORIENTED_EDGE('',*,*,#3779,.T.);
#2388=ORIENTED_EDGE('',*,*,#3776,.T.);
#2389=ORIENTED_EDGE('',*,*,#3772,.T.);
#2390=ORIENTED_EDGE('',*,*,#3770,.T.);
#2391=ORIENTED_EDGE('',*,*,#3767,.T.);
#2392=ORIENTED_EDGE('',*,*,#3764,.T.);
#2393=ORIENTED_EDGE('',*,*,#3761,.T.);
#2394=ORIENTED_EDGE('',*,*,#3758,.T.);
#2395=ORIENTED_EDGE('',*,*,#3755,.T.);
#2396=ORIENTED_EDGE('',*,*,#3752,.T.);
#2397=ORIENTED_EDGE('',*,*,#3748,.T.);
#2398=ORIENTED_EDGE('',*,*,#3746,.T.);
#2399=ORIENTED_EDGE('',*,*,#3743,.T.);
#2400=ORIENTED_EDGE('',*,*,#3740,.T.);
#2401=ORIENTED_EDGE('',*,*,#3737,.T.);
#2402=ORIENTED_EDGE('',*,*,#3734,.T.);
#2403=ORIENTED_EDGE('',*,*,#3731,.T.);
#2404=ORIENTED_EDGE('',*,*,#3728,.T.);
#2405=ORIENTED_EDGE('',*,*,#3724,.T.);
#2406=ORIENTED_EDGE('',*,*,#3722,.T.);
#2407=ORIENTED_EDGE('',*,*,#3719,.T.);
#2408=ORIENTED_EDGE('',*,*,#3716,.T.);
#2409=ORIENTED_EDGE('',*,*,#3713,.T.);
#2410=ORIENTED_EDGE('',*,*,#3710,.T.);
#2411=ORIENTED_EDGE('',*,*,#3707,.T.);
#2412=ORIENTED_EDGE('',*,*,#3704,.T.);
#2413=ORIENTED_EDGE('',*,*,#3700,.T.);
#2414=ORIENTED_EDGE('',*,*,#3698,.T.);
#2415=ORIENTED_EDGE('',*,*,#3695,.T.);
#2416=ORIENTED_EDGE('',*,*,#3692,.T.);
#2417=ORIENTED_EDGE('',*,*,#3689,.T.);
#2418=ORIENTED_EDGE('',*,*,#3686,.T.);
#2419=ORIENTED_EDGE('',*,*,#3683,.T.);
#2420=ORIENTED_EDGE('',*,*,#3680,.T.);
#2421=ORIENTED_EDGE('',*,*,#3676,.T.);
#2422=ORIENTED_EDGE('',*,*,#3674,.T.);
#2423=ORIENTED_EDGE('',*,*,#3671,.T.);
#2424=ORIENTED_EDGE('',*,*,#3668,.T.);
#2425=ORIENTED_EDGE('',*,*,#3665,.T.);
#2426=ORIENTED_EDGE('',*,*,#3662,.T.);
#2427=ORIENTED_EDGE('',*,*,#3659,.T.);
#2428=ORIENTED_EDGE('',*,*,#3656,.T.);
#2429=ORIENTED_EDGE('',*,*,#3652,.T.);
#2430=ORIENTED_EDGE('',*,*,#3650,.T.);
#2431=ORIENTED_EDGE('',*,*,#3647,.T.);
#2432=ORIENTED_EDGE('',*,*,#3644,.T.);
#2433=ORIENTED_EDGE('',*,*,#3641,.T.);
#2434=ORIENTED_EDGE('',*,*,#3638,.T.);
#2435=ORIENTED_EDGE('',*,*,#3635,.T.);
#2436=ORIENTED_EDGE('',*,*,#3632,.T.);
#2437=ORIENTED_EDGE('',*,*,#3628,.T.);
#2438=ORIENTED_EDGE('',*,*,#3626,.T.);
#2439=ORIENTED_EDGE('',*,*,#3623,.T.);
#2440=ORIENTED_EDGE('',*,*,#3620,.T.);
#2441=ORIENTED_EDGE('',*,*,#3617,.T.);
#2442=ORIENTED_EDGE('',*,*,#3614,.T.);
#2443=ORIENTED_EDGE('',*,*,#3611,.T.);
#2444=ORIENTED_EDGE('',*,*,#3608,.T.);
#2445=ORIENTED_EDGE('',*,*,#3604,.T.);
#2446=ORIENTED_EDGE('',*,*,#3602,.T.);
#2447=ORIENTED_EDGE('',*,*,#3599,.T.);
#2448=ORIENTED_EDGE('',*,*,#3596,.T.);
#2449=ORIENTED_EDGE('',*,*,#3593,.T.);
#2450=ORIENTED_EDGE('',*,*,#3590,.T.);
#2451=ORIENTED_EDGE('',*,*,#3587,.T.);
#2452=ORIENTED_EDGE('',*,*,#3584,.T.);
#2453=ORIENTED_EDGE('',*,*,#3580,.T.);
#2454=ORIENTED_EDGE('',*,*,#3578,.T.);
#2455=ORIENTED_EDGE('',*,*,#3575,.T.);
#2456=ORIENTED_EDGE('',*,*,#3572,.T.);
#2457=ORIENTED_EDGE('',*,*,#3569,.T.);
#2458=ORIENTED_EDGE('',*,*,#3566,.T.);
#2459=ORIENTED_EDGE('',*,*,#3563,.T.);
#2460=ORIENTED_EDGE('',*,*,#3560,.T.);
#2461=ORIENTED_EDGE('',*,*,#3556,.T.);
#2462=ORIENTED_EDGE('',*,*,#3554,.T.);
#2463=ORIENTED_EDGE('',*,*,#3551,.T.);
#2464=ORIENTED_EDGE('',*,*,#3548,.T.);
#2465=ORIENTED_EDGE('',*,*,#3545,.T.);
#2466=ORIENTED_EDGE('',*,*,#3542,.T.);
#2467=ORIENTED_EDGE('',*,*,#3539,.T.);
#2468=ORIENTED_EDGE('',*,*,#3536,.T.);
#2469=ORIENTED_EDGE('',*,*,#3532,.T.);
#2470=ORIENTED_EDGE('',*,*,#3530,.T.);
#2471=ORIENTED_EDGE('',*,*,#3527,.T.);
#2472=ORIENTED_EDGE('',*,*,#3524,.T.);
#2473=ORIENTED_EDGE('',*,*,#3521,.T.);
#2474=ORIENTED_EDGE('',*,*,#3518,.T.);
#2475=ORIENTED_EDGE('',*,*,#3515,.T.);
#2476=ORIENTED_EDGE('',*,*,#3512,.T.);
#2477=ORIENTED_EDGE('',*,*,#3508,.T.);
#2478=ORIENTED_EDGE('',*,*,#3506,.T.);
#2479=ORIENTED_EDGE('',*,*,#3503,.T.);
#2480=ORIENTED_EDGE('',*,*,#3500,.T.);
#2481=ORIENTED_EDGE('',*,*,#3497,.T.);
#2482=ORIENTED_EDGE('',*,*,#3494,.T.);
#2483=ORIENTED_EDGE('',*,*,#3491,.T.);
#2484=ORIENTED_EDGE('',*,*,#3488,.T.);
#2485=ORIENTED_EDGE('',*,*,#3484,.T.);
#2486=ORIENTED_EDGE('',*,*,#3482,.T.);
#2487=ORIENTED_EDGE('',*,*,#3479,.T.);
#2488=ORIENTED_EDGE('',*,*,#3476,.T.);
#2489=ORIENTED_EDGE('',*,*,#3473,.T.);
#2490=ORIENTED_EDGE('',*,*,#3470,.T.);
#2491=ORIENTED_EDGE('',*,*,#3467,.T.);
#2492=ORIENTED_EDGE('',*,*,#3464,.T.);
#2493=ORIENTED_EDGE('',*,*,#3460,.T.);
#2494=ORIENTED_EDGE('',*,*,#3820,.F.);
#2495=ORIENTED_EDGE('',*,*,#3821,.F.);
#2496=ORIENTED_EDGE('',*,*,#3822,.T.);
#2497=ORIENTED_EDGE('',*,*,#3823,.T.);
#2498=ORIENTED_EDGE('',*,*,#3824,.T.);
#2499=ORIENTED_EDGE('',*,*,#3457,.T.);
#2500=ORIENTED_EDGE('',*,*,#3454,.T.);
#2501=ORIENTED_EDGE('',*,*,#3450,.T.);
#2502=ORIENTED_EDGE('',*,*,#3825,.T.);
#2503=ORIENTED_EDGE('',*,*,#3826,.T.);
#2504=ORIENTED_EDGE('',*,*,#3827,.T.);
#2505=ORIENTED_EDGE('',*,*,#3447,.T.);
#2506=ORIENTED_EDGE('',*,*,#3444,.T.);
#2507=ORIENTED_EDGE('',*,*,#3440,.T.);
#2508=ORIENTED_EDGE('',*,*,#3828,.T.);
#2509=ORIENTED_EDGE('',*,*,#3829,.T.);
#2510=ORIENTED_EDGE('',*,*,#3830,.T.);
#2511=ORIENTED_EDGE('',*,*,#3437,.T.);
#2512=ORIENTED_EDGE('',*,*,#3434,.T.);
#2513=ORIENTED_EDGE('',*,*,#3430,.T.);
#2514=ORIENTED_EDGE('',*,*,#3831,.T.);
#2515=ORIENTED_EDGE('',*,*,#3832,.T.);
#2516=ORIENTED_EDGE('',*,*,#3833,.F.);
#2517=ORIENTED_EDGE('',*,*,#3834,.T.);
#2518=ORIENTED_EDGE('',*,*,#3835,.T.);
#2519=ORIENTED_EDGE('',*,*,#3427,.F.);
#2520=ORIENTED_EDGE('',*,*,#3425,.T.);
#2521=ORIENTED_EDGE('',*,*,#3422,.F.);
#2522=ORIENTED_EDGE('',*,*,#3419,.F.);
#2523=ORIENTED_EDGE('',*,*,#3415,.T.);
#2524=ORIENTED_EDGE('',*,*,#3413,.F.);
#2525=ORIENTED_EDGE('',*,*,#3409,.T.);
#2526=ORIENTED_EDGE('',*,*,#3407,.F.);
#2527=ORIENTED_EDGE('',*,*,#3404,.F.);
#2528=ORIENTED_EDGE('',*,*,#3401,.F.);
#2529=ORIENTED_EDGE('',*,*,#3397,.T.);
#2530=ORIENTED_EDGE('',*,*,#3396,.T.);
#2531=ORIENTED_EDGE('',*,*,#3390,.F.);
#2532=ORIENTED_EDGE('',*,*,#3388,.T.);
#2533=ORIENTED_EDGE('',*,*,#3385,.T.);
#2534=ORIENTED_EDGE('',*,*,#3382,.T.);
#2535=ORIENTED_EDGE('',*,*,#3379,.T.);
#2536=ORIENTED_EDGE('',*,*,#3376,.T.);
#2537=ORIENTED_EDGE('',*,*,#3373,.T.);
#2538=ORIENTED_EDGE('',*,*,#3370,.T.);
#2539=ORIENTED_EDGE('',*,*,#3366,.T.);
#2540=ORIENTED_EDGE('',*,*,#3364,.T.);
#2541=ORIENTED_EDGE('',*,*,#3361,.T.);
#2542=ORIENTED_EDGE('',*,*,#3358,.T.);
#2543=ORIENTED_EDGE('',*,*,#3355,.T.);
#2544=ORIENTED_EDGE('',*,*,#3352,.T.);
#2545=ORIENTED_EDGE('',*,*,#3349,.T.);
#2546=ORIENTED_EDGE('',*,*,#3346,.T.);
#2547=ORIENTED_EDGE('',*,*,#3342,.T.);
#2548=ORIENTED_EDGE('',*,*,#3340,.T.);
#2549=ORIENTED_EDGE('',*,*,#3337,.T.);
#2550=ORIENTED_EDGE('',*,*,#3334,.T.);
#2551=ORIENTED_EDGE('',*,*,#3331,.T.);
#2552=ORIENTED_EDGE('',*,*,#3328,.T.);
#2553=ORIENTED_EDGE('',*,*,#3325,.T.);
#2554=ORIENTED_EDGE('',*,*,#3322,.T.);
#2555=ORIENTED_EDGE('',*,*,#3318,.T.);
#2556=ORIENTED_EDGE('',*,*,#3316,.T.);
#2557=ORIENTED_EDGE('',*,*,#3313,.T.);
#2558=ORIENTED_EDGE('',*,*,#3310,.T.);
#2559=ORIENTED_EDGE('',*,*,#3307,.T.);
#2560=ORIENTED_EDGE('',*,*,#3304,.T.);
#2561=ORIENTED_EDGE('',*,*,#3301,.T.);
#2562=ORIENTED_EDGE('',*,*,#3298,.T.);
#2563=ORIENTED_EDGE('',*,*,#3294,.T.);
#2564=ORIENTED_EDGE('',*,*,#3292,.T.);
#2565=ORIENTED_EDGE('',*,*,#3289,.T.);
#2566=ORIENTED_EDGE('',*,*,#3286,.T.);
#2567=ORIENTED_EDGE('',*,*,#3283,.T.);
#2568=ORIENTED_EDGE('',*,*,#3280,.T.);
#2569=ORIENTED_EDGE('',*,*,#3277,.T.);
#2570=ORIENTED_EDGE('',*,*,#3274,.T.);
#2571=ORIENTED_EDGE('',*,*,#3270,.T.);
#2572=ORIENTED_EDGE('',*,*,#3268,.T.);
#2573=ORIENTED_EDGE('',*,*,#3265,.T.);
#2574=ORIENTED_EDGE('',*,*,#3262,.T.);
#2575=ORIENTED_EDGE('',*,*,#3259,.T.);
#2576=ORIENTED_EDGE('',*,*,#3256,.T.);
#2577=ORIENTED_EDGE('',*,*,#3253,.T.);
#2578=ORIENTED_EDGE('',*,*,#3250,.T.);
#2579=ORIENTED_EDGE('',*,*,#3246,.T.);
#2580=ORIENTED_EDGE('',*,*,#3244,.T.);
#2581=ORIENTED_EDGE('',*,*,#3241,.T.);
#2582=ORIENTED_EDGE('',*,*,#3238,.T.);
#2583=ORIENTED_EDGE('',*,*,#3235,.T.);
#2584=ORIENTED_EDGE('',*,*,#3232,.T.);
#2585=ORIENTED_EDGE('',*,*,#3229,.T.);
#2586=ORIENTED_EDGE('',*,*,#3226,.T.);
#2587=ORIENTED_EDGE('',*,*,#3222,.T.);
#2588=ORIENTED_EDGE('',*,*,#3220,.T.);
#2589=ORIENTED_EDGE('',*,*,#3217,.T.);
#2590=ORIENTED_EDGE('',*,*,#3214,.T.);
#2591=ORIENTED_EDGE('',*,*,#3211,.T.);
#2592=ORIENTED_EDGE('',*,*,#3208,.T.);
#2593=ORIENTED_EDGE('',*,*,#3205,.T.);
#2594=ORIENTED_EDGE('',*,*,#3202,.T.);
#2595=ORIENTED_EDGE('',*,*,#3198,.T.);
#2596=ORIENTED_EDGE('',*,*,#3196,.T.);
#2597=ORIENTED_EDGE('',*,*,#3193,.T.);
#2598=ORIENTED_EDGE('',*,*,#3190,.T.);
#2599=ORIENTED_EDGE('',*,*,#3187,.T.);
#2600=ORIENTED_EDGE('',*,*,#3184,.T.);
#2601=ORIENTED_EDGE('',*,*,#3181,.T.);
#2602=ORIENTED_EDGE('',*,*,#3178,.T.);
#2603=ORIENTED_EDGE('',*,*,#3174,.T.);
#2604=ORIENTED_EDGE('',*,*,#3172,.T.);
#2605=ORIENTED_EDGE('',*,*,#3169,.T.);
#2606=ORIENTED_EDGE('',*,*,#3166,.T.);
#2607=ORIENTED_EDGE('',*,*,#3163,.T.);
#2608=ORIENTED_EDGE('',*,*,#3160,.T.);
#2609=ORIENTED_EDGE('',*,*,#3157,.T.);
#2610=ORIENTED_EDGE('',*,*,#3154,.T.);
#2611=ORIENTED_EDGE('',*,*,#3150,.T.);
#2612=ORIENTED_EDGE('',*,*,#3148,.T.);
#2613=ORIENTED_EDGE('',*,*,#3145,.T.);
#2614=ORIENTED_EDGE('',*,*,#3142,.T.);
#2615=ORIENTED_EDGE('',*,*,#3139,.T.);
#2616=ORIENTED_EDGE('',*,*,#3136,.T.);
#2617=ORIENTED_EDGE('',*,*,#3133,.T.);
#2618=ORIENTED_EDGE('',*,*,#3130,.T.);
#2619=ORIENTED_EDGE('',*,*,#3126,.T.);
#2620=ORIENTED_EDGE('',*,*,#3124,.T.);
#2621=ORIENTED_EDGE('',*,*,#3121,.T.);
#2622=ORIENTED_EDGE('',*,*,#3118,.T.);
#2623=ORIENTED_EDGE('',*,*,#3115,.T.);
#2624=ORIENTED_EDGE('',*,*,#3112,.T.);
#2625=ORIENTED_EDGE('',*,*,#3109,.T.);
#2626=ORIENTED_EDGE('',*,*,#3106,.T.);
#2627=ORIENTED_EDGE('',*,*,#3102,.T.);
#2628=ORIENTED_EDGE('',*,*,#3100,.T.);
#2629=ORIENTED_EDGE('',*,*,#3097,.T.);
#2630=ORIENTED_EDGE('',*,*,#3094,.T.);
#2631=ORIENTED_EDGE('',*,*,#3091,.T.);
#2632=ORIENTED_EDGE('',*,*,#3088,.T.);
#2633=ORIENTED_EDGE('',*,*,#3085,.T.);
#2634=ORIENTED_EDGE('',*,*,#3082,.T.);
#2635=ORIENTED_EDGE('',*,*,#3078,.T.);
#2636=ORIENTED_EDGE('',*,*,#3076,.T.);
#2637=ORIENTED_EDGE('',*,*,#3073,.T.);
#2638=ORIENTED_EDGE('',*,*,#3070,.T.);
#2639=ORIENTED_EDGE('',*,*,#3067,.T.);
#2640=ORIENTED_EDGE('',*,*,#3064,.T.);
#2641=ORIENTED_EDGE('',*,*,#3061,.T.);
#2642=ORIENTED_EDGE('',*,*,#3058,.T.);
#2643=ORIENTED_EDGE('',*,*,#3054,.T.);
#2644=ORIENTED_EDGE('',*,*,#3052,.T.);
#2645=ORIENTED_EDGE('',*,*,#3049,.T.);
#2646=ORIENTED_EDGE('',*,*,#3046,.T.);
#2647=ORIENTED_EDGE('',*,*,#3043,.T.);
#2648=ORIENTED_EDGE('',*,*,#3040,.T.);
#2649=ORIENTED_EDGE('',*,*,#3037,.T.);
#2650=ORIENTED_EDGE('',*,*,#3034,.T.);
#2651=ORIENTED_EDGE('',*,*,#3030,.T.);
#2652=ORIENTED_EDGE('',*,*,#3029,.T.);
#2653=ORIENTED_EDGE('',*,*,#3027,.T.);
#2654=ORIENTED_EDGE('',*,*,#3025,.T.);
#2655=ORIENTED_EDGE('',*,*,#3023,.T.);
#2656=ORIENTED_EDGE('',*,*,#3021,.T.);
#2657=ORIENTED_EDGE('',*,*,#3019,.T.);
#2658=ORIENTED_EDGE('',*,*,#3836,.F.);
#2659=ORIENTED_EDGE('',*,*,#3837,.T.);
#2660=ORIENTED_EDGE('',*,*,#3392,.T.);
#2661=ORIENTED_EDGE('',*,*,#3395,.F.);
#2662=ORIENTED_EDGE('',*,*,#3399,.T.);
#2663=ORIENTED_EDGE('',*,*,#3400,.F.);
#2664=ORIENTED_EDGE('',*,*,#3403,.F.);
#2665=ORIENTED_EDGE('',*,*,#3406,.F.);
#2666=ORIENTED_EDGE('',*,*,#3411,.T.);
#2667=ORIENTED_EDGE('',*,*,#3412,.F.);
#2668=ORIENTED_EDGE('',*,*,#3417,.T.);
#2669=ORIENTED_EDGE('',*,*,#3418,.F.);
#2670=ORIENTED_EDGE('',*,*,#3421,.F.);
#2671=ORIENTED_EDGE('',*,*,#3424,.F.);
#2672=ORIENTED_EDGE('',*,*,#3429,.T.);
#2673=ORIENTED_EDGE('',*,*,#3838,.F.);
#2674=ORIENTED_EDGE('',*,*,#3839,.F.);
#2675=ORIENTED_EDGE('',*,*,#3840,.F.);
#2676=ORIENTED_EDGE('',*,*,#3432,.F.);
#2677=ORIENTED_EDGE('',*,*,#3436,.F.);
#2678=ORIENTED_EDGE('',*,*,#3439,.F.);
#2679=ORIENTED_EDGE('',*,*,#3841,.F.);
#2680=ORIENTED_EDGE('',*,*,#3842,.F.);
#2681=ORIENTED_EDGE('',*,*,#3843,.F.);
#2682=ORIENTED_EDGE('',*,*,#3442,.F.);
#2683=ORIENTED_EDGE('',*,*,#3446,.F.);
#2684=ORIENTED_EDGE('',*,*,#3449,.F.);
#2685=ORIENTED_EDGE('',*,*,#3844,.F.);
#2686=ORIENTED_EDGE('',*,*,#3845,.F.);
#2687=ORIENTED_EDGE('',*,*,#3846,.F.);
#2688=ORIENTED_EDGE('',*,*,#3452,.F.);
#2689=ORIENTED_EDGE('',*,*,#3456,.F.);
#2690=ORIENTED_EDGE('',*,*,#3459,.F.);
#2691=ORIENTED_EDGE('',*,*,#3847,.F.);
#2692=ORIENTED_EDGE('',*,*,#3819,.F.);
#2693=ORIENTED_EDGE('',*,*,#3798,.F.);
#2694=ORIENTED_EDGE('',*,*,#3802,.F.);
#2695=ORIENTED_EDGE('',*,*,#3805,.F.);
#2696=ORIENTED_EDGE('',*,*,#3808,.F.);
#2697=ORIENTED_EDGE('',*,*,#3811,.F.);
#2698=ORIENTED_EDGE('',*,*,#3814,.F.);
#2699=ORIENTED_EDGE('',*,*,#3817,.F.);
#2700=ORIENTED_EDGE('',*,*,#3795,.F.);
#2701=ORIENTED_EDGE('',*,*,#3774,.F.);
#2702=ORIENTED_EDGE('',*,*,#3778,.F.);
#2703=ORIENTED_EDGE('',*,*,#3781,.F.);
#2704=ORIENTED_EDGE('',*,*,#3784,.F.);
#2705=ORIENTED_EDGE('',*,*,#3787,.F.);
#2706=ORIENTED_EDGE('',*,*,#3790,.F.);
#2707=ORIENTED_EDGE('',*,*,#3793,.F.);
#2708=ORIENTED_EDGE('',*,*,#3771,.F.);
#2709=ORIENTED_EDGE('',*,*,#3750,.F.);
#2710=ORIENTED_EDGE('',*,*,#3754,.F.);
#2711=ORIENTED_EDGE('',*,*,#3757,.F.);
#2712=ORIENTED_EDGE('',*,*,#3760,.F.);
#2713=ORIENTED_EDGE('',*,*,#3763,.F.);
#2714=ORIENTED_EDGE('',*,*,#3766,.F.);
#2715=ORIENTED_EDGE('',*,*,#3769,.F.);
#2716=ORIENTED_EDGE('',*,*,#3747,.F.);
#2717=ORIENTED_EDGE('',*,*,#3726,.F.);
#2718=ORIENTED_EDGE('',*,*,#3730,.F.);
#2719=ORIENTED_EDGE('',*,*,#3733,.F.);
#2720=ORIENTED_EDGE('',*,*,#3736,.F.);
#2721=ORIENTED_EDGE('',*,*,#3739,.F.);
#2722=ORIENTED_EDGE('',*,*,#3742,.F.);
#2723=ORIENTED_EDGE('',*,*,#3745,.F.);
#2724=ORIENTED_EDGE('',*,*,#3723,.F.);
#2725=ORIENTED_EDGE('',*,*,#3702,.F.);
#2726=ORIENTED_EDGE('',*,*,#3706,.F.);
#2727=ORIENTED_EDGE('',*,*,#3709,.F.);
#2728=ORIENTED_EDGE('',*,*,#3712,.F.);
#2729=ORIENTED_EDGE('',*,*,#3715,.F.);
#2730=ORIENTED_EDGE('',*,*,#3718,.F.);
#2731=ORIENTED_EDGE('',*,*,#3721,.F.);
#2732=ORIENTED_EDGE('',*,*,#3699,.F.);
#2733=ORIENTED_EDGE('',*,*,#3678,.F.);
#2734=ORIENTED_EDGE('',*,*,#3682,.F.);
#2735=ORIENTED_EDGE('',*,*,#3685,.F.);
#2736=ORIENTED_EDGE('',*,*,#3688,.F.);
#2737=ORIENTED_EDGE('',*,*,#3691,.F.);
#2738=ORIENTED_EDGE('',*,*,#3694,.F.);
#2739=ORIENTED_EDGE('',*,*,#3697,.F.);
#2740=ORIENTED_EDGE('',*,*,#3675,.F.);
#2741=ORIENTED_EDGE('',*,*,#3654,.F.);
#2742=ORIENTED_EDGE('',*,*,#3658,.F.);
#2743=ORIENTED_EDGE('',*,*,#3661,.F.);
#2744=ORIENTED_EDGE('',*,*,#3664,.F.);
#2745=ORIENTED_EDGE('',*,*,#3667,.F.);
#2746=ORIENTED_EDGE('',*,*,#3670,.F.);
#2747=ORIENTED_EDGE('',*,*,#3673,.F.);
#2748=ORIENTED_EDGE('',*,*,#3651,.F.);
#2749=ORIENTED_EDGE('',*,*,#3630,.F.);
#2750=ORIENTED_EDGE('',*,*,#3634,.F.);
#2751=ORIENTED_EDGE('',*,*,#3637,.F.);
#2752=ORIENTED_EDGE('',*,*,#3640,.F.);
#2753=ORIENTED_EDGE('',*,*,#3643,.F.);
#2754=ORIENTED_EDGE('',*,*,#3646,.F.);
#2755=ORIENTED_EDGE('',*,*,#3649,.F.);
#2756=ORIENTED_EDGE('',*,*,#3627,.F.);
#2757=ORIENTED_EDGE('',*,*,#3606,.F.);
#2758=ORIENTED_EDGE('',*,*,#3610,.F.);
#2759=ORIENTED_EDGE('',*,*,#3613,.F.);
#2760=ORIENTED_EDGE('',*,*,#3616,.F.);
#2761=ORIENTED_EDGE('',*,*,#3619,.F.);
#2762=ORIENTED_EDGE('',*,*,#3622,.F.);
#2763=ORIENTED_EDGE('',*,*,#3625,.F.);
#2764=ORIENTED_EDGE('',*,*,#3603,.F.);
#2765=ORIENTED_EDGE('',*,*,#3582,.F.);
#2766=ORIENTED_EDGE('',*,*,#3586,.F.);
#2767=ORIENTED_EDGE('',*,*,#3589,.F.);
#2768=ORIENTED_EDGE('',*,*,#3592,.F.);
#2769=ORIENTED_EDGE('',*,*,#3595,.F.);
#2770=ORIENTED_EDGE('',*,*,#3598,.F.);
#2771=ORIENTED_EDGE('',*,*,#3601,.F.);
#2772=ORIENTED_EDGE('',*,*,#3579,.F.);
#2773=ORIENTED_EDGE('',*,*,#3558,.F.);
#2774=ORIENTED_EDGE('',*,*,#3562,.F.);
#2775=ORIENTED_EDGE('',*,*,#3565,.F.);
#2776=ORIENTED_EDGE('',*,*,#3568,.F.);
#2777=ORIENTED_EDGE('',*,*,#3571,.F.);
#2778=ORIENTED_EDGE('',*,*,#3574,.F.);
#2779=ORIENTED_EDGE('',*,*,#3577,.F.);
#2780=ORIENTED_EDGE('',*,*,#3555,.F.);
#2781=ORIENTED_EDGE('',*,*,#3534,.F.);
#2782=ORIENTED_EDGE('',*,*,#3538,.F.);
#2783=ORIENTED_EDGE('',*,*,#3541,.F.);
#2784=ORIENTED_EDGE('',*,*,#3544,.F.);
#2785=ORIENTED_EDGE('',*,*,#3547,.F.);
#2786=ORIENTED_EDGE('',*,*,#3550,.F.);
#2787=ORIENTED_EDGE('',*,*,#3553,.F.);
#2788=ORIENTED_EDGE('',*,*,#3531,.F.);
#2789=ORIENTED_EDGE('',*,*,#3510,.F.);
#2790=ORIENTED_EDGE('',*,*,#3514,.F.);
#2791=ORIENTED_EDGE('',*,*,#3517,.F.);
#2792=ORIENTED_EDGE('',*,*,#3520,.F.);
#2793=ORIENTED_EDGE('',*,*,#3523,.F.);
#2794=ORIENTED_EDGE('',*,*,#3526,.F.);
#2795=ORIENTED_EDGE('',*,*,#3529,.F.);
#2796=ORIENTED_EDGE('',*,*,#3507,.F.);
#2797=ORIENTED_EDGE('',*,*,#3486,.F.);
#2798=ORIENTED_EDGE('',*,*,#3490,.F.);
#2799=ORIENTED_EDGE('',*,*,#3493,.F.);
#2800=ORIENTED_EDGE('',*,*,#3496,.F.);
#2801=ORIENTED_EDGE('',*,*,#3499,.F.);
#2802=ORIENTED_EDGE('',*,*,#3502,.F.);
#2803=ORIENTED_EDGE('',*,*,#3505,.F.);
#2804=ORIENTED_EDGE('',*,*,#3483,.F.);
#2805=ORIENTED_EDGE('',*,*,#3462,.F.);
#2806=ORIENTED_EDGE('',*,*,#3466,.F.);
#2807=ORIENTED_EDGE('',*,*,#3469,.F.);
#2808=ORIENTED_EDGE('',*,*,#3472,.F.);
#2809=ORIENTED_EDGE('',*,*,#3475,.F.);
#2810=ORIENTED_EDGE('',*,*,#3478,.F.);
#2811=ORIENTED_EDGE('',*,*,#3481,.F.);
#2812=ORIENTED_EDGE('',*,*,#3389,.F.);
#2813=ORIENTED_EDGE('',*,*,#3368,.F.);
#2814=ORIENTED_EDGE('',*,*,#3372,.F.);
#2815=ORIENTED_EDGE('',*,*,#3375,.F.);
#2816=ORIENTED_EDGE('',*,*,#3378,.F.);
#2817=ORIENTED_EDGE('',*,*,#3381,.F.);
#2818=ORIENTED_EDGE('',*,*,#3384,.F.);
#2819=ORIENTED_EDGE('',*,*,#3387,.F.);
#2820=ORIENTED_EDGE('',*,*,#3365,.F.);
#2821=ORIENTED_EDGE('',*,*,#3344,.F.);
#2822=ORIENTED_EDGE('',*,*,#3348,.F.);
#2823=ORIENTED_EDGE('',*,*,#3351,.F.);
#2824=ORIENTED_EDGE('',*,*,#3354,.F.);
#2825=ORIENTED_EDGE('',*,*,#3357,.F.);
#2826=ORIENTED_EDGE('',*,*,#3360,.F.);
#2827=ORIENTED_EDGE('',*,*,#3363,.F.);
#2828=ORIENTED_EDGE('',*,*,#3341,.F.);
#2829=ORIENTED_EDGE('',*,*,#3320,.F.);
#2830=ORIENTED_EDGE('',*,*,#3324,.F.);
#2831=ORIENTED_EDGE('',*,*,#3327,.F.);
#2832=ORIENTED_EDGE('',*,*,#3330,.F.);
#2833=ORIENTED_EDGE('',*,*,#3333,.F.);
#2834=ORIENTED_EDGE('',*,*,#3336,.F.);
#2835=ORIENTED_EDGE('',*,*,#3339,.F.);
#2836=ORIENTED_EDGE('',*,*,#3317,.F.);
#2837=ORIENTED_EDGE('',*,*,#3296,.F.);
#2838=ORIENTED_EDGE('',*,*,#3300,.F.);
#2839=ORIENTED_EDGE('',*,*,#3303,.F.);
#2840=ORIENTED_EDGE('',*,*,#3306,.F.);
#2841=ORIENTED_EDGE('',*,*,#3309,.F.);
#2842=ORIENTED_EDGE('',*,*,#3312,.F.);
#2843=ORIENTED_EDGE('',*,*,#3315,.F.);
#2844=ORIENTED_EDGE('',*,*,#3293,.F.);
#2845=ORIENTED_EDGE('',*,*,#3272,.F.);
#2846=ORIENTED_EDGE('',*,*,#3276,.F.);
#2847=ORIENTED_EDGE('',*,*,#3279,.F.);
#2848=ORIENTED_EDGE('',*,*,#3282,.F.);
#2849=ORIENTED_EDGE('',*,*,#3285,.F.);
#2850=ORIENTED_EDGE('',*,*,#3288,.F.);
#2851=ORIENTED_EDGE('',*,*,#3291,.F.);
#2852=ORIENTED_EDGE('',*,*,#3269,.F.);
#2853=ORIENTED_EDGE('',*,*,#3248,.F.);
#2854=ORIENTED_EDGE('',*,*,#3252,.F.);
#2855=ORIENTED_EDGE('',*,*,#3255,.F.);
#2856=ORIENTED_EDGE('',*,*,#3258,.F.);
#2857=ORIENTED_EDGE('',*,*,#3261,.F.);
#2858=ORIENTED_EDGE('',*,*,#3264,.F.);
#2859=ORIENTED_EDGE('',*,*,#3267,.F.);
#2860=ORIENTED_EDGE('',*,*,#3245,.F.);
#2861=ORIENTED_EDGE('',*,*,#3224,.F.);
#2862=ORIENTED_EDGE('',*,*,#3228,.F.);
#2863=ORIENTED_EDGE('',*,*,#3231,.F.);
#2864=ORIENTED_EDGE('',*,*,#3234,.F.);
#2865=ORIENTED_EDGE('',*,*,#3237,.F.);
#2866=ORIENTED_EDGE('',*,*,#3240,.F.);
#2867=ORIENTED_EDGE('',*,*,#3243,.F.);
#2868=ORIENTED_EDGE('',*,*,#3221,.F.);
#2869=ORIENTED_EDGE('',*,*,#3200,.F.);
#2870=ORIENTED_EDGE('',*,*,#3204,.F.);
#2871=ORIENTED_EDGE('',*,*,#3207,.F.);
#2872=ORIENTED_EDGE('',*,*,#3210,.F.);
#2873=ORIENTED_EDGE('',*,*,#3213,.F.);
#2874=ORIENTED_EDGE('',*,*,#3216,.F.);
#2875=ORIENTED_EDGE('',*,*,#3219,.F.);
#2876=ORIENTED_EDGE('',*,*,#3197,.F.);
#2877=ORIENTED_EDGE('',*,*,#3176,.F.);
#2878=ORIENTED_EDGE('',*,*,#3180,.F.);
#2879=ORIENTED_EDGE('',*,*,#3183,.F.);
#2880=ORIENTED_EDGE('',*,*,#3186,.F.);
#2881=ORIENTED_EDGE('',*,*,#3189,.F.);
#2882=ORIENTED_EDGE('',*,*,#3192,.F.);
#2883=ORIENTED_EDGE('',*,*,#3195,.F.);
#2884=ORIENTED_EDGE('',*,*,#3173,.F.);
#2885=ORIENTED_EDGE('',*,*,#3152,.F.);
#2886=ORIENTED_EDGE('',*,*,#3156,.F.);
#2887=ORIENTED_EDGE('',*,*,#3159,.F.);
#2888=ORIENTED_EDGE('',*,*,#3162,.F.);
#2889=ORIENTED_EDGE('',*,*,#3165,.F.);
#2890=ORIENTED_EDGE('',*,*,#3168,.F.);
#2891=ORIENTED_EDGE('',*,*,#3171,.F.);
#2892=ORIENTED_EDGE('',*,*,#3149,.F.);
#2893=ORIENTED_EDGE('',*,*,#3128,.F.);
#2894=ORIENTED_EDGE('',*,*,#3132,.F.);
#2895=ORIENTED_EDGE('',*,*,#3135,.F.);
#2896=ORIENTED_EDGE('',*,*,#3138,.F.);
#2897=ORIENTED_EDGE('',*,*,#3141,.F.);
#2898=ORIENTED_EDGE('',*,*,#3144,.F.);
#2899=ORIENTED_EDGE('',*,*,#3147,.F.);
#2900=ORIENTED_EDGE('',*,*,#3125,.F.);
#2901=ORIENTED_EDGE('',*,*,#3104,.F.);
#2902=ORIENTED_EDGE('',*,*,#3108,.F.);
#2903=ORIENTED_EDGE('',*,*,#3111,.F.);
#2904=ORIENTED_EDGE('',*,*,#3114,.F.);
#2905=ORIENTED_EDGE('',*,*,#3117,.F.);
#2906=ORIENTED_EDGE('',*,*,#3120,.F.);
#2907=ORIENTED_EDGE('',*,*,#3123,.F.);
#2908=ORIENTED_EDGE('',*,*,#3101,.F.);
#2909=ORIENTED_EDGE('',*,*,#3080,.F.);
#2910=ORIENTED_EDGE('',*,*,#3084,.F.);
#2911=ORIENTED_EDGE('',*,*,#3087,.F.);
#2912=ORIENTED_EDGE('',*,*,#3090,.F.);
#2913=ORIENTED_EDGE('',*,*,#3093,.F.);
#2914=ORIENTED_EDGE('',*,*,#3096,.F.);
#2915=ORIENTED_EDGE('',*,*,#3099,.F.);
#2916=ORIENTED_EDGE('',*,*,#3077,.F.);
#2917=ORIENTED_EDGE('',*,*,#3056,.F.);
#2918=ORIENTED_EDGE('',*,*,#3060,.F.);
#2919=ORIENTED_EDGE('',*,*,#3063,.F.);
#2920=ORIENTED_EDGE('',*,*,#3066,.F.);
#2921=ORIENTED_EDGE('',*,*,#3069,.F.);
#2922=ORIENTED_EDGE('',*,*,#3072,.F.);
#2923=ORIENTED_EDGE('',*,*,#3075,.F.);
#2924=ORIENTED_EDGE('',*,*,#3053,.F.);
#2925=ORIENTED_EDGE('',*,*,#3032,.F.);
#2926=ORIENTED_EDGE('',*,*,#3036,.F.);
#2927=ORIENTED_EDGE('',*,*,#3039,.F.);
#2928=ORIENTED_EDGE('',*,*,#3042,.F.);
#2929=ORIENTED_EDGE('',*,*,#3045,.F.);
#2930=ORIENTED_EDGE('',*,*,#3048,.F.);
#2931=ORIENTED_EDGE('',*,*,#3051,.F.);
#2932=ORIENTED_EDGE('',*,*,#3028,.F.);
#2933=ORIENTED_EDGE('',*,*,#3026,.F.);
#2934=ORIENTED_EDGE('',*,*,#3024,.F.);
#2935=ORIENTED_EDGE('',*,*,#3022,.F.);
#2936=ORIENTED_EDGE('',*,*,#3020,.F.);
#2937=ORIENTED_EDGE('',*,*,#3018,.F.);
#2938=ORIENTED_EDGE('',*,*,#3848,.F.);
#2939=ORIENTED_EDGE('',*,*,#3841,.T.);
#2940=ORIENTED_EDGE('',*,*,#3438,.T.);
#2941=ORIENTED_EDGE('',*,*,#3830,.F.);
#2942=ORIENTED_EDGE('',*,*,#3849,.F.);
#2943=ORIENTED_EDGE('',*,*,#3844,.T.);
#2944=ORIENTED_EDGE('',*,*,#3448,.T.);
#2945=ORIENTED_EDGE('',*,*,#3827,.F.);
#2946=ORIENTED_EDGE('',*,*,#3850,.F.);
#2947=ORIENTED_EDGE('',*,*,#3847,.T.);
#2948=ORIENTED_EDGE('',*,*,#3458,.T.);
#2949=ORIENTED_EDGE('',*,*,#3824,.F.);
#2950=ORIENTED_EDGE('',*,*,#3851,.F.);
#2951=ORIENTED_EDGE('',*,*,#3831,.F.);
#2952=ORIENTED_EDGE('',*,*,#3433,.F.);
#2953=ORIENTED_EDGE('',*,*,#3840,.T.);
#2954=ORIENTED_EDGE('',*,*,#3852,.F.);
#2955=ORIENTED_EDGE('',*,*,#3828,.F.);
#2956=ORIENTED_EDGE('',*,*,#3443,.F.);
#2957=ORIENTED_EDGE('',*,*,#3843,.T.);
#2958=ORIENTED_EDGE('',*,*,#3853,.F.);
#2959=ORIENTED_EDGE('',*,*,#3825,.F.);
#2960=ORIENTED_EDGE('',*,*,#3453,.F.);
#2961=ORIENTED_EDGE('',*,*,#3846,.T.);
#2962=ORIENTED_EDGE('',*,*,#3854,.F.);
#2963=ORIENTED_EDGE('',*,*,#3838,.T.);
#2964=ORIENTED_EDGE('',*,*,#3428,.T.);
#2965=ORIENTED_EDGE('',*,*,#3835,.F.);
#2966=ORIENTED_EDGE('',*,*,#3855,.F.);
#2967=ORIENTED_EDGE('',*,*,#3856,.T.);
#2968=ORIENTED_EDGE('',*,*,#3837,.F.);
#2969=ORIENTED_EDGE('',*,*,#3857,.T.);
#2970=ORIENTED_EDGE('',*,*,#3858,.F.);
#2971=ORIENTED_EDGE('',*,*,#3859,.T.);
#2972=ORIENTED_EDGE('',*,*,#3820,.T.);
#2973=ORIENTED_EDGE('',*,*,#3393,.F.);
#2974=ORIENTED_EDGE('',*,*,#3860,.T.);
#2975=ORIENTED_EDGE('',*,*,#3861,.T.);
#2976=ORIENTED_EDGE('',*,*,#3832,.F.);
#2977=ORIENTED_EDGE('',*,*,#3851,.T.);
#2978=ORIENTED_EDGE('',*,*,#3839,.T.);
#2979=ORIENTED_EDGE('',*,*,#3854,.T.);
#2980=ORIENTED_EDGE('',*,*,#3842,.T.);
#2981=ORIENTED_EDGE('',*,*,#3848,.T.);
#2982=ORIENTED_EDGE('',*,*,#3829,.F.);
#2983=ORIENTED_EDGE('',*,*,#3852,.T.);
#2984=ORIENTED_EDGE('',*,*,#3845,.T.);
#2985=ORIENTED_EDGE('',*,*,#3849,.T.);
#2986=ORIENTED_EDGE('',*,*,#3826,.F.);
#2987=ORIENTED_EDGE('',*,*,#3853,.T.);
#2988=ORIENTED_EDGE('',*,*,#3862,.F.);
#2989=ORIENTED_EDGE('',*,*,#3863,.T.);
#2990=ORIENTED_EDGE('',*,*,#3857,.F.);
#2991=ORIENTED_EDGE('',*,*,#3836,.T.);
#2992=ORIENTED_EDGE('',*,*,#3850,.T.);
#2993=ORIENTED_EDGE('',*,*,#3823,.F.);
#2994=ORIENTED_EDGE('',*,*,#3863,.F.);
#2995=ORIENTED_EDGE('',*,*,#3864,.F.);
#2996=ORIENTED_EDGE('',*,*,#3865,.T.);
#2997=ORIENTED_EDGE('',*,*,#3858,.T.);
#2998=ORIENTED_EDGE('',*,*,#3862,.T.);
#2999=ORIENTED_EDGE('',*,*,#3822,.F.);
#3000=ORIENTED_EDGE('',*,*,#3866,.F.);
#3001=ORIENTED_EDGE('',*,*,#3864,.T.);
#3002=ORIENTED_EDGE('',*,*,#3865,.F.);
#3003=ORIENTED_EDGE('',*,*,#3866,.T.);
#3004=ORIENTED_EDGE('',*,*,#3821,.T.);
#3005=ORIENTED_EDGE('',*,*,#3859,.F.);
#3006=ORIENTED_EDGE('',*,*,#3861,.F.);
#3007=ORIENTED_EDGE('',*,*,#3867,.F.);
#3008=ORIENTED_EDGE('',*,*,#3868,.T.);
#3009=ORIENTED_EDGE('',*,*,#3833,.T.);
#3010=ORIENTED_EDGE('',*,*,#3860,.F.);
#3011=ORIENTED_EDGE('',*,*,#3856,.F.);
#3012=ORIENTED_EDGE('',*,*,#3869,.T.);
#3013=ORIENTED_EDGE('',*,*,#3867,.T.);
#3014=ORIENTED_EDGE('',*,*,#3868,.F.);
#3015=ORIENTED_EDGE('',*,*,#3869,.F.);
#3016=ORIENTED_EDGE('',*,*,#3855,.T.);
#3017=ORIENTED_EDGE('',*,*,#3834,.F.);
#3018=EDGE_CURVE('',#3870,#3870,#4442,.T.);
#3019=EDGE_CURVE('',#3871,#3871,#4443,.T.);
#3020=EDGE_CURVE('',#3872,#3872,#4444,.T.);
#3021=EDGE_CURVE('',#3873,#3873,#4445,.T.);
#3022=EDGE_CURVE('',#3874,#3874,#4446,.T.);
#3023=EDGE_CURVE('',#3875,#3875,#4447,.T.);
#3024=EDGE_CURVE('',#3876,#3876,#4448,.T.);
#3025=EDGE_CURVE('',#3877,#3877,#4449,.T.);
#3026=EDGE_CURVE('',#3878,#3878,#4450,.T.);
#3027=EDGE_CURVE('',#3879,#3879,#4451,.T.);
#3028=EDGE_CURVE('',#3880,#3880,#4452,.T.);
#3029=EDGE_CURVE('',#3881,#3881,#4453,.T.);
#3030=EDGE_CURVE('',#3882,#3883,#12,.T.);
#3031=EDGE_CURVE('',#3884,#3882,#13,.T.);
#3032=EDGE_CURVE('',#3884,#3885,#14,.T.);
#3033=EDGE_CURVE('',#3885,#3883,#15,.T.);
#3034=EDGE_CURVE('',#3886,#3882,#4454,.T.);
#3035=EDGE_CURVE('',#3887,#3886,#16,.T.);
#3036=EDGE_CURVE('',#3887,#3884,#4455,.T.);
#3037=EDGE_CURVE('',#3888,#3886,#17,.T.);
#3038=EDGE_CURVE('',#3889,#3888,#18,.T.);
#3039=EDGE_CURVE('',#3889,#3887,#19,.T.);
#3040=EDGE_CURVE('',#3890,#3888,#4456,.T.);
#3041=EDGE_CURVE('',#3891,#3890,#20,.T.);
#3042=EDGE_CURVE('',#3891,#3889,#4457,.T.);
#3043=EDGE_CURVE('',#3892,#3890,#21,.T.);
#3044=EDGE_CURVE('',#3893,#3892,#22,.T.);
#3045=EDGE_CURVE('',#3893,#3891,#23,.T.);
#3046=EDGE_CURVE('',#3894,#3892,#4458,.T.);
#3047=EDGE_CURVE('',#3895,#3894,#24,.T.);
#3048=EDGE_CURVE('',#3895,#3893,#4459,.T.);
#3049=EDGE_CURVE('',#3896,#3894,#25,.T.);
#3050=EDGE_CURVE('',#3897,#3896,#26,.T.);
#3051=EDGE_CURVE('',#3897,#3895,#27,.T.);
#3052=EDGE_CURVE('',#3883,#3896,#4460,.T.);
#3053=EDGE_CURVE('',#3885,#3897,#4461,.T.);
#3054=EDGE_CURVE('',#3898,#3899,#28,.T.);
#3055=EDGE_CURVE('',#3900,#3898,#29,.T.);
#3056=EDGE_CURVE('',#3900,#3901,#30,.T.);
#3057=EDGE_CURVE('',#3901,#3899,#31,.T.);
#3058=EDGE_CURVE('',#3902,#3898,#4462,.T.);
#3059=EDGE_CURVE('',#3903,#3902,#32,.T.);
#3060=EDGE_CURVE('',#3903,#3900,#4463,.T.);
#3061=EDGE_CURVE('',#3904,#3902,#33,.T.);
#3062=EDGE_CURVE('',#3905,#3904,#34,.T.);
#3063=EDGE_CURVE('',#3905,#3903,#35,.T.);
#3064=EDGE_CURVE('',#3906,#3904,#4464,.T.);
#3065=EDGE_CURVE('',#3907,#3906,#36,.T.);
#3066=EDGE_CURVE('',#3907,#3905,#4465,.T.);
#3067=EDGE_CURVE('',#3908,#3906,#37,.T.);
#3068=EDGE_CURVE('',#3909,#3908,#38,.T.);
#3069=EDGE_CURVE('',#3909,#3907,#39,.T.);
#3070=EDGE_CURVE('',#3910,#3908,#4466,.T.);
#3071=EDGE_CURVE('',#3911,#3910,#40,.T.);
#3072=EDGE_CURVE('',#3911,#3909,#4467,.T.);
#3073=EDGE_CURVE('',#3912,#3910,#41,.T.);
#3074=EDGE_CURVE('',#3913,#3912,#42,.T.);
#3075=EDGE_CURVE('',#3913,#3911,#43,.T.);
#3076=EDGE_CURVE('',#3899,#3912,#4468,.T.);
#3077=EDGE_CURVE('',#3901,#3913,#4469,.T.);
#3078=EDGE_CURVE('',#3914,#3915,#44,.T.);
#3079=EDGE_CURVE('',#3916,#3914,#45,.T.);
#3080=EDGE_CURVE('',#3916,#3917,#46,.T.);
#3081=EDGE_CURVE('',#3917,#3915,#47,.T.);
#3082=EDGE_CURVE('',#3918,#3914,#4470,.T.);
#3083=EDGE_CURVE('',#3919,#3918,#48,.T.);
#3084=EDGE_CURVE('',#3919,#3916,#4471,.T.);
#3085=EDGE_CURVE('',#3920,#3918,#49,.T.);
#3086=EDGE_CURVE('',#3921,#3920,#50,.T.);
#3087=EDGE_CURVE('',#3921,#3919,#51,.T.);
#3088=EDGE_CURVE('',#3922,#3920,#4472,.T.);
#3089=EDGE_CURVE('',#3923,#3922,#52,.T.);
#3090=EDGE_CURVE('',#3923,#3921,#4473,.T.);
#3091=EDGE_CURVE('',#3924,#3922,#53,.T.);
#3092=EDGE_CURVE('',#3925,#3924,#54,.T.);
#3093=EDGE_CURVE('',#3925,#3923,#55,.T.);
#3094=EDGE_CURVE('',#3926,#3924,#4474,.T.);
#3095=EDGE_CURVE('',#3927,#3926,#56,.T.);
#3096=EDGE_CURVE('',#3927,#3925,#4475,.T.);
#3097=EDGE_CURVE('',#3928,#3926,#57,.T.);
#3098=EDGE_CURVE('',#3929,#3928,#58,.T.);
#3099=EDGE_CURVE('',#3929,#3927,#59,.T.);
#3100=EDGE_CURVE('',#3915,#3928,#4476,.T.);
#3101=EDGE_CURVE('',#3917,#3929,#4477,.T.);
#3102=EDGE_CURVE('',#3930,#3931,#60,.T.);
#3103=EDGE_CURVE('',#3932,#3930,#61,.T.);
#3104=EDGE_CURVE('',#3932,#3933,#62,.T.);
#3105=EDGE_CURVE('',#3933,#3931,#63,.T.);
#3106=EDGE_CURVE('',#3934,#3930,#4478,.T.);
#3107=EDGE_CURVE('',#3935,#3934,#64,.T.);
#3108=EDGE_CURVE('',#3935,#3932,#4479,.T.);
#3109=EDGE_CURVE('',#3936,#3934,#65,.T.);
#3110=EDGE_CURVE('',#3937,#3936,#66,.T.);
#3111=EDGE_CURVE('',#3937,#3935,#67,.T.);
#3112=EDGE_CURVE('',#3938,#3936,#4480,.T.);
#3113=EDGE_CURVE('',#3939,#3938,#68,.T.);
#3114=EDGE_CURVE('',#3939,#3937,#4481,.T.);
#3115=EDGE_CURVE('',#3940,#3938,#69,.T.);
#3116=EDGE_CURVE('',#3941,#3940,#70,.T.);
#3117=EDGE_CURVE('',#3941,#3939,#71,.T.);
#3118=EDGE_CURVE('',#3942,#3940,#4482,.T.);
#3119=EDGE_CURVE('',#3943,#3942,#72,.T.);
#3120=EDGE_CURVE('',#3943,#3941,#4483,.T.);
#3121=EDGE_CURVE('',#3944,#3942,#73,.T.);
#3122=EDGE_CURVE('',#3945,#3944,#74,.T.);
#3123=EDGE_CURVE('',#3945,#3943,#75,.T.);
#3124=EDGE_CURVE('',#3931,#3944,#4484,.T.);
#3125=EDGE_CURVE('',#3933,#3945,#4485,.T.);
#3126=EDGE_CURVE('',#3946,#3947,#76,.T.);
#3127=EDGE_CURVE('',#3948,#3946,#77,.T.);
#3128=EDGE_CURVE('',#3948,#3949,#78,.T.);
#3129=EDGE_CURVE('',#3949,#3947,#79,.T.);
#3130=EDGE_CURVE('',#3950,#3946,#4486,.T.);
#3131=EDGE_CURVE('',#3951,#3950,#80,.T.);
#3132=EDGE_CURVE('',#3951,#3948,#4487,.T.);
#3133=EDGE_CURVE('',#3952,#3950,#81,.T.);
#3134=EDGE_CURVE('',#3953,#3952,#82,.T.);
#3135=EDGE_CURVE('',#3953,#3951,#83,.T.);
#3136=EDGE_CURVE('',#3954,#3952,#4488,.T.);
#3137=EDGE_CURVE('',#3955,#3954,#84,.T.);
#3138=EDGE_CURVE('',#3955,#3953,#4489,.T.);
#3139=EDGE_CURVE('',#3956,#3954,#85,.T.);
#3140=EDGE_CURVE('',#3957,#3956,#86,.T.);
#3141=EDGE_CURVE('',#3957,#3955,#87,.T.);
#3142=EDGE_CURVE('',#3958,#3956,#4490,.T.);
#3143=EDGE_CURVE('',#3959,#3958,#88,.T.);
#3144=EDGE_CURVE('',#3959,#3957,#4491,.T.);
#3145=EDGE_CURVE('',#3960,#3958,#89,.T.);
#3146=EDGE_CURVE('',#3961,#3960,#90,.T.);
#3147=EDGE_CURVE('',#3961,#3959,#91,.T.);
#3148=EDGE_CURVE('',#3947,#3960,#4492,.T.);
#3149=EDGE_CURVE('',#3949,#3961,#4493,.T.);
#3150=EDGE_CURVE('',#3962,#3963,#92,.T.);
#3151=EDGE_CURVE('',#3964,#3962,#93,.T.);
#3152=EDGE_CURVE('',#3964,#3965,#94,.T.);
#3153=EDGE_CURVE('',#3965,#3963,#95,.T.);
#3154=EDGE_CURVE('',#3966,#3962,#4494,.T.);
#3155=EDGE_CURVE('',#3967,#3966,#96,.T.);
#3156=EDGE_CURVE('',#3967,#3964,#4495,.T.);
#3157=EDGE_CURVE('',#3968,#3966,#97,.T.);
#3158=EDGE_CURVE('',#3969,#3968,#98,.T.);
#3159=EDGE_CURVE('',#3969,#3967,#99,.T.);
#3160=EDGE_CURVE('',#3970,#3968,#4496,.T.);
#3161=EDGE_CURVE('',#3971,#3970,#100,.T.);
#3162=EDGE_CURVE('',#3971,#3969,#4497,.T.);
#3163=EDGE_CURVE('',#3972,#3970,#101,.T.);
#3164=EDGE_CURVE('',#3973,#3972,#102,.T.);
#3165=EDGE_CURVE('',#3973,#3971,#103,.T.);
#3166=EDGE_CURVE('',#3974,#3972,#4498,.T.);
#3167=EDGE_CURVE('',#3975,#3974,#104,.T.);
#3168=EDGE_CURVE('',#3975,#3973,#4499,.T.);
#3169=EDGE_CURVE('',#3976,#3974,#105,.T.);
#3170=EDGE_CURVE('',#3977,#3976,#106,.T.);
#3171=EDGE_CURVE('',#3977,#3975,#107,.T.);
#3172=EDGE_CURVE('',#3963,#3976,#4500,.T.);
#3173=EDGE_CURVE('',#3965,#3977,#4501,.T.);
#3174=EDGE_CURVE('',#3978,#3979,#108,.T.);
#3175=EDGE_CURVE('',#3980,#3978,#109,.T.);
#3176=EDGE_CURVE('',#3980,#3981,#110,.T.);
#3177=EDGE_CURVE('',#3981,#3979,#111,.T.);
#3178=EDGE_CURVE('',#3982,#3978,#4502,.T.);
#3179=EDGE_CURVE('',#3983,#3982,#112,.T.);
#3180=EDGE_CURVE('',#3983,#3980,#4503,.T.);
#3181=EDGE_CURVE('',#3984,#3982,#113,.T.);
#3182=EDGE_CURVE('',#3985,#3984,#114,.T.);
#3183=EDGE_CURVE('',#3985,#3983,#115,.T.);
#3184=EDGE_CURVE('',#3986,#3984,#4504,.T.);
#3185=EDGE_CURVE('',#3987,#3986,#116,.T.);
#3186=EDGE_CURVE('',#3987,#3985,#4505,.T.);
#3187=EDGE_CURVE('',#3988,#3986,#117,.T.);
#3188=EDGE_CURVE('',#3989,#3988,#118,.T.);
#3189=EDGE_CURVE('',#3989,#3987,#119,.T.);
#3190=EDGE_CURVE('',#3990,#3988,#4506,.T.);
#3191=EDGE_CURVE('',#3991,#3990,#120,.T.);
#3192=EDGE_CURVE('',#3991,#3989,#4507,.T.);
#3193=EDGE_CURVE('',#3992,#3990,#121,.T.);
#3194=EDGE_CURVE('',#3993,#3992,#122,.T.);
#3195=EDGE_CURVE('',#3993,#3991,#123,.T.);
#3196=EDGE_CURVE('',#3979,#3992,#4508,.T.);
#3197=EDGE_CURVE('',#3981,#3993,#4509,.T.);
#3198=EDGE_CURVE('',#3994,#3995,#124,.T.);
#3199=EDGE_CURVE('',#3996,#3994,#125,.T.);
#3200=EDGE_CURVE('',#3996,#3997,#126,.T.);
#3201=EDGE_CURVE('',#3997,#3995,#127,.T.);
#3202=EDGE_CURVE('',#3998,#3994,#4510,.T.);
#3203=EDGE_CURVE('',#3999,#3998,#128,.T.);
#3204=EDGE_CURVE('',#3999,#3996,#4511,.T.);
#3205=EDGE_CURVE('',#4000,#3998,#129,.T.);
#3206=EDGE_CURVE('',#4001,#4000,#130,.T.);
#3207=EDGE_CURVE('',#4001,#3999,#131,.T.);
#3208=EDGE_CURVE('',#4002,#4000,#4512,.T.);
#3209=EDGE_CURVE('',#4003,#4002,#132,.T.);
#3210=EDGE_CURVE('',#4003,#4001,#4513,.T.);
#3211=EDGE_CURVE('',#4004,#4002,#133,.T.);
#3212=EDGE_CURVE('',#4005,#4004,#134,.T.);
#3213=EDGE_CURVE('',#4005,#4003,#135,.T.);
#3214=EDGE_CURVE('',#4006,#4004,#4514,.T.);
#3215=EDGE_CURVE('',#4007,#4006,#136,.T.);
#3216=EDGE_CURVE('',#4007,#4005,#4515,.T.);
#3217=EDGE_CURVE('',#4008,#4006,#137,.T.);
#3218=EDGE_CURVE('',#4009,#4008,#138,.T.);
#3219=EDGE_CURVE('',#4009,#4007,#139,.T.);
#3220=EDGE_CURVE('',#3995,#4008,#4516,.T.);
#3221=EDGE_CURVE('',#3997,#4009,#4517,.T.);
#3222=EDGE_CURVE('',#4010,#4011,#140,.T.);
#3223=EDGE_CURVE('',#4012,#4010,#141,.T.);
#3224=EDGE_CURVE('',#4012,#4013,#142,.T.);
#3225=EDGE_CURVE('',#4013,#4011,#143,.T.);
#3226=EDGE_CURVE('',#4014,#4010,#4518,.T.);
#3227=EDGE_CURVE('',#4015,#4014,#144,.T.);
#3228=EDGE_CURVE('',#4015,#4012,#4519,.T.);
#3229=EDGE_CURVE('',#4016,#4014,#145,.T.);
#3230=EDGE_CURVE('',#4017,#4016,#146,.T.);
#3231=EDGE_CURVE('',#4017,#4015,#147,.T.);
#3232=EDGE_CURVE('',#4018,#4016,#4520,.T.);
#3233=EDGE_CURVE('',#4019,#4018,#148,.T.);
#3234=EDGE_CURVE('',#4019,#4017,#4521,.T.);
#3235=EDGE_CURVE('',#4020,#4018,#149,.T.);
#3236=EDGE_CURVE('',#4021,#4020,#150,.T.);
#3237=EDGE_CURVE('',#4021,#4019,#151,.T.);
#3238=EDGE_CURVE('',#4022,#4020,#4522,.T.);
#3239=EDGE_CURVE('',#4023,#4022,#152,.T.);
#3240=EDGE_CURVE('',#4023,#4021,#4523,.T.);
#3241=EDGE_CURVE('',#4024,#4022,#153,.T.);
#3242=EDGE_CURVE('',#4025,#4024,#154,.T.);
#3243=EDGE_CURVE('',#4025,#4023,#155,.T.);
#3244=EDGE_CURVE('',#4011,#4024,#4524,.T.);
#3245=EDGE_CURVE('',#4013,#4025,#4525,.T.);
#3246=EDGE_CURVE('',#4026,#4027,#156,.T.);
#3247=EDGE_CURVE('',#4028,#4026,#157,.T.);
#3248=EDGE_CURVE('',#4028,#4029,#158,.T.);
#3249=EDGE_CURVE('',#4029,#4027,#159,.T.);
#3250=EDGE_CURVE('',#4030,#4026,#4526,.T.);
#3251=EDGE_CURVE('',#4031,#4030,#160,.T.);
#3252=EDGE_CURVE('',#4031,#4028,#4527,.T.);
#3253=EDGE_CURVE('',#4032,#4030,#161,.T.);
#3254=EDGE_CURVE('',#4033,#4032,#162,.T.);
#3255=EDGE_CURVE('',#4033,#4031,#163,.T.);
#3256=EDGE_CURVE('',#4034,#4032,#4528,.T.);
#3257=EDGE_CURVE('',#4035,#4034,#164,.T.);
#3258=EDGE_CURVE('',#4035,#4033,#4529,.T.);
#3259=EDGE_CURVE('',#4036,#4034,#165,.T.);
#3260=EDGE_CURVE('',#4037,#4036,#166,.T.);
#3261=EDGE_CURVE('',#4037,#4035,#167,.T.);
#3262=EDGE_CURVE('',#4038,#4036,#4530,.T.);
#3263=EDGE_CURVE('',#4039,#4038,#168,.T.);
#3264=EDGE_CURVE('',#4039,#4037,#4531,.T.);
#3265=EDGE_CURVE('',#4040,#4038,#169,.T.);
#3266=EDGE_CURVE('',#4041,#4040,#170,.T.);
#3267=EDGE_CURVE('',#4041,#4039,#171,.T.);
#3268=EDGE_CURVE('',#4027,#4040,#4532,.T.);
#3269=EDGE_CURVE('',#4029,#4041,#4533,.T.);
#3270=EDGE_CURVE('',#4042,#4043,#172,.T.);
#3271=EDGE_CURVE('',#4044,#4042,#173,.T.);
#3272=EDGE_CURVE('',#4044,#4045,#174,.T.);
#3273=EDGE_CURVE('',#4045,#4043,#175,.T.);
#3274=EDGE_CURVE('',#4046,#4042,#4534,.T.);
#3275=EDGE_CURVE('',#4047,#4046,#176,.T.);
#3276=EDGE_CURVE('',#4047,#4044,#4535,.T.);
#3277=EDGE_CURVE('',#4048,#4046,#177,.T.);
#3278=EDGE_CURVE('',#4049,#4048,#178,.T.);
#3279=EDGE_CURVE('',#4049,#4047,#179,.T.);
#3280=EDGE_CURVE('',#4050,#4048,#4536,.T.);
#3281=EDGE_CURVE('',#4051,#4050,#180,.T.);
#3282=EDGE_CURVE('',#4051,#4049,#4537,.T.);
#3283=EDGE_CURVE('',#4052,#4050,#181,.T.);
#3284=EDGE_CURVE('',#4053,#4052,#182,.T.);
#3285=EDGE_CURVE('',#4053,#4051,#183,.T.);
#3286=EDGE_CURVE('',#4054,#4052,#4538,.T.);
#3287=EDGE_CURVE('',#4055,#4054,#184,.T.);
#3288=EDGE_CURVE('',#4055,#4053,#4539,.T.);
#3289=EDGE_CURVE('',#4056,#4054,#185,.T.);
#3290=EDGE_CURVE('',#4057,#4056,#186,.T.);
#3291=EDGE_CURVE('',#4057,#4055,#187,.T.);
#3292=EDGE_CURVE('',#4043,#4056,#4540,.T.);
#3293=EDGE_CURVE('',#4045,#4057,#4541,.T.);
#3294=EDGE_CURVE('',#4058,#4059,#188,.T.);
#3295=EDGE_CURVE('',#4060,#4058,#189,.T.);
#3296=EDGE_CURVE('',#4060,#4061,#190,.T.);
#3297=EDGE_CURVE('',#4061,#4059,#191,.T.);
#3298=EDGE_CURVE('',#4062,#4058,#4542,.T.);
#3299=EDGE_CURVE('',#4063,#4062,#192,.T.);
#3300=EDGE_CURVE('',#4063,#4060,#4543,.T.);
#3301=EDGE_CURVE('',#4064,#4062,#193,.T.);
#3302=EDGE_CURVE('',#4065,#4064,#194,.T.);
#3303=EDGE_CURVE('',#4065,#4063,#195,.T.);
#3304=EDGE_CURVE('',#4066,#4064,#4544,.T.);
#3305=EDGE_CURVE('',#4067,#4066,#196,.T.);
#3306=EDGE_CURVE('',#4067,#4065,#4545,.T.);
#3307=EDGE_CURVE('',#4068,#4066,#197,.T.);
#3308=EDGE_CURVE('',#4069,#4068,#198,.T.);
#3309=EDGE_CURVE('',#4069,#4067,#199,.T.);
#3310=EDGE_CURVE('',#4070,#4068,#4546,.T.);
#3311=EDGE_CURVE('',#4071,#4070,#200,.T.);
#3312=EDGE_CURVE('',#4071,#4069,#4547,.T.);
#3313=EDGE_CURVE('',#4072,#4070,#201,.T.);
#3314=EDGE_CURVE('',#4073,#4072,#202,.T.);
#3315=EDGE_CURVE('',#4073,#4071,#203,.T.);
#3316=EDGE_CURVE('',#4059,#4072,#4548,.T.);
#3317=EDGE_CURVE('',#4061,#4073,#4549,.T.);
#3318=EDGE_CURVE('',#4074,#4075,#204,.T.);
#3319=EDGE_CURVE('',#4076,#4074,#205,.T.);
#3320=EDGE_CURVE('',#4076,#4077,#206,.T.);
#3321=EDGE_CURVE('',#4077,#4075,#207,.T.);
#3322=EDGE_CURVE('',#4078,#4074,#4550,.T.);
#3323=EDGE_CURVE('',#4079,#4078,#208,.T.);
#3324=EDGE_CURVE('',#4079,#4076,#4551,.T.);
#3325=EDGE_CURVE('',#4080,#4078,#209,.T.);
#3326=EDGE_CURVE('',#4081,#4080,#210,.T.);
#3327=EDGE_CURVE('',#4081,#4079,#211,.T.);
#3328=EDGE_CURVE('',#4082,#4080,#4552,.T.);
#3329=EDGE_CURVE('',#4083,#4082,#212,.T.);
#3330=EDGE_CURVE('',#4083,#4081,#4553,.T.);
#3331=EDGE_CURVE('',#4084,#4082,#213,.T.);
#3332=EDGE_CURVE('',#4085,#4084,#214,.T.);
#3333=EDGE_CURVE('',#4085,#4083,#215,.T.);
#3334=EDGE_CURVE('',#4086,#4084,#4554,.T.);
#3335=EDGE_CURVE('',#4087,#4086,#216,.T.);
#3336=EDGE_CURVE('',#4087,#4085,#4555,.T.);
#3337=EDGE_CURVE('',#4088,#4086,#217,.T.);
#3338=EDGE_CURVE('',#4089,#4088,#218,.T.);
#3339=EDGE_CURVE('',#4089,#4087,#219,.T.);
#3340=EDGE_CURVE('',#4075,#4088,#4556,.T.);
#3341=EDGE_CURVE('',#4077,#4089,#4557,.T.);
#3342=EDGE_CURVE('',#4090,#4091,#220,.T.);
#3343=EDGE_CURVE('',#4092,#4090,#221,.T.);
#3344=EDGE_CURVE('',#4092,#4093,#222,.T.);
#3345=EDGE_CURVE('',#4093,#4091,#223,.T.);
#3346=EDGE_CURVE('',#4094,#4090,#4558,.T.);
#3347=EDGE_CURVE('',#4095,#4094,#224,.T.);
#3348=EDGE_CURVE('',#4095,#4092,#4559,.T.);
#3349=EDGE_CURVE('',#4096,#4094,#225,.T.);
#3350=EDGE_CURVE('',#4097,#4096,#226,.T.);
#3351=EDGE_CURVE('',#4097,#4095,#227,.T.);
#3352=EDGE_CURVE('',#4098,#4096,#4560,.T.);
#3353=EDGE_CURVE('',#4099,#4098,#228,.T.);
#3354=EDGE_CURVE('',#4099,#4097,#4561,.T.);
#3355=EDGE_CURVE('',#4100,#4098,#229,.T.);
#3356=EDGE_CURVE('',#4101,#4100,#230,.T.);
#3357=EDGE_CURVE('',#4101,#4099,#231,.T.);
#3358=EDGE_CURVE('',#4102,#4100,#4562,.T.);
#3359=EDGE_CURVE('',#4103,#4102,#232,.T.);
#3360=EDGE_CURVE('',#4103,#4101,#4563,.T.);
#3361=EDGE_CURVE('',#4104,#4102,#233,.T.);
#3362=EDGE_CURVE('',#4105,#4104,#234,.T.);
#3363=EDGE_CURVE('',#4105,#4103,#235,.T.);
#3364=EDGE_CURVE('',#4091,#4104,#4564,.T.);
#3365=EDGE_CURVE('',#4093,#4105,#4565,.T.);
#3366=EDGE_CURVE('',#4106,#4107,#236,.T.);
#3367=EDGE_CURVE('',#4108,#4106,#237,.T.);
#3368=EDGE_CURVE('',#4108,#4109,#238,.T.);
#3369=EDGE_CURVE('',#4109,#4107,#239,.T.);
#3370=EDGE_CURVE('',#4110,#4106,#4566,.T.);
#3371=EDGE_CURVE('',#4111,#4110,#240,.T.);
#3372=EDGE_CURVE('',#4111,#4108,#4567,.T.);
#3373=EDGE_CURVE('',#4112,#4110,#241,.T.);
#3374=EDGE_CURVE('',#4113,#4112,#242,.T.);
#3375=EDGE_CURVE('',#4113,#4111,#243,.T.);
#3376=EDGE_CURVE('',#4114,#4112,#4568,.T.);
#3377=EDGE_CURVE('',#4115,#4114,#244,.T.);
#3378=EDGE_CURVE('',#4115,#4113,#4569,.T.);
#3379=EDGE_CURVE('',#4116,#4114,#245,.T.);
#3380=EDGE_CURVE('',#4117,#4116,#246,.T.);
#3381=EDGE_CURVE('',#4117,#4115,#247,.T.);
#3382=EDGE_CURVE('',#4118,#4116,#4570,.T.);
#3383=EDGE_CURVE('',#4119,#4118,#248,.T.);
#3384=EDGE_CURVE('',#4119,#4117,#4571,.T.);
#3385=EDGE_CURVE('',#4120,#4118,#249,.T.);
#3386=EDGE_CURVE('',#4121,#4120,#250,.T.);
#3387=EDGE_CURVE('',#4121,#4119,#251,.T.);
#3388=EDGE_CURVE('',#4107,#4120,#4572,.T.);
#3389=EDGE_CURVE('',#4109,#4121,#4573,.T.);
#3390=EDGE_CURVE('',#4122,#4123,#4574,.T.);
#3391=EDGE_CURVE('',#4124,#4123,#252,.T.);
#3392=EDGE_CURVE('',#4125,#4124,#4575,.T.);
#3393=EDGE_CURVE('',#4125,#4122,#253,.T.);
#3394=EDGE_CURVE('',#4126,#4127,#254,.T.);
#3395=EDGE_CURVE('',#4126,#4124,#255,.T.);
#3396=EDGE_CURVE('',#4127,#4123,#256,.T.);
#3397=EDGE_CURVE('',#4128,#4127,#257,.T.);
#3398=EDGE_CURVE('',#4129,#4128,#258,.T.);
#3399=EDGE_CURVE('',#4126,#4129,#259,.T.);
#3400=EDGE_CURVE('',#4130,#4129,#4576,.T.);
#3401=EDGE_CURVE('',#4128,#4131,#4577,.T.);
#3402=EDGE_CURVE('',#4130,#4131,#260,.T.);
#3403=EDGE_CURVE('',#4132,#4130,#261,.T.);
#3404=EDGE_CURVE('',#4131,#4133,#262,.T.);
#3405=EDGE_CURVE('',#4132,#4133,#263,.T.);
#3406=EDGE_CURVE('',#4134,#4132,#4578,.T.);
#3407=EDGE_CURVE('',#4133,#4135,#4579,.T.);
#3408=EDGE_CURVE('',#4134,#4135,#264,.T.);
#3409=EDGE_CURVE('',#4136,#4135,#265,.T.);
#3410=EDGE_CURVE('',#4137,#4136,#266,.T.);
#3411=EDGE_CURVE('',#4134,#4137,#267,.T.);
#3412=EDGE_CURVE('',#4138,#4137,#4580,.T.);
#3413=EDGE_CURVE('',#4136,#4139,#4581,.T.);
#3414=EDGE_CURVE('',#4138,#4139,#268,.T.);
#3415=EDGE_CURVE('',#4140,#4139,#269,.T.);
#3416=EDGE_CURVE('',#4141,#4140,#270,.T.);
#3417=EDGE_CURVE('',#4138,#4141,#271,.T.);
#3418=EDGE_CURVE('',#4142,#4141,#4582,.T.);
#3419=EDGE_CURVE('',#4140,#4143,#4583,.T.);
#3420=EDGE_CURVE('',#4142,#4143,#272,.T.);
#3421=EDGE_CURVE('',#4144,#4142,#273,.T.);
#3422=EDGE_CURVE('',#4143,#4145,#274,.T.);
#3423=EDGE_CURVE('',#4144,#4145,#275,.T.);
#3424=EDGE_CURVE('',#4146,#4144,#276,.T.);
#3425=EDGE_CURVE('',#4147,#4145,#277,.T.);
#3426=EDGE_CURVE('',#4146,#4147,#278,.T.);
#3427=EDGE_CURVE('',#4147,#4148,#4584,.T.);
#3428=EDGE_CURVE('',#4149,#4148,#279,.T.);
#3429=EDGE_CURVE('',#4146,#4149,#4585,.T.);
#3430=EDGE_CURVE('',#4150,#4151,#4586,.T.);
#3431=EDGE_CURVE('',#4152,#4150,#280,.T.);
#3432=EDGE_CURVE('',#4152,#4153,#4587,.T.);
#3433=EDGE_CURVE('',#4153,#4151,#281,.T.);
#3434=EDGE_CURVE('',#4154,#4150,#282,.T.);
#3435=EDGE_CURVE('',#4155,#4154,#283,.T.);
#3436=EDGE_CURVE('',#4155,#4152,#284,.T.);
#3437=EDGE_CURVE('',#4156,#4154,#4588,.T.);
#3438=EDGE_CURVE('',#4157,#4156,#285,.T.);
#3439=EDGE_CURVE('',#4157,#4155,#4589,.T.);
#3440=EDGE_CURVE('',#4158,#4159,#4590,.T.);
#3441=EDGE_CURVE('',#4160,#4158,#286,.T.);
#3442=EDGE_CURVE('',#4160,#4161,#4591,.T.);
#3443=EDGE_CURVE('',#4161,#4159,#287,.T.);
#3444=EDGE_CURVE('',#4162,#4158,#288,.T.);
#3445=EDGE_CURVE('',#4163,#4162,#289,.T.);
#3446=EDGE_CURVE('',#4163,#4160,#290,.T.);
#3447=EDGE_CURVE('',#4164,#4162,#4592,.T.);
#3448=EDGE_CURVE('',#4165,#4164,#291,.T.);
#3449=EDGE_CURVE('',#4165,#4163,#4593,.T.);
#3450=EDGE_CURVE('',#4166,#4167,#4594,.T.);
#3451=EDGE_CURVE('',#4168,#4166,#292,.T.);
#3452=EDGE_CURVE('',#4168,#4169,#4595,.T.);
#3453=EDGE_CURVE('',#4169,#4167,#293,.T.);
#3454=EDGE_CURVE('',#4170,#4166,#294,.T.);
#3455=EDGE_CURVE('',#4171,#4170,#295,.T.);
#3456=EDGE_CURVE('',#4171,#4168,#296,.T.);
#3457=EDGE_CURVE('',#4172,#4170,#4596,.T.);
#3458=EDGE_CURVE('',#4173,#4172,#297,.T.);
#3459=EDGE_CURVE('',#4173,#4171,#4597,.T.);
#3460=EDGE_CURVE('',#4174,#4175,#298,.T.);
#3461=EDGE_CURVE('',#4176,#4174,#299,.T.);
#3462=EDGE_CURVE('',#4176,#4177,#300,.T.);
#3463=EDGE_CURVE('',#4177,#4175,#301,.T.);
#3464=EDGE_CURVE('',#4178,#4174,#4598,.T.);
#3465=EDGE_CURVE('',#4179,#4178,#302,.T.);
#3466=EDGE_CURVE('',#4179,#4176,#4599,.T.);
#3467=EDGE_CURVE('',#4180,#4178,#303,.T.);
#3468=EDGE_CURVE('',#4181,#4180,#304,.T.);
#3469=EDGE_CURVE('',#4181,#4179,#305,.T.);
#3470=EDGE_CURVE('',#4182,#4180,#4600,.T.);
#3471=EDGE_CURVE('',#4183,#4182,#306,.T.);
#3472=EDGE_CURVE('',#4183,#4181,#4601,.T.);
#3473=EDGE_CURVE('',#4184,#4182,#307,.T.);
#3474=EDGE_CURVE('',#4185,#4184,#308,.T.);
#3475=EDGE_CURVE('',#4185,#4183,#309,.T.);
#3476=EDGE_CURVE('',#4186,#4184,#4602,.T.);
#3477=EDGE_CURVE('',#4187,#4186,#310,.T.);
#3478=EDGE_CURVE('',#4187,#4185,#4603,.T.);
#3479=EDGE_CURVE('',#4188,#4186,#311,.T.);
#3480=EDGE_CURVE('',#4189,#4188,#312,.T.);
#3481=EDGE_CURVE('',#4189,#4187,#313,.T.);
#3482=EDGE_CURVE('',#4175,#4188,#4604,.T.);
#3483=EDGE_CURVE('',#4177,#4189,#4605,.T.);
#3484=EDGE_CURVE('',#4190,#4191,#314,.T.);
#3485=EDGE_CURVE('',#4192,#4190,#315,.T.);
#3486=EDGE_CURVE('',#4192,#4193,#316,.T.);
#3487=EDGE_CURVE('',#4193,#4191,#317,.T.);
#3488=EDGE_CURVE('',#4194,#4190,#4606,.T.);
#3489=EDGE_CURVE('',#4195,#4194,#318,.T.);
#3490=EDGE_CURVE('',#4195,#4192,#4607,.T.);
#3491=EDGE_CURVE('',#4196,#4194,#319,.T.);
#3492=EDGE_CURVE('',#4197,#4196,#320,.T.);
#3493=EDGE_CURVE('',#4197,#4195,#321,.T.);
#3494=EDGE_CURVE('',#4198,#4196,#4608,.T.);
#3495=EDGE_CURVE('',#4199,#4198,#322,.T.);
#3496=EDGE_CURVE('',#4199,#4197,#4609,.T.);
#3497=EDGE_CURVE('',#4200,#4198,#323,.T.);
#3498=EDGE_CURVE('',#4201,#4200,#324,.T.);
#3499=EDGE_CURVE('',#4201,#4199,#325,.T.);
#3500=EDGE_CURVE('',#4202,#4200,#4610,.T.);
#3501=EDGE_CURVE('',#4203,#4202,#326,.T.);
#3502=EDGE_CURVE('',#4203,#4201,#4611,.T.);
#3503=EDGE_CURVE('',#4204,#4202,#327,.T.);
#3504=EDGE_CURVE('',#4205,#4204,#328,.T.);
#3505=EDGE_CURVE('',#4205,#4203,#329,.T.);
#3506=EDGE_CURVE('',#4191,#4204,#4612,.T.);
#3507=EDGE_CURVE('',#4193,#4205,#4613,.T.);
#3508=EDGE_CURVE('',#4206,#4207,#330,.T.);
#3509=EDGE_CURVE('',#4208,#4206,#331,.T.);
#3510=EDGE_CURVE('',#4208,#4209,#332,.T.);
#3511=EDGE_CURVE('',#4209,#4207,#333,.T.);
#3512=EDGE_CURVE('',#4210,#4206,#4614,.T.);
#3513=EDGE_CURVE('',#4211,#4210,#334,.T.);
#3514=EDGE_CURVE('',#4211,#4208,#4615,.T.);
#3515=EDGE_CURVE('',#4212,#4210,#335,.T.);
#3516=EDGE_CURVE('',#4213,#4212,#336,.T.);
#3517=EDGE_CURVE('',#4213,#4211,#337,.T.);
#3518=EDGE_CURVE('',#4214,#4212,#4616,.T.);
#3519=EDGE_CURVE('',#4215,#4214,#338,.T.);
#3520=EDGE_CURVE('',#4215,#4213,#4617,.T.);
#3521=EDGE_CURVE('',#4216,#4214,#339,.T.);
#3522=EDGE_CURVE('',#4217,#4216,#340,.T.);
#3523=EDGE_CURVE('',#4217,#4215,#341,.T.);
#3524=EDGE_CURVE('',#4218,#4216,#4618,.T.);
#3525=EDGE_CURVE('',#4219,#4218,#342,.T.);
#3526=EDGE_CURVE('',#4219,#4217,#4619,.T.);
#3527=EDGE_CURVE('',#4220,#4218,#343,.T.);
#3528=EDGE_CURVE('',#4221,#4220,#344,.T.);
#3529=EDGE_CURVE('',#4221,#4219,#345,.T.);
#3530=EDGE_CURVE('',#4207,#4220,#4620,.T.);
#3531=EDGE_CURVE('',#4209,#4221,#4621,.T.);
#3532=EDGE_CURVE('',#4222,#4223,#346,.T.);
#3533=EDGE_CURVE('',#4224,#4222,#347,.T.);
#3534=EDGE_CURVE('',#4224,#4225,#348,.T.);
#3535=EDGE_CURVE('',#4225,#4223,#349,.T.);
#3536=EDGE_CURVE('',#4226,#4222,#4622,.T.);
#3537=EDGE_CURVE('',#4227,#4226,#350,.T.);
#3538=EDGE_CURVE('',#4227,#4224,#4623,.T.);
#3539=EDGE_CURVE('',#4228,#4226,#351,.T.);
#3540=EDGE_CURVE('',#4229,#4228,#352,.T.);
#3541=EDGE_CURVE('',#4229,#4227,#353,.T.);
#3542=EDGE_CURVE('',#4230,#4228,#4624,.T.);
#3543=EDGE_CURVE('',#4231,#4230,#354,.T.);
#3544=EDGE_CURVE('',#4231,#4229,#4625,.T.);
#3545=EDGE_CURVE('',#4232,#4230,#355,.T.);
#3546=EDGE_CURVE('',#4233,#4232,#356,.T.);
#3547=EDGE_CURVE('',#4233,#4231,#357,.T.);
#3548=EDGE_CURVE('',#4234,#4232,#4626,.T.);
#3549=EDGE_CURVE('',#4235,#4234,#358,.T.);
#3550=EDGE_CURVE('',#4235,#4233,#4627,.T.);
#3551=EDGE_CURVE('',#4236,#4234,#359,.T.);
#3552=EDGE_CURVE('',#4237,#4236,#360,.T.);
#3553=EDGE_CURVE('',#4237,#4235,#361,.T.);
#3554=EDGE_CURVE('',#4223,#4236,#4628,.T.);
#3555=EDGE_CURVE('',#4225,#4237,#4629,.T.);
#3556=EDGE_CURVE('',#4238,#4239,#362,.T.);
#3557=EDGE_CURVE('',#4240,#4238,#363,.T.);
#3558=EDGE_CURVE('',#4240,#4241,#364,.T.);
#3559=EDGE_CURVE('',#4241,#4239,#365,.T.);
#3560=EDGE_CURVE('',#4242,#4238,#4630,.T.);
#3561=EDGE_CURVE('',#4243,#4242,#366,.T.);
#3562=EDGE_CURVE('',#4243,#4240,#4631,.T.);
#3563=EDGE_CURVE('',#4244,#4242,#367,.T.);
#3564=EDGE_CURVE('',#4245,#4244,#368,.T.);
#3565=EDGE_CURVE('',#4245,#4243,#369,.T.);
#3566=EDGE_CURVE('',#4246,#4244,#4632,.T.);
#3567=EDGE_CURVE('',#4247,#4246,#370,.T.);
#3568=EDGE_CURVE('',#4247,#4245,#4633,.T.);
#3569=EDGE_CURVE('',#4248,#4246,#371,.T.);
#3570=EDGE_CURVE('',#4249,#4248,#372,.T.);
#3571=EDGE_CURVE('',#4249,#4247,#373,.T.);
#3572=EDGE_CURVE('',#4250,#4248,#4634,.T.);
#3573=EDGE_CURVE('',#4251,#4250,#374,.T.);
#3574=EDGE_CURVE('',#4251,#4249,#4635,.T.);
#3575=EDGE_CURVE('',#4252,#4250,#375,.T.);
#3576=EDGE_CURVE('',#4253,#4252,#376,.T.);
#3577=EDGE_CURVE('',#4253,#4251,#377,.T.);
#3578=EDGE_CURVE('',#4239,#4252,#4636,.T.);
#3579=EDGE_CURVE('',#4241,#4253,#4637,.T.);
#3580=EDGE_CURVE('',#4254,#4255,#378,.T.);
#3581=EDGE_CURVE('',#4256,#4254,#379,.T.);
#3582=EDGE_CURVE('',#4256,#4257,#380,.T.);
#3583=EDGE_CURVE('',#4257,#4255,#381,.T.);
#3584=EDGE_CURVE('',#4258,#4254,#4638,.T.);
#3585=EDGE_CURVE('',#4259,#4258,#382,.T.);
#3586=EDGE_CURVE('',#4259,#4256,#4639,.T.);
#3587=EDGE_CURVE('',#4260,#4258,#383,.T.);
#3588=EDGE_CURVE('',#4261,#4260,#384,.T.);
#3589=EDGE_CURVE('',#4261,#4259,#385,.T.);
#3590=EDGE_CURVE('',#4262,#4260,#4640,.T.);
#3591=EDGE_CURVE('',#4263,#4262,#386,.T.);
#3592=EDGE_CURVE('',#4263,#4261,#4641,.T.);
#3593=EDGE_CURVE('',#4264,#4262,#387,.T.);
#3594=EDGE_CURVE('',#4265,#4264,#388,.T.);
#3595=EDGE_CURVE('',#4265,#4263,#389,.T.);
#3596=EDGE_CURVE('',#4266,#4264,#4642,.T.);
#3597=EDGE_CURVE('',#4267,#4266,#390,.T.);
#3598=EDGE_CURVE('',#4267,#4265,#4643,.T.);
#3599=EDGE_CURVE('',#4268,#4266,#391,.T.);
#3600=EDGE_CURVE('',#4269,#4268,#392,.T.);
#3601=EDGE_CURVE('',#4269,#4267,#393,.T.);
#3602=EDGE_CURVE('',#4255,#4268,#4644,.T.);
#3603=EDGE_CURVE('',#4257,#4269,#4645,.T.);
#3604=EDGE_CURVE('',#4270,#4271,#394,.T.);
#3605=EDGE_CURVE('',#4272,#4270,#395,.T.);
#3606=EDGE_CURVE('',#4272,#4273,#396,.T.);
#3607=EDGE_CURVE('',#4273,#4271,#397,.T.);
#3608=EDGE_CURVE('',#4274,#4270,#4646,.T.);
#3609=EDGE_CURVE('',#4275,#4274,#398,.T.);
#3610=EDGE_CURVE('',#4275,#4272,#4647,.T.);
#3611=EDGE_CURVE('',#4276,#4274,#399,.T.);
#3612=EDGE_CURVE('',#4277,#4276,#400,.T.);
#3613=EDGE_CURVE('',#4277,#4275,#401,.T.);
#3614=EDGE_CURVE('',#4278,#4276,#4648,.T.);
#3615=EDGE_CURVE('',#4279,#4278,#402,.T.);
#3616=EDGE_CURVE('',#4279,#4277,#4649,.T.);
#3617=EDGE_CURVE('',#4280,#4278,#403,.T.);
#3618=EDGE_CURVE('',#4281,#4280,#404,.T.);
#3619=EDGE_CURVE('',#4281,#4279,#405,.T.);
#3620=EDGE_CURVE('',#4282,#4280,#4650,.T.);
#3621=EDGE_CURVE('',#4283,#4282,#406,.T.);
#3622=EDGE_CURVE('',#4283,#4281,#4651,.T.);
#3623=EDGE_CURVE('',#4284,#4282,#407,.T.);
#3624=EDGE_CURVE('',#4285,#4284,#408,.T.);
#3625=EDGE_CURVE('',#4285,#4283,#409,.T.);
#3626=EDGE_CURVE('',#4271,#4284,#4652,.T.);
#3627=EDGE_CURVE('',#4273,#4285,#4653,.T.);
#3628=EDGE_CURVE('',#4286,#4287,#410,.T.);
#3629=EDGE_CURVE('',#4288,#4286,#411,.T.);
#3630=EDGE_CURVE('',#4288,#4289,#412,.T.);
#3631=EDGE_CURVE('',#4289,#4287,#413,.T.);
#3632=EDGE_CURVE('',#4290,#4286,#4654,.T.);
#3633=EDGE_CURVE('',#4291,#4290,#414,.T.);
#3634=EDGE_CURVE('',#4291,#4288,#4655,.T.);
#3635=EDGE_CURVE('',#4292,#4290,#415,.T.);
#3636=EDGE_CURVE('',#4293,#4292,#416,.T.);
#3637=EDGE_CURVE('',#4293,#4291,#417,.T.);
#3638=EDGE_CURVE('',#4294,#4292,#4656,.T.);
#3639=EDGE_CURVE('',#4295,#4294,#418,.T.);
#3640=EDGE_CURVE('',#4295,#4293,#4657,.T.);
#3641=EDGE_CURVE('',#4296,#4294,#419,.T.);
#3642=EDGE_CURVE('',#4297,#4296,#420,.T.);
#3643=EDGE_CURVE('',#4297,#4295,#421,.T.);
#3644=EDGE_CURVE('',#4298,#4296,#4658,.T.);
#3645=EDGE_CURVE('',#4299,#4298,#422,.T.);
#3646=EDGE_CURVE('',#4299,#4297,#4659,.T.);
#3647=EDGE_CURVE('',#4300,#4298,#423,.T.);
#3648=EDGE_CURVE('',#4301,#4300,#424,.T.);
#3649=EDGE_CURVE('',#4301,#4299,#425,.T.);
#3650=EDGE_CURVE('',#4287,#4300,#4660,.T.);
#3651=EDGE_CURVE('',#4289,#4301,#4661,.T.);
#3652=EDGE_CURVE('',#4302,#4303,#426,.T.);
#3653=EDGE_CURVE('',#4304,#4302,#427,.T.);
#3654=EDGE_CURVE('',#4304,#4305,#428,.T.);
#3655=EDGE_CURVE('',#4305,#4303,#429,.T.);
#3656=EDGE_CURVE('',#4306,#4302,#4662,.T.);
#3657=EDGE_CURVE('',#4307,#4306,#430,.T.);
#3658=EDGE_CURVE('',#4307,#4304,#4663,.T.);
#3659=EDGE_CURVE('',#4308,#4306,#431,.T.);
#3660=EDGE_CURVE('',#4309,#4308,#432,.T.);
#3661=EDGE_CURVE('',#4309,#4307,#433,.T.);
#3662=EDGE_CURVE('',#4310,#4308,#4664,.T.);
#3663=EDGE_CURVE('',#4311,#4310,#434,.T.);
#3664=EDGE_CURVE('',#4311,#4309,#4665,.T.);
#3665=EDGE_CURVE('',#4312,#4310,#435,.T.);
#3666=EDGE_CURVE('',#4313,#4312,#436,.T.);
#3667=EDGE_CURVE('',#4313,#4311,#437,.T.);
#3668=EDGE_CURVE('',#4314,#4312,#4666,.T.);
#3669=EDGE_CURVE('',#4315,#4314,#438,.T.);
#3670=EDGE_CURVE('',#4315,#4313,#4667,.T.);
#3671=EDGE_CURVE('',#4316,#4314,#439,.T.);
#3672=EDGE_CURVE('',#4317,#4316,#440,.T.);
#3673=EDGE_CURVE('',#4317,#4315,#441,.T.);
#3674=EDGE_CURVE('',#4303,#4316,#4668,.T.);
#3675=EDGE_CURVE('',#4305,#4317,#4669,.T.);
#3676=EDGE_CURVE('',#4318,#4319,#442,.T.);
#3677=EDGE_CURVE('',#4320,#4318,#443,.T.);
#3678=EDGE_CURVE('',#4320,#4321,#444,.T.);
#3679=EDGE_CURVE('',#4321,#4319,#445,.T.);
#3680=EDGE_CURVE('',#4322,#4318,#4670,.T.);
#3681=EDGE_CURVE('',#4323,#4322,#446,.T.);
#3682=EDGE_CURVE('',#4323,#4320,#4671,.T.);
#3683=EDGE_CURVE('',#4324,#4322,#447,.T.);
#3684=EDGE_CURVE('',#4325,#4324,#448,.T.);
#3685=EDGE_CURVE('',#4325,#4323,#449,.T.);
#3686=EDGE_CURVE('',#4326,#4324,#4672,.T.);
#3687=EDGE_CURVE('',#4327,#4326,#450,.T.);
#3688=EDGE_CURVE('',#4327,#4325,#4673,.T.);
#3689=EDGE_CURVE('',#4328,#4326,#451,.T.);
#3690=EDGE_CURVE('',#4329,#4328,#452,.T.);
#3691=EDGE_CURVE('',#4329,#4327,#453,.T.);
#3692=EDGE_CURVE('',#4330,#4328,#4674,.T.);
#3693=EDGE_CURVE('',#4331,#4330,#454,.T.);
#3694=EDGE_CURVE('',#4331,#4329,#4675,.T.);
#3695=EDGE_CURVE('',#4332,#4330,#455,.T.);
#3696=EDGE_CURVE('',#4333,#4332,#456,.T.);
#3697=EDGE_CURVE('',#4333,#4331,#457,.T.);
#3698=EDGE_CURVE('',#4319,#4332,#4676,.T.);
#3699=EDGE_CURVE('',#4321,#4333,#4677,.T.);
#3700=EDGE_CURVE('',#4334,#4335,#458,.T.);
#3701=EDGE_CURVE('',#4336,#4334,#459,.T.);
#3702=EDGE_CURVE('',#4336,#4337,#460,.T.);
#3703=EDGE_CURVE('',#4337,#4335,#461,.T.);
#3704=EDGE_CURVE('',#4338,#4334,#4678,.T.);
#3705=EDGE_CURVE('',#4339,#4338,#462,.T.);
#3706=EDGE_CURVE('',#4339,#4336,#4679,.T.);
#3707=EDGE_CURVE('',#4340,#4338,#463,.T.);
#3708=EDGE_CURVE('',#4341,#4340,#464,.T.);
#3709=EDGE_CURVE('',#4341,#4339,#465,.T.);
#3710=EDGE_CURVE('',#4342,#4340,#4680,.T.);
#3711=EDGE_CURVE('',#4343,#4342,#466,.T.);
#3712=EDGE_CURVE('',#4343,#4341,#4681,.T.);
#3713=EDGE_CURVE('',#4344,#4342,#467,.T.);
#3714=EDGE_CURVE('',#4345,#4344,#468,.T.);
#3715=EDGE_CURVE('',#4345,#4343,#469,.T.);
#3716=EDGE_CURVE('',#4346,#4344,#4682,.T.);
#3717=EDGE_CURVE('',#4347,#4346,#470,.T.);
#3718=EDGE_CURVE('',#4347,#4345,#4683,.T.);
#3719=EDGE_CURVE('',#4348,#4346,#471,.T.);
#3720=EDGE_CURVE('',#4349,#4348,#472,.T.);
#3721=EDGE_CURVE('',#4349,#4347,#473,.T.);
#3722=EDGE_CURVE('',#4335,#4348,#4684,.T.);
#3723=EDGE_CURVE('',#4337,#4349,#4685,.T.);
#3724=EDGE_CURVE('',#4350,#4351,#474,.T.);
#3725=EDGE_CURVE('',#4352,#4350,#475,.T.);
#3726=EDGE_CURVE('',#4352,#4353,#476,.T.);
#3727=EDGE_CURVE('',#4353,#4351,#477,.T.);
#3728=EDGE_CURVE('',#4354,#4350,#4686,.T.);
#3729=EDGE_CURVE('',#4355,#4354,#478,.T.);
#3730=EDGE_CURVE('',#4355,#4352,#4687,.T.);
#3731=EDGE_CURVE('',#4356,#4354,#479,.T.);
#3732=EDGE_CURVE('',#4357,#4356,#480,.T.);
#3733=EDGE_CURVE('',#4357,#4355,#481,.T.);
#3734=EDGE_CURVE('',#4358,#4356,#4688,.T.);
#3735=EDGE_CURVE('',#4359,#4358,#482,.T.);
#3736=EDGE_CURVE('',#4359,#4357,#4689,.T.);
#3737=EDGE_CURVE('',#4360,#4358,#483,.T.);
#3738=EDGE_CURVE('',#4361,#4360,#484,.T.);
#3739=EDGE_CURVE('',#4361,#4359,#485,.T.);
#3740=EDGE_CURVE('',#4362,#4360,#4690,.T.);
#3741=EDGE_CURVE('',#4363,#4362,#486,.T.);
#3742=EDGE_CURVE('',#4363,#4361,#4691,.T.);
#3743=EDGE_CURVE('',#4364,#4362,#487,.T.);
#3744=EDGE_CURVE('',#4365,#4364,#488,.T.);
#3745=EDGE_CURVE('',#4365,#4363,#489,.T.);
#3746=EDGE_CURVE('',#4351,#4364,#4692,.T.);
#3747=EDGE_CURVE('',#4353,#4365,#4693,.T.);
#3748=EDGE_CURVE('',#4366,#4367,#490,.T.);
#3749=EDGE_CURVE('',#4368,#4366,#491,.T.);
#3750=EDGE_CURVE('',#4368,#4369,#492,.T.);
#3751=EDGE_CURVE('',#4369,#4367,#493,.T.);
#3752=EDGE_CURVE('',#4370,#4366,#4694,.T.);
#3753=EDGE_CURVE('',#4371,#4370,#494,.T.);
#3754=EDGE_CURVE('',#4371,#4368,#4695,.T.);
#3755=EDGE_CURVE('',#4372,#4370,#495,.T.);
#3756=EDGE_CURVE('',#4373,#4372,#496,.T.);
#3757=EDGE_CURVE('',#4373,#4371,#497,.T.);
#3758=EDGE_CURVE('',#4374,#4372,#4696,.T.);
#3759=EDGE_CURVE('',#4375,#4374,#498,.T.);
#3760=EDGE_CURVE('',#4375,#4373,#4697,.T.);
#3761=EDGE_CURVE('',#4376,#4374,#499,.T.);
#3762=EDGE_CURVE('',#4377,#4376,#500,.T.);
#3763=EDGE_CURVE('',#4377,#4375,#501,.T.);
#3764=EDGE_CURVE('',#4378,#4376,#4698,.T.);
#3765=EDGE_CURVE('',#4379,#4378,#502,.T.);
#3766=EDGE_CURVE('',#4379,#4377,#4699,.T.);
#3767=EDGE_CURVE('',#4380,#4378,#503,.T.);
#3768=EDGE_CURVE('',#4381,#4380,#504,.T.);
#3769=EDGE_CURVE('',#4381,#4379,#505,.T.);
#3770=EDGE_CURVE('',#4367,#4380,#4700,.T.);
#3771=EDGE_CURVE('',#4369,#4381,#4701,.T.);
#3772=EDGE_CURVE('',#4382,#4383,#506,.T.);
#3773=EDGE_CURVE('',#4384,#4382,#507,.T.);
#3774=EDGE_CURVE('',#4384,#4385,#508,.T.);
#3775=EDGE_CURVE('',#4385,#4383,#509,.T.);
#3776=EDGE_CURVE('',#4386,#4382,#4702,.T.);
#3777=EDGE_CURVE('',#4387,#4386,#510,.T.);
#3778=EDGE_CURVE('',#4387,#4384,#4703,.T.);
#3779=EDGE_CURVE('',#4388,#4386,#511,.T.);
#3780=EDGE_CURVE('',#4389,#4388,#512,.T.);
#3781=EDGE_CURVE('',#4389,#4387,#513,.T.);
#3782=EDGE_CURVE('',#4390,#4388,#4704,.T.);
#3783=EDGE_CURVE('',#4391,#4390,#514,.T.);
#3784=EDGE_CURVE('',#4391,#4389,#4705,.T.);
#3785=EDGE_CURVE('',#4392,#4390,#515,.T.);
#3786=EDGE_CURVE('',#4393,#4392,#516,.T.);
#3787=EDGE_CURVE('',#4393,#4391,#517,.T.);
#3788=EDGE_CURVE('',#4394,#4392,#4706,.T.);
#3789=EDGE_CURVE('',#4395,#4394,#518,.T.);
#3790=EDGE_CURVE('',#4395,#4393,#4707,.T.);
#3791=EDGE_CURVE('',#4396,#4394,#519,.T.);
#3792=EDGE_CURVE('',#4397,#4396,#520,.T.);
#3793=EDGE_CURVE('',#4397,#4395,#521,.T.);
#3794=EDGE_CURVE('',#4383,#4396,#4708,.T.);
#3795=EDGE_CURVE('',#4385,#4397,#4709,.T.);
#3796=EDGE_CURVE('',#4398,#4399,#522,.T.);
#3797=EDGE_CURVE('',#4400,#4398,#523,.T.);
#3798=EDGE_CURVE('',#4400,#4401,#524,.T.);
#3799=EDGE_CURVE('',#4401,#4399,#525,.T.);
#3800=EDGE_CURVE('',#4402,#4398,#4710,.T.);
#3801=EDGE_CURVE('',#4403,#4402,#526,.T.);
#3802=EDGE_CURVE('',#4403,#4400,#4711,.T.);
#3803=EDGE_CURVE('',#4404,#4402,#527,.T.);
#3804=EDGE_CURVE('',#4405,#4404,#528,.T.);
#3805=EDGE_CURVE('',#4405,#4403,#529,.T.);
#3806=EDGE_CURVE('',#4406,#4404,#4712,.T.);
#3807=EDGE_CURVE('',#4407,#4406,#530,.T.);
#3808=EDGE_CURVE('',#4407,#4405,#4713,.T.);
#3809=EDGE_CURVE('',#4408,#4406,#531,.T.);
#3810=EDGE_CURVE('',#4409,#4408,#532,.T.);
#3811=EDGE_CURVE('',#4409,#4407,#533,.T.);
#3812=EDGE_CURVE('',#4410,#4408,#4714,.T.);
#3813=EDGE_CURVE('',#4411,#4410,#534,.T.);
#3814=EDGE_CURVE('',#4411,#4409,#4715,.T.);
#3815=EDGE_CURVE('',#4412,#4410,#535,.T.);
#3816=EDGE_CURVE('',#4413,#4412,#536,.T.);
#3817=EDGE_CURVE('',#4413,#4411,#537,.T.);
#3818=EDGE_CURVE('',#4399,#4412,#4716,.T.);
#3819=EDGE_CURVE('',#4401,#4413,#4717,.T.);
#3820=EDGE_CURVE('',#4414,#4122,#538,.T.);
#3821=EDGE_CURVE('',#4415,#4414,#539,.T.);
#3822=EDGE_CURVE('',#4415,#4416,#540,.T.);
#3823=EDGE_CURVE('',#4416,#4417,#541,.T.);
#3824=EDGE_CURVE('',#4417,#4172,#542,.T.);
#3825=EDGE_CURVE('',#4167,#4418,#543,.T.);
#3826=EDGE_CURVE('',#4418,#4419,#544,.T.);
#3827=EDGE_CURVE('',#4419,#4164,#545,.T.);
#3828=EDGE_CURVE('',#4159,#4420,#546,.T.);
#3829=EDGE_CURVE('',#4420,#4421,#547,.T.);
#3830=EDGE_CURVE('',#4421,#4156,#548,.T.);
#3831=EDGE_CURVE('',#4151,#4422,#549,.T.);
#3832=EDGE_CURVE('',#4422,#4423,#550,.T.);
#3833=EDGE_CURVE('',#4424,#4423,#551,.T.);
#3834=EDGE_CURVE('',#4424,#4425,#552,.T.);
#3835=EDGE_CURVE('',#4425,#4148,#553,.T.);
#3836=EDGE_CURVE('',#4426,#4427,#554,.T.);
#3837=EDGE_CURVE('',#4426,#4125,#555,.T.);
#3838=EDGE_CURVE('',#4428,#4149,#556,.T.);
#3839=EDGE_CURVE('',#4429,#4428,#557,.T.);
#3840=EDGE_CURVE('',#4153,#4429,#558,.T.);
#3841=EDGE_CURVE('',#4430,#4157,#559,.T.);
#3842=EDGE_CURVE('',#4431,#4430,#560,.T.);
#3843=EDGE_CURVE('',#4161,#4431,#561,.T.);
#3844=EDGE_CURVE('',#4432,#4165,#562,.T.);
#3845=EDGE_CURVE('',#4433,#4432,#563,.T.);
#3846=EDGE_CURVE('',#4169,#4433,#564,.T.);
#3847=EDGE_CURVE('',#4427,#4173,#565,.T.);
#3848=EDGE_CURVE('',#4430,#4421,#566,.T.);
#3849=EDGE_CURVE('',#4432,#4419,#567,.T.);
#3850=EDGE_CURVE('',#4427,#4417,#568,.T.);
#3851=EDGE_CURVE('',#4422,#4429,#569,.T.);
#3852=EDGE_CURVE('',#4420,#4431,#570,.T.);
#3853=EDGE_CURVE('',#4418,#4433,#571,.T.);
#3854=EDGE_CURVE('',#4428,#4434,#572,.T.);
#3855=EDGE_CURVE('',#4435,#4425,#573,.T.);
#3856=EDGE_CURVE('',#4435,#4434,#574,.T.);
#3857=EDGE_CURVE('',#4426,#4436,#575,.T.);
#3858=EDGE_CURVE('',#4437,#4436,#576,.T.);
#3859=EDGE_CURVE('',#4437,#4414,#577,.T.);
#3860=EDGE_CURVE('',#4434,#4438,#578,.T.);
#3861=EDGE_CURVE('',#4438,#4423,#579,.T.);
#3862=EDGE_CURVE('',#4439,#4416,#580,.T.);
#3863=EDGE_CURVE('',#4439,#4436,#581,.T.);
#3864=EDGE_CURVE('',#4440,#4439,#582,.T.);
#3865=EDGE_CURVE('',#4440,#4437,#583,.T.);
#3866=EDGE_CURVE('',#4440,#4415,#584,.T.);
#3867=EDGE_CURVE('',#4441,#4438,#585,.T.);
#3868=EDGE_CURVE('',#4441,#4424,#586,.T.);
#3869=EDGE_CURVE('',#4435,#4441,#587,.T.);
#3870=VERTEX_POINT('',#8162);
#3871=VERTEX_POINT('',#8164);
#3872=VERTEX_POINT('',#8167);
#3873=VERTEX_POINT('',#8169);
#3874=VERTEX_POINT('',#8172);
#3875=VERTEX_POINT('',#8174);
#3876=VERTEX_POINT('',#8177);
#3877=VERTEX_POINT('',#8179);
#3878=VERTEX_POINT('',#8182);
#3879=VERTEX_POINT('',#8184);
#3880=VERTEX_POINT('',#8187);
#3881=VERTEX_POINT('',#8189);
#3882=VERTEX_POINT('',#8192);
#3883=VERTEX_POINT('',#8193);
#3884=VERTEX_POINT('',#8195);
#3885=VERTEX_POINT('',#8197);
#3886=VERTEX_POINT('',#8201);
#3887=VERTEX_POINT('',#8203);
#3888=VERTEX_POINT('',#8207);
#3889=VERTEX_POINT('',#8209);
#3890=VERTEX_POINT('',#8213);
#3891=VERTEX_POINT('',#8215);
#3892=VERTEX_POINT('',#8219);
#3893=VERTEX_POINT('',#8221);
#3894=VERTEX_POINT('',#8225);
#3895=VERTEX_POINT('',#8227);
#3896=VERTEX_POINT('',#8231);
#3897=VERTEX_POINT('',#8233);
#3898=VERTEX_POINT('',#8240);
#3899=VERTEX_POINT('',#8241);
#3900=VERTEX_POINT('',#8243);
#3901=VERTEX_POINT('',#8245);
#3902=VERTEX_POINT('',#8249);
#3903=VERTEX_POINT('',#8251);
#3904=VERTEX_POINT('',#8255);
#3905=VERTEX_POINT('',#8257);
#3906=VERTEX_POINT('',#8261);
#3907=VERTEX_POINT('',#8263);
#3908=VERTEX_POINT('',#8267);
#3909=VERTEX_POINT('',#8269);
#3910=VERTEX_POINT('',#8273);
#3911=VERTEX_POINT('',#8275);
#3912=VERTEX_POINT('',#8279);
#3913=VERTEX_POINT('',#8281);
#3914=VERTEX_POINT('',#8288);
#3915=VERTEX_POINT('',#8289);
#3916=VERTEX_POINT('',#8291);
#3917=VERTEX_POINT('',#8293);
#3918=VERTEX_POINT('',#8297);
#3919=VERTEX_POINT('',#8299);
#3920=VERTEX_POINT('',#8303);
#3921=VERTEX_POINT('',#8305);
#3922=VERTEX_POINT('',#8309);
#3923=VERTEX_POINT('',#8311);
#3924=VERTEX_POINT('',#8315);
#3925=VERTEX_POINT('',#8317);
#3926=VERTEX_POINT('',#8321);
#3927=VERTEX_POINT('',#8323);
#3928=VERTEX_POINT('',#8327);
#3929=VERTEX_POINT('',#8329);
#3930=VERTEX_POINT('',#8336);
#3931=VERTEX_POINT('',#8337);
#3932=VERTEX_POINT('',#8339);
#3933=VERTEX_POINT('',#8341);
#3934=VERTEX_POINT('',#8345);
#3935=VERTEX_POINT('',#8347);
#3936=VERTEX_POINT('',#8351);
#3937=VERTEX_POINT('',#8353);
#3938=VERTEX_POINT('',#8357);
#3939=VERTEX_POINT('',#8359);
#3940=VERTEX_POINT('',#8363);
#3941=VERTEX_POINT('',#8365);
#3942=VERTEX_POINT('',#8369);
#3943=VERTEX_POINT('',#8371);
#3944=VERTEX_POINT('',#8375);
#3945=VERTEX_POINT('',#8377);
#3946=VERTEX_POINT('',#8384);
#3947=VERTEX_POINT('',#8385);
#3948=VERTEX_POINT('',#8387);
#3949=VERTEX_POINT('',#8389);
#3950=VERTEX_POINT('',#8393);
#3951=VERTEX_POINT('',#8395);
#3952=VERTEX_POINT('',#8399);
#3953=VERTEX_POINT('',#8401);
#3954=VERTEX_POINT('',#8405);
#3955=VERTEX_POINT('',#8407);
#3956=VERTEX_POINT('',#8411);
#3957=VERTEX_POINT('',#8413);
#3958=VERTEX_POINT('',#8417);
#3959=VERTEX_POINT('',#8419);
#3960=VERTEX_POINT('',#8423);
#3961=VERTEX_POINT('',#8425);
#3962=VERTEX_POINT('',#8432);
#3963=VERTEX_POINT('',#8433);
#3964=VERTEX_POINT('',#8435);
#3965=VERTEX_POINT('',#8437);
#3966=VERTEX_POINT('',#8441);
#3967=VERTEX_POINT('',#8443);
#3968=VERTEX_POINT('',#8447);
#3969=VERTEX_POINT('',#8449);
#3970=VERTEX_POINT('',#8453);
#3971=VERTEX_POINT('',#8455);
#3972=VERTEX_POINT('',#8459);
#3973=VERTEX_POINT('',#8461);
#3974=VERTEX_POINT('',#8465);
#3975=VERTEX_POINT('',#8467);
#3976=VERTEX_POINT('',#8471);
#3977=VERTEX_POINT('',#8473);
#3978=VERTEX_POINT('',#8480);
#3979=VERTEX_POINT('',#8481);
#3980=VERTEX_POINT('',#8483);
#3981=VERTEX_POINT('',#8485);
#3982=VERTEX_POINT('',#8489);
#3983=VERTEX_POINT('',#8491);
#3984=VERTEX_POINT('',#8495);
#3985=VERTEX_POINT('',#8497);
#3986=VERTEX_POINT('',#8501);
#3987=VERTEX_POINT('',#8503);
#3988=VERTEX_POINT('',#8507);
#3989=VERTEX_POINT('',#8509);
#3990=VERTEX_POINT('',#8513);
#3991=VERTEX_POINT('',#8515);
#3992=VERTEX_POINT('',#8519);
#3993=VERTEX_POINT('',#8521);
#3994=VERTEX_POINT('',#8528);
#3995=VERTEX_POINT('',#8529);
#3996=VERTEX_POINT('',#8531);
#3997=VERTEX_POINT('',#8533);
#3998=VERTEX_POINT('',#8537);
#3999=VERTEX_POINT('',#8539);
#4000=VERTEX_POINT('',#8543);
#4001=VERTEX_POINT('',#8545);
#4002=VERTEX_POINT('',#8549);
#4003=VERTEX_POINT('',#8551);
#4004=VERTEX_POINT('',#8555);
#4005=VERTEX_POINT('',#8557);
#4006=VERTEX_POINT('',#8561);
#4007=VERTEX_POINT('',#8563);
#4008=VERTEX_POINT('',#8567);
#4009=VERTEX_POINT('',#8569);
#4010=VERTEX_POINT('',#8576);
#4011=VERTEX_POINT('',#8577);
#4012=VERTEX_POINT('',#8579);
#4013=VERTEX_POINT('',#8581);
#4014=VERTEX_POINT('',#8585);
#4015=VERTEX_POINT('',#8587);
#4016=VERTEX_POINT('',#8591);
#4017=VERTEX_POINT('',#8593);
#4018=VERTEX_POINT('',#8597);
#4019=VERTEX_POINT('',#8599);
#4020=VERTEX_POINT('',#8603);
#4021=VERTEX_POINT('',#8605);
#4022=VERTEX_POINT('',#8609);
#4023=VERTEX_POINT('',#8611);
#4024=VERTEX_POINT('',#8615);
#4025=VERTEX_POINT('',#8617);
#4026=VERTEX_POINT('',#8624);
#4027=VERTEX_POINT('',#8625);
#4028=VERTEX_POINT('',#8627);
#4029=VERTEX_POINT('',#8629);
#4030=VERTEX_POINT('',#8633);
#4031=VERTEX_POINT('',#8635);
#4032=VERTEX_POINT('',#8639);
#4033=VERTEX_POINT('',#8641);
#4034=VERTEX_POINT('',#8645);
#4035=VERTEX_POINT('',#8647);
#4036=VERTEX_POINT('',#8651);
#4037=VERTEX_POINT('',#8653);
#4038=VERTEX_POINT('',#8657);
#4039=VERTEX_POINT('',#8659);
#4040=VERTEX_POINT('',#8663);
#4041=VERTEX_POINT('',#8665);
#4042=VERTEX_POINT('',#8672);
#4043=VERTEX_POINT('',#8673);
#4044=VERTEX_POINT('',#8675);
#4045=VERTEX_POINT('',#8677);
#4046=VERTEX_POINT('',#8681);
#4047=VERTEX_POINT('',#8683);
#4048=VERTEX_POINT('',#8687);
#4049=VERTEX_POINT('',#8689);
#4050=VERTEX_POINT('',#8693);
#4051=VERTEX_POINT('',#8695);
#4052=VERTEX_POINT('',#8699);
#4053=VERTEX_POINT('',#8701);
#4054=VERTEX_POINT('',#8705);
#4055=VERTEX_POINT('',#8707);
#4056=VERTEX_POINT('',#8711);
#4057=VERTEX_POINT('',#8713);
#4058=VERTEX_POINT('',#8720);
#4059=VERTEX_POINT('',#8721);
#4060=VERTEX_POINT('',#8723);
#4061=VERTEX_POINT('',#8725);
#4062=VERTEX_POINT('',#8729);
#4063=VERTEX_POINT('',#8731);
#4064=VERTEX_POINT('',#8735);
#4065=VERTEX_POINT('',#8737);
#4066=VERTEX_POINT('',#8741);
#4067=VERTEX_POINT('',#8743);
#4068=VERTEX_POINT('',#8747);
#4069=VERTEX_POINT('',#8749);
#4070=VERTEX_POINT('',#8753);
#4071=VERTEX_POINT('',#8755);
#4072=VERTEX_POINT('',#8759);
#4073=VERTEX_POINT('',#8761);
#4074=VERTEX_POINT('',#8768);
#4075=VERTEX_POINT('',#8769);
#4076=VERTEX_POINT('',#8771);
#4077=VERTEX_POINT('',#8773);
#4078=VERTEX_POINT('',#8777);
#4079=VERTEX_POINT('',#8779);
#4080=VERTEX_POINT('',#8783);
#4081=VERTEX_POINT('',#8785);
#4082=VERTEX_POINT('',#8789);
#4083=VERTEX_POINT('',#8791);
#4084=VERTEX_POINT('',#8795);
#4085=VERTEX_POINT('',#8797);
#4086=VERTEX_POINT('',#8801);
#4087=VERTEX_POINT('',#8803);
#4088=VERTEX_POINT('',#8807);
#4089=VERTEX_POINT('',#8809);
#4090=VERTEX_POINT('',#8816);
#4091=VERTEX_POINT('',#8817);
#4092=VERTEX_POINT('',#8819);
#4093=VERTEX_POINT('',#8821);
#4094=VERTEX_POINT('',#8825);
#4095=VERTEX_POINT('',#8827);
#4096=VERTEX_POINT('',#8831);
#4097=VERTEX_POINT('',#8833);
#4098=VERTEX_POINT('',#8837);
#4099=VERTEX_POINT('',#8839);
#4100=VERTEX_POINT('',#8843);
#4101=VERTEX_POINT('',#8845);
#4102=VERTEX_POINT('',#8849);
#4103=VERTEX_POINT('',#8851);
#4104=VERTEX_POINT('',#8855);
#4105=VERTEX_POINT('',#8857);
#4106=VERTEX_POINT('',#8864);
#4107=VERTEX_POINT('',#8865);
#4108=VERTEX_POINT('',#8867);
#4109=VERTEX_POINT('',#8869);
#4110=VERTEX_POINT('',#8873);
#4111=VERTEX_POINT('',#8875);
#4112=VERTEX_POINT('',#8879);
#4113=VERTEX_POINT('',#8881);
#4114=VERTEX_POINT('',#8885);
#4115=VERTEX_POINT('',#8887);
#4116=VERTEX_POINT('',#8891);
#4117=VERTEX_POINT('',#8893);
#4118=VERTEX_POINT('',#8897);
#4119=VERTEX_POINT('',#8899);
#4120=VERTEX_POINT('',#8903);
#4121=VERTEX_POINT('',#8905);
#4122=VERTEX_POINT('',#8912);
#4123=VERTEX_POINT('',#8913);
#4124=VERTEX_POINT('',#8915);
#4125=VERTEX_POINT('',#8917);
#4126=VERTEX_POINT('',#8921);
#4127=VERTEX_POINT('',#8922);
#4128=VERTEX_POINT('',#8927);
#4129=VERTEX_POINT('',#8929);
#4130=VERTEX_POINT('',#8933);
#4131=VERTEX_POINT('',#8935);
#4132=VERTEX_POINT('',#8939);
#4133=VERTEX_POINT('',#8941);
#4134=VERTEX_POINT('',#8945);
#4135=VERTEX_POINT('',#8947);
#4136=VERTEX_POINT('',#8951);
#4137=VERTEX_POINT('',#8953);
#4138=VERTEX_POINT('',#8957);
#4139=VERTEX_POINT('',#8959);
#4140=VERTEX_POINT('',#8963);
#4141=VERTEX_POINT('',#8965);
#4142=VERTEX_POINT('',#8969);
#4143=VERTEX_POINT('',#8971);
#4144=VERTEX_POINT('',#8975);
#4145=VERTEX_POINT('',#8977);
#4146=VERTEX_POINT('',#8981);
#4147=VERTEX_POINT('',#8983);
#4148=VERTEX_POINT('',#8987);
#4149=VERTEX_POINT('',#8989);
#4150=VERTEX_POINT('',#8993);
#4151=VERTEX_POINT('',#8994);
#4152=VERTEX_POINT('',#8996);
#4153=VERTEX_POINT('',#8998);
#4154=VERTEX_POINT('',#9002);
#4155=VERTEX_POINT('',#9004);
#4156=VERTEX_POINT('',#9008);
#4157=VERTEX_POINT('',#9010);
#4158=VERTEX_POINT('',#9014);
#4159=VERTEX_POINT('',#9015);
#4160=VERTEX_POINT('',#9017);
#4161=VERTEX_POINT('',#9019);
#4162=VERTEX_POINT('',#9023);
#4163=VERTEX_POINT('',#9025);
#4164=VERTEX_POINT('',#9029);
#4165=VERTEX_POINT('',#9031);
#4166=VERTEX_POINT('',#9035);
#4167=VERTEX_POINT('',#9036);
#4168=VERTEX_POINT('',#9038);
#4169=VERTEX_POINT('',#9040);
#4170=VERTEX_POINT('',#9044);
#4171=VERTEX_POINT('',#9046);
#4172=VERTEX_POINT('',#9050);
#4173=VERTEX_POINT('',#9052);
#4174=VERTEX_POINT('',#9056);
#4175=VERTEX_POINT('',#9057);
#4176=VERTEX_POINT('',#9059);
#4177=VERTEX_POINT('',#9061);
#4178=VERTEX_POINT('',#9065);
#4179=VERTEX_POINT('',#9067);
#4180=VERTEX_POINT('',#9071);
#4181=VERTEX_POINT('',#9073);
#4182=VERTEX_POINT('',#9077);
#4183=VERTEX_POINT('',#9079);
#4184=VERTEX_POINT('',#9083);
#4185=VERTEX_POINT('',#9085);
#4186=VERTEX_POINT('',#9089);
#4187=VERTEX_POINT('',#9091);
#4188=VERTEX_POINT('',#9095);
#4189=VERTEX_POINT('',#9097);
#4190=VERTEX_POINT('',#9104);
#4191=VERTEX_POINT('',#9105);
#4192=VERTEX_POINT('',#9107);
#4193=VERTEX_POINT('',#9109);
#4194=VERTEX_POINT('',#9113);
#4195=VERTEX_POINT('',#9115);
#4196=VERTEX_POINT('',#9119);
#4197=VERTEX_POINT('',#9121);
#4198=VERTEX_POINT('',#9125);
#4199=VERTEX_POINT('',#9127);
#4200=VERTEX_POINT('',#9131);
#4201=VERTEX_POINT('',#9133);
#4202=VERTEX_POINT('',#9137);
#4203=VERTEX_POINT('',#9139);
#4204=VERTEX_POINT('',#9143);
#4205=VERTEX_POINT('',#9145);
#4206=VERTEX_POINT('',#9152);
#4207=VERTEX_POINT('',#9153);
#4208=VERTEX_POINT('',#9155);
#4209=VERTEX_POINT('',#9157);
#4210=VERTEX_POINT('',#9161);
#4211=VERTEX_POINT('',#9163);
#4212=VERTEX_POINT('',#9167);
#4213=VERTEX_POINT('',#9169);
#4214=VERTEX_POINT('',#9173);
#4215=VERTEX_POINT('',#9175);
#4216=VERTEX_POINT('',#9179);
#4217=VERTEX_POINT('',#9181);
#4218=VERTEX_POINT('',#9185);
#4219=VERTEX_POINT('',#9187);
#4220=VERTEX_POINT('',#9191);
#4221=VERTEX_POINT('',#9193);
#4222=VERTEX_POINT('',#9200);
#4223=VERTEX_POINT('',#9201);
#4224=VERTEX_POINT('',#9203);
#4225=VERTEX_POINT('',#9205);
#4226=VERTEX_POINT('',#9209);
#4227=VERTEX_POINT('',#9211);
#4228=VERTEX_POINT('',#9215);
#4229=VERTEX_POINT('',#9217);
#4230=VERTEX_POINT('',#9221);
#4231=VERTEX_POINT('',#9223);
#4232=VERTEX_POINT('',#9227);
#4233=VERTEX_POINT('',#9229);
#4234=VERTEX_POINT('',#9233);
#4235=VERTEX_POINT('',#9235);
#4236=VERTEX_POINT('',#9239);
#4237=VERTEX_POINT('',#9241);
#4238=VERTEX_POINT('',#9248);
#4239=VERTEX_POINT('',#9249);
#4240=VERTEX_POINT('',#9251);
#4241=VERTEX_POINT('',#9253);
#4242=VERTEX_POINT('',#9257);
#4243=VERTEX_POINT('',#9259);
#4244=VERTEX_POINT('',#9263);
#4245=VERTEX_POINT('',#9265);
#4246=VERTEX_POINT('',#9269);
#4247=VERTEX_POINT('',#9271);
#4248=VERTEX_POINT('',#9275);
#4249=VERTEX_POINT('',#9277);
#4250=VERTEX_POINT('',#9281);
#4251=VERTEX_POINT('',#9283);
#4252=VERTEX_POINT('',#9287);
#4253=VERTEX_POINT('',#9289);
#4254=VERTEX_POINT('',#9296);
#4255=VERTEX_POINT('',#9297);
#4256=VERTEX_POINT('',#9299);
#4257=VERTEX_POINT('',#9301);
#4258=VERTEX_POINT('',#9305);
#4259=VERTEX_POINT('',#9307);
#4260=VERTEX_POINT('',#9311);
#4261=VERTEX_POINT('',#9313);
#4262=VERTEX_POINT('',#9317);
#4263=VERTEX_POINT('',#9319);
#4264=VERTEX_POINT('',#9323);
#4265=VERTEX_POINT('',#9325);
#4266=VERTEX_POINT('',#9329);
#4267=VERTEX_POINT('',#9331);
#4268=VERTEX_POINT('',#9335);
#4269=VERTEX_POINT('',#9337);
#4270=VERTEX_POINT('',#9344);
#4271=VERTEX_POINT('',#9345);
#4272=VERTEX_POINT('',#9347);
#4273=VERTEX_POINT('',#9349);
#4274=VERTEX_POINT('',#9353);
#4275=VERTEX_POINT('',#9355);
#4276=VERTEX_POINT('',#9359);
#4277=VERTEX_POINT('',#9361);
#4278=VERTEX_POINT('',#9365);
#4279=VERTEX_POINT('',#9367);
#4280=VERTEX_POINT('',#9371);
#4281=VERTEX_POINT('',#9373);
#4282=VERTEX_POINT('',#9377);
#4283=VERTEX_POINT('',#9379);
#4284=VERTEX_POINT('',#9383);
#4285=VERTEX_POINT('',#9385);
#4286=VERTEX_POINT('',#9392);
#4287=VERTEX_POINT('',#9393);
#4288=VERTEX_POINT('',#9395);
#4289=VERTEX_POINT('',#9397);
#4290=VERTEX_POINT('',#9401);
#4291=VERTEX_POINT('',#9403);
#4292=VERTEX_POINT('',#9407);
#4293=VERTEX_POINT('',#9409);
#4294=VERTEX_POINT('',#9413);
#4295=VERTEX_POINT('',#9415);
#4296=VERTEX_POINT('',#9419);
#4297=VERTEX_POINT('',#9421);
#4298=VERTEX_POINT('',#9425);
#4299=VERTEX_POINT('',#9427);
#4300=VERTEX_POINT('',#9431);
#4301=VERTEX_POINT('',#9433);
#4302=VERTEX_POINT('',#9440);
#4303=VERTEX_POINT('',#9441);
#4304=VERTEX_POINT('',#9443);
#4305=VERTEX_POINT('',#9445);
#4306=VERTEX_POINT('',#9449);
#4307=VERTEX_POINT('',#9451);
#4308=VERTEX_POINT('',#9455);
#4309=VERTEX_POINT('',#9457);
#4310=VERTEX_POINT('',#9461);
#4311=VERTEX_POINT('',#9463);
#4312=VERTEX_POINT('',#9467);
#4313=VERTEX_POINT('',#9469);
#4314=VERTEX_POINT('',#9473);
#4315=VERTEX_POINT('',#9475);
#4316=VERTEX_POINT('',#9479);
#4317=VERTEX_POINT('',#9481);
#4318=VERTEX_POINT('',#9488);
#4319=VERTEX_POINT('',#9489);
#4320=VERTEX_POINT('',#9491);
#4321=VERTEX_POINT('',#9493);
#4322=VERTEX_POINT('',#9497);
#4323=VERTEX_POINT('',#9499);
#4324=VERTEX_POINT('',#9503);
#4325=VERTEX_POINT('',#9505);
#4326=VERTEX_POINT('',#9509);
#4327=VERTEX_POINT('',#9511);
#4328=VERTEX_POINT('',#9515);
#4329=VERTEX_POINT('',#9517);
#4330=VERTEX_POINT('',#9521);
#4331=VERTEX_POINT('',#9523);
#4332=VERTEX_POINT('',#9527);
#4333=VERTEX_POINT('',#9529);
#4334=VERTEX_POINT('',#9536);
#4335=VERTEX_POINT('',#9537);
#4336=VERTEX_POINT('',#9539);
#4337=VERTEX_POINT('',#9541);
#4338=VERTEX_POINT('',#9545);
#4339=VERTEX_POINT('',#9547);
#4340=VERTEX_POINT('',#9551);
#4341=VERTEX_POINT('',#9553);
#4342=VERTEX_POINT('',#9557);
#4343=VERTEX_POINT('',#9559);
#4344=VERTEX_POINT('',#9563);
#4345=VERTEX_POINT('',#9565);
#4346=VERTEX_POINT('',#9569);
#4347=VERTEX_POINT('',#9571);
#4348=VERTEX_POINT('',#9575);
#4349=VERTEX_POINT('',#9577);
#4350=VERTEX_POINT('',#9584);
#4351=VERTEX_POINT('',#9585);
#4352=VERTEX_POINT('',#9587);
#4353=VERTEX_POINT('',#9589);
#4354=VERTEX_POINT('',#9593);
#4355=VERTEX_POINT('',#9595);
#4356=VERTEX_POINT('',#9599);
#4357=VERTEX_POINT('',#9601);
#4358=VERTEX_POINT('',#9605);
#4359=VERTEX_POINT('',#9607);
#4360=VERTEX_POINT('',#9611);
#4361=VERTEX_POINT('',#9613);
#4362=VERTEX_POINT('',#9617);
#4363=VERTEX_POINT('',#9619);
#4364=VERTEX_POINT('',#9623);
#4365=VERTEX_POINT('',#9625);
#4366=VERTEX_POINT('',#9632);
#4367=VERTEX_POINT('',#9633);
#4368=VERTEX_POINT('',#9635);
#4369=VERTEX_POINT('',#9637);
#4370=VERTEX_POINT('',#9641);
#4371=VERTEX_POINT('',#9643);
#4372=VERTEX_POINT('',#9647);
#4373=VERTEX_POINT('',#9649);
#4374=VERTEX_POINT('',#9653);
#4375=VERTEX_POINT('',#9655);
#4376=VERTEX_POINT('',#9659);
#4377=VERTEX_POINT('',#9661);
#4378=VERTEX_POINT('',#9665);
#4379=VERTEX_POINT('',#9667);
#4380=VERTEX_POINT('',#9671);
#4381=VERTEX_POINT('',#9673);
#4382=VERTEX_POINT('',#9680);
#4383=VERTEX_POINT('',#9681);
#4384=VERTEX_POINT('',#9683);
#4385=VERTEX_POINT('',#9685);
#4386=VERTEX_POINT('',#9689);
#4387=VERTEX_POINT('',#9691);
#4388=VERTEX_POINT('',#9695);
#4389=VERTEX_POINT('',#9697);
#4390=VERTEX_POINT('',#9701);
#4391=VERTEX_POINT('',#9703);
#4392=VERTEX_POINT('',#9707);
#4393=VERTEX_POINT('',#9709);
#4394=VERTEX_POINT('',#9713);
#4395=VERTEX_POINT('',#9715);
#4396=VERTEX_POINT('',#9719);
#4397=VERTEX_POINT('',#9721);
#4398=VERTEX_POINT('',#9728);
#4399=VERTEX_POINT('',#9729);
#4400=VERTEX_POINT('',#9731);
#4401=VERTEX_POINT('',#9733);
#4402=VERTEX_POINT('',#9737);
#4403=VERTEX_POINT('',#9739);
#4404=VERTEX_POINT('',#9743);
#4405=VERTEX_POINT('',#9745);
#4406=VERTEX_POINT('',#9749);
#4407=VERTEX_POINT('',#9751);
#4408=VERTEX_POINT('',#9755);
#4409=VERTEX_POINT('',#9757);
#4410=VERTEX_POINT('',#9761);
#4411=VERTEX_POINT('',#9763);
#4412=VERTEX_POINT('',#9767);
#4413=VERTEX_POINT('',#9769);
#4414=VERTEX_POINT('',#9776);
#4415=VERTEX_POINT('',#9778);
#4416=VERTEX_POINT('',#9780);
#4417=VERTEX_POINT('',#9782);
#4418=VERTEX_POINT('',#9785);
#4419=VERTEX_POINT('',#9787);
#4420=VERTEX_POINT('',#9790);
#4421=VERTEX_POINT('',#9792);
#4422=VERTEX_POINT('',#9795);
#4423=VERTEX_POINT('',#9797);
#4424=VERTEX_POINT('',#9799);
#4425=VERTEX_POINT('',#9801);
#4426=VERTEX_POINT('',#9805);
#4427=VERTEX_POINT('',#9806);
#4428=VERTEX_POINT('',#9809);
#4429=VERTEX_POINT('',#9811);
#4430=VERTEX_POINT('',#9814);
#4431=VERTEX_POINT('',#9816);
#4432=VERTEX_POINT('',#9819);
#4433=VERTEX_POINT('',#9821);
#4434=VERTEX_POINT('',#9838);
#4435=VERTEX_POINT('',#9840);
#4436=VERTEX_POINT('',#9844);
#4437=VERTEX_POINT('',#9846);
#4438=VERTEX_POINT('',#9850);
#4439=VERTEX_POINT('',#9856);
#4440=VERTEX_POINT('',#9860);
#4441=VERTEX_POINT('',#9867);
#4442=CIRCLE('',#5890,0.00215);
#4443=CIRCLE('',#5891,0.00215);
#4444=CIRCLE('',#5893,0.00215);
#4445=CIRCLE('',#5894,0.00215);
#4446=CIRCLE('',#5896,0.00175);
#4447=CIRCLE('',#5897,0.00175);
#4448=CIRCLE('',#5899,0.00175);
#4449=CIRCLE('',#5900,0.00175);
#4450=CIRCLE('',#5902,0.00175);
#4451=CIRCLE('',#5903,0.00175);
#4452=CIRCLE('',#5905,0.00175);
#4453=CIRCLE('',#5906,0.00175);
#4454=CIRCLE('',#5909,0.000499999967883418);
#4455=CIRCLE('',#5910,0.000499999967883418);
#4456=CIRCLE('',#5913,0.000499999967883439);
#4457=CIRCLE('',#5914,0.000499999967883439);
#4458=CIRCLE('',#5917,0.000499999967883449);
#4459=CIRCLE('',#5918,0.000499999967883449);
#4460=CIRCLE('',#5921,0.000499999967883428);
#4461=CIRCLE('',#5922,0.000499999967883428);
#4462=CIRCLE('',#5925,0.000499999967883421);
#4463=CIRCLE('',#5926,0.000499999967883421);
#4464=CIRCLE('',#5929,0.000499999967883421);
#4465=CIRCLE('',#5930,0.000499999967883421);
#4466=CIRCLE('',#5933,0.000499999967883432);
#4467=CIRCLE('',#5934,0.000499999967883432);
#4468=CIRCLE('',#5937,0.000499999967883432);
#4469=CIRCLE('',#5938,0.000499999967883432);
#4470=CIRCLE('',#5941,0.000499999967883426);
#4471=CIRCLE('',#5942,0.000499999967883426);
#4472=CIRCLE('',#5945,0.00049999996788343);
#4473=CIRCLE('',#5946,0.00049999996788343);
#4474=CIRCLE('',#5949,0.000499999967883442);
#4475=CIRCLE('',#5950,0.000499999967883442);
#4476=CIRCLE('',#5953,0.000499999967883439);
#4477=CIRCLE('',#5954,0.000499999967883439);
#4478=CIRCLE('',#5957,0.00049999996788343);
#4479=CIRCLE('',#5958,0.00049999996788343);
#4480=CIRCLE('',#5961,0.000499999967883435);
#4481=CIRCLE('',#5962,0.000499999967883435);
#4482=CIRCLE('',#5965,0.000499999967883432);
#4483=CIRCLE('',#5966,0.000499999967883432);
#4484=CIRCLE('',#5969,0.000499999967883432);
#4485=CIRCLE('',#5970,0.000499999967883432);
#4486=CIRCLE('',#5973,0.00049999996788343);
#4487=CIRCLE('',#5974,0.00049999996788343);
#4488=CIRCLE('',#5977,0.00049999996788343);
#4489=CIRCLE('',#5978,0.00049999996788343);
#4490=CIRCLE('',#5981,0.000499999967883439);
#4491=CIRCLE('',#5982,0.000499999967883439);
#4492=CIRCLE('',#5985,0.000499999967883439);
#4493=CIRCLE('',#5986,0.000499999967883439);
#4494=CIRCLE('',#5989,0.000499999967883439);
#4495=CIRCLE('',#5990,0.000499999967883439);
#4496=CIRCLE('',#5993,0.000499999967883439);
#4497=CIRCLE('',#5994,0.000499999967883439);
#4498=CIRCLE('',#5997,0.000499999967883439);
#4499=CIRCLE('',#5998,0.000499999967883439);
#4500=CIRCLE('',#6001,0.000499999967883439);
#4501=CIRCLE('',#6002,0.000499999967883439);
#4502=CIRCLE('',#6005,0.000499999967883439);
#4503=CIRCLE('',#6006,0.000499999967883439);
#4504=CIRCLE('',#6009,0.000499999967883439);
#4505=CIRCLE('',#6010,0.000499999967883439);
#4506=CIRCLE('',#6013,0.000499999967883439);
#4507=CIRCLE('',#6014,0.000499999967883439);
#4508=CIRCLE('',#6017,0.000499999967883432);
#4509=CIRCLE('',#6018,0.000499999967883432);
#4510=CIRCLE('',#6021,0.000499999967883439);
#4511=CIRCLE('',#6022,0.000499999967883439);
#4512=CIRCLE('',#6025,0.000499999967883439);
#4513=CIRCLE('',#6026,0.000499999967883439);
#4514=CIRCLE('',#6029,0.000499999967883432);
#4515=CIRCLE('',#6030,0.000499999967883432);
#4516=CIRCLE('',#6033,0.000499999967883432);
#4517=CIRCLE('',#6034,0.000499999967883432);
#4518=CIRCLE('',#6037,0.000499999967883439);
#4519=CIRCLE('',#6038,0.000499999967883439);
#4520=CIRCLE('',#6041,0.000499999967883432);
#4521=CIRCLE('',#6042,0.000499999967883432);
#4522=CIRCLE('',#6045,0.000499999967883432);
#4523=CIRCLE('',#6046,0.000499999967883432);
#4524=CIRCLE('',#6049,0.000499999967883432);
#4525=CIRCLE('',#6050,0.000499999967883432);
#4526=CIRCLE('',#6053,0.000499999967883425);
#4527=CIRCLE('',#6054,0.000499999967883425);
#4528=CIRCLE('',#6057,0.000499999967883435);
#4529=CIRCLE('',#6058,0.000499999967883435);
#4530=CIRCLE('',#6061,0.000499999967883435);
#4531=CIRCLE('',#6062,0.000499999967883435);
#4532=CIRCLE('',#6065,0.000499999967883425);
#4533=CIRCLE('',#6066,0.000499999967883425);
#4534=CIRCLE('',#6069,0.000499999967883418);
#4535=CIRCLE('',#6070,0.000499999967883418);
#4536=CIRCLE('',#6073,0.000499999967883461);
#4537=CIRCLE('',#6074,0.000499999967883461);
#4538=CIRCLE('',#6077,0.000499999967883442);
#4539=CIRCLE('',#6078,0.000499999967883442);
#4540=CIRCLE('',#6081,0.000499999967883435);
#4541=CIRCLE('',#6082,0.000499999967883435);
#4542=CIRCLE('',#6085,0.000499999967883418);
#4543=CIRCLE('',#6086,0.000499999967883418);
#4544=CIRCLE('',#6089,0.00049999996788343);
#4545=CIRCLE('',#6090,0.00049999996788343);
#4546=CIRCLE('',#6093,0.000499999967883442);
#4547=CIRCLE('',#6094,0.000499999967883442);
#4548=CIRCLE('',#6097,0.000499999967883435);
#4549=CIRCLE('',#6098,0.000499999967883435);
#4550=CIRCLE('',#6101,0.00049999996788343);
#4551=CIRCLE('',#6102,0.00049999996788343);
#4552=CIRCLE('',#6105,0.00049999996788343);
#4553=CIRCLE('',#6106,0.00049999996788343);
#4554=CIRCLE('',#6109,0.000499999967883446);
#4555=CIRCLE('',#6110,0.000499999967883446);
#4556=CIRCLE('',#6113,0.000499999967883432);
#4557=CIRCLE('',#6114,0.000499999967883432);
#4558=CIRCLE('',#6117,0.000499999967883432);
#4559=CIRCLE('',#6118,0.000499999967883432);
#4560=CIRCLE('',#6121,0.000499999967883435);
#4561=CIRCLE('',#6122,0.000499999967883435);
#4562=CIRCLE('',#6125,0.000499999967883442);
#4563=CIRCLE('',#6126,0.000499999967883442);
#4564=CIRCLE('',#6129,0.000499999967883439);
#4565=CIRCLE('',#6130,0.000499999967883439);
#4566=CIRCLE('',#6133,0.000499999967883432);
#4567=CIRCLE('',#6134,0.000499999967883432);
#4568=CIRCLE('',#6137,0.000499999967883432);
#4569=CIRCLE('',#6138,0.000499999967883432);
#4570=CIRCLE('',#6141,0.00049999996788344);
#4571=CIRCLE('',#6142,0.00049999996788344);
#4572=CIRCLE('',#6145,0.000499999967883438);
#4573=CIRCLE('',#6146,0.000499999967883438);
#4574=CIRCLE('',#6148,0.004);
#4575=CIRCLE('',#6149,0.004);
#4576=CIRCLE('',#6153,0.005);
#4577=CIRCLE('',#6154,0.005);
#4578=CIRCLE('',#6157,0.005);
#4579=CIRCLE('',#6158,0.005);
#4580=CIRCLE('',#6161,0.005);
#4581=CIRCLE('',#6162,0.005);
#4582=CIRCLE('',#6165,0.005);
#4583=CIRCLE('',#6166,0.005);
#4584=CIRCLE('',#6170,0.004);
#4585=CIRCLE('',#6171,0.004);
#4586=CIRCLE('',#6173,0.000499999967883431);
#4587=CIRCLE('',#6174,0.000499999967883431);
#4588=CIRCLE('',#6177,0.000499999967883431);
#4589=CIRCLE('',#6178,0.000499999967883431);
#4590=CIRCLE('',#6180,0.000499999967883432);
#4591=CIRCLE('',#6181,0.000499999967883432);
#4592=CIRCLE('',#6184,0.000499999967883434);
#4593=CIRCLE('',#6185,0.000499999967883434);
#4594=CIRCLE('',#6187,0.000499999967883431);
#4595=CIRCLE('',#6188,0.000499999967883431);
#4596=CIRCLE('',#6191,0.000499999967883438);
#4597=CIRCLE('',#6192,0.000499999967883438);
#4598=CIRCLE('',#6195,0.000499999967883421);
#4599=CIRCLE('',#6196,0.000499999967883421);
#4600=CIRCLE('',#6199,0.000499999967883433);
#4601=CIRCLE('',#6200,0.000499999967883433);
#4602=CIRCLE('',#6203,0.000499999967883442);
#4603=CIRCLE('',#6204,0.000499999967883442);
#4604=CIRCLE('',#6207,0.00049999996788343);
#4605=CIRCLE('',#6208,0.00049999996788343);
#4606=CIRCLE('',#6211,0.000499999967883421);
#4607=CIRCLE('',#6212,0.000499999967883421);
#4608=CIRCLE('',#6215,0.000499999967883433);
#4609=CIRCLE('',#6216,0.000499999967883433);
#4610=CIRCLE('',#6219,0.00049999996788343);
#4611=CIRCLE('',#6220,0.00049999996788343);
#4612=CIRCLE('',#6223,0.000499999967883428);
#4613=CIRCLE('',#6224,0.000499999967883428);
#4614=CIRCLE('',#6227,0.000499999967883421);
#4615=CIRCLE('',#6228,0.000499999967883421);
#4616=CIRCLE('',#6231,0.000499999967883433);
#4617=CIRCLE('',#6232,0.000499999967883433);
#4618=CIRCLE('',#6235,0.000499999967883433);
#4619=CIRCLE('',#6236,0.000499999967883433);
#4620=CIRCLE('',#6239,0.000499999967883433);
#4621=CIRCLE('',#6240,0.000499999967883433);
#4622=CIRCLE('',#6243,0.000499999967883429);
#4623=CIRCLE('',#6244,0.000499999967883429);
#4624=CIRCLE('',#6247,0.000499999967883427);
#4625=CIRCLE('',#6248,0.000499999967883427);
#4626=CIRCLE('',#6251,0.000499999967883433);
#4627=CIRCLE('',#6252,0.000499999967883433);
#4628=CIRCLE('',#6255,0.000499999967883433);
#4629=CIRCLE('',#6256,0.000499999967883433);
#4630=CIRCLE('',#6259,0.000499999967883431);
#4631=CIRCLE('',#6260,0.000499999967883431);
#4632=CIRCLE('',#6263,0.000499999967883433);
#4633=CIRCLE('',#6264,0.000499999967883433);
#4634=CIRCLE('',#6267,0.000499999967883433);
#4635=CIRCLE('',#6268,0.000499999967883433);
#4636=CIRCLE('',#6271,0.000499999967883434);
#4637=CIRCLE('',#6272,0.000499999967883434);
#4638=CIRCLE('',#6275,0.000499999967883432);
#4639=CIRCLE('',#6276,0.000499999967883432);
#4640=CIRCLE('',#6279,0.000499999967883432);
#4641=CIRCLE('',#6280,0.000499999967883432);
#4642=CIRCLE('',#6283,0.000499999967883433);
#4643=CIRCLE('',#6284,0.000499999967883433);
#4644=CIRCLE('',#6287,0.000499999967883433);
#4645=CIRCLE('',#6288,0.000499999967883433);
#4646=CIRCLE('',#6291,0.000499999967883432);
#4647=CIRCLE('',#6292,0.000499999967883432);
#4648=CIRCLE('',#6295,0.000499999967883432);
#4649=CIRCLE('',#6296,0.000499999967883432);
#4650=CIRCLE('',#6299,0.000499999967883433);
#4651=CIRCLE('',#6300,0.000499999967883433);
#4652=CIRCLE('',#6303,0.000499999967883433);
#4653=CIRCLE('',#6304,0.000499999967883433);
#4654=CIRCLE('',#6307,0.000499999967883432);
#4655=CIRCLE('',#6308,0.000499999967883432);
#4656=CIRCLE('',#6311,0.000499999967883432);
#4657=CIRCLE('',#6312,0.000499999967883432);
#4658=CIRCLE('',#6315,0.000499999967883433);
#4659=CIRCLE('',#6316,0.000499999967883433);
#4660=CIRCLE('',#6319,0.000499999967883421);
#4661=CIRCLE('',#6320,0.000499999967883421);
#4662=CIRCLE('',#6323,0.000499999967883432);
#4663=CIRCLE('',#6324,0.000499999967883432);
#4664=CIRCLE('',#6327,0.000499999967883432);
#4665=CIRCLE('',#6328,0.000499999967883432);
#4666=CIRCLE('',#6331,0.000499999967883433);
#4667=CIRCLE('',#6332,0.000499999967883433);
#4668=CIRCLE('',#6335,0.000499999967883421);
#4669=CIRCLE('',#6336,0.000499999967883421);
#4670=CIRCLE('',#6339,0.000499999967883431);
#4671=CIRCLE('',#6340,0.000499999967883431);
#4672=CIRCLE('',#6343,0.000499999967883431);
#4673=CIRCLE('',#6344,0.000499999967883431);
#4674=CIRCLE('',#6347,0.000499999967883435);
#4675=CIRCLE('',#6348,0.000499999967883435);
#4676=CIRCLE('',#6351,0.000499999967883429);
#4677=CIRCLE('',#6352,0.000499999967883429);
#4678=CIRCLE('',#6355,0.000499999967883432);
#4679=CIRCLE('',#6356,0.000499999967883432);
#4680=CIRCLE('',#6359,0.000499999967883432);
#4681=CIRCLE('',#6360,0.000499999967883432);
#4682=CIRCLE('',#6363,0.000499999967883432);
#4683=CIRCLE('',#6364,0.000499999967883432);
#4684=CIRCLE('',#6367,0.000499999967883432);
#4685=CIRCLE('',#6368,0.000499999967883432);
#4686=CIRCLE('',#6371,0.000499999967883432);
#4687=CIRCLE('',#6372,0.000499999967883432);
#4688=CIRCLE('',#6375,0.00049999996788342);
#4689=CIRCLE('',#6376,0.00049999996788342);
#4690=CIRCLE('',#6379,0.00049999996788342);
#4691=CIRCLE('',#6380,0.00049999996788342);
#4692=CIRCLE('',#6383,0.000499999967883432);
#4693=CIRCLE('',#6384,0.000499999967883432);
#4694=CIRCLE('',#6387,0.000499999967883432);
#4695=CIRCLE('',#6388,0.000499999967883432);
#4696=CIRCLE('',#6391,0.000499999967883432);
#4697=CIRCLE('',#6392,0.000499999967883432);
#4698=CIRCLE('',#6395,0.000499999967883432);
#4699=CIRCLE('',#6396,0.000499999967883432);
#4700=CIRCLE('',#6399,0.000499999967883432);
#4701=CIRCLE('',#6400,0.000499999967883432);
#4702=CIRCLE('',#6403,0.00049999996788343);
#4703=CIRCLE('',#6404,0.00049999996788343);
#4704=CIRCLE('',#6407,0.000499999967883432);
#4705=CIRCLE('',#6408,0.000499999967883432);
#4706=CIRCLE('',#6411,0.000499999967883432);
#4707=CIRCLE('',#6412,0.000499999967883432);
#4708=CIRCLE('',#6415,0.00049999996788343);
#4709=CIRCLE('',#6416,0.00049999996788343);
#4710=CIRCLE('',#6419,0.000499999967883431);
#4711=CIRCLE('',#6420,0.000499999967883431);
#4712=CIRCLE('',#6423,0.00049999996788343);
#4713=CIRCLE('',#6424,0.00049999996788343);
#4714=CIRCLE('',#6427,0.00049999996788343);
#4715=CIRCLE('',#6428,0.00049999996788343);
#4716=CIRCLE('',#6431,0.000499999967883431);
#4717=CIRCLE('',#6432,0.000499999967883431);
#4718=EDGE_LOOP('',(#1314));
#4719=EDGE_LOOP('',(#1315));
#4720=EDGE_LOOP('',(#1316));
#4721=EDGE_LOOP('',(#1317));
#4722=EDGE_LOOP('',(#1318));
#4723=EDGE_LOOP('',(#1319));
#4724=EDGE_LOOP('',(#1320));
#4725=EDGE_LOOP('',(#1321));
#4726=EDGE_LOOP('',(#1322));
#4727=EDGE_LOOP('',(#1323));
#4728=EDGE_LOOP('',(#1324));
#4729=EDGE_LOOP('',(#1325));
#4730=EDGE_LOOP('',(#1326,#1327,#1328,#1329));
#4731=EDGE_LOOP('',(#1330,#1331,#1332,#1333));
#4732=EDGE_LOOP('',(#1334,#1335,#1336,#1337));
#4733=EDGE_LOOP('',(#1338,#1339,#1340,#1341));
#4734=EDGE_LOOP('',(#1342,#1343,#1344,#1345));
#4735=EDGE_LOOP('',(#1346,#1347,#1348,#1349));
#4736=EDGE_LOOP('',(#1350,#1351,#1352,#1353));
#4737=EDGE_LOOP('',(#1354,#1355,#1356,#1357));
#4738=EDGE_LOOP('',(#1358,#1359,#1360,#1361));
#4739=EDGE_LOOP('',(#1362,#1363,#1364,#1365));
#4740=EDGE_LOOP('',(#1366,#1367,#1368,#1369));
#4741=EDGE_LOOP('',(#1370,#1371,#1372,#1373));
#4742=EDGE_LOOP('',(#1374,#1375,#1376,#1377));
#4743=EDGE_LOOP('',(#1378,#1379,#1380,#1381));
#4744=EDGE_LOOP('',(#1382,#1383,#1384,#1385));
#4745=EDGE_LOOP('',(#1386,#1387,#1388,#1389));
#4746=EDGE_LOOP('',(#1390,#1391,#1392,#1393));
#4747=EDGE_LOOP('',(#1394,#1395,#1396,#1397));
#4748=EDGE_LOOP('',(#1398,#1399,#1400,#1401));
#4749=EDGE_LOOP('',(#1402,#1403,#1404,#1405));
#4750=EDGE_LOOP('',(#1406,#1407,#1408,#1409));
#4751=EDGE_LOOP('',(#1410,#1411,#1412,#1413));
#4752=EDGE_LOOP('',(#1414,#1415,#1416,#1417));
#4753=EDGE_LOOP('',(#1418,#1419,#1420,#1421));
#4754=EDGE_LOOP('',(#1422,#1423,#1424,#1425));
#4755=EDGE_LOOP('',(#1426,#1427,#1428,#1429));
#4756=EDGE_LOOP('',(#1430,#1431,#1432,#1433));
#4757=EDGE_LOOP('',(#1434,#1435,#1436,#1437));
#4758=EDGE_LOOP('',(#1438,#1439,#1440,#1441));
#4759=EDGE_LOOP('',(#1442,#1443,#1444,#1445));
#4760=EDGE_LOOP('',(#1446,#1447,#1448,#1449));
#4761=EDGE_LOOP('',(#1450,#1451,#1452,#1453));
#4762=EDGE_LOOP('',(#1454,#1455,#1456,#1457));
#4763=EDGE_LOOP('',(#1458,#1459,#1460,#1461));
#4764=EDGE_LOOP('',(#1462,#1463,#1464,#1465));
#4765=EDGE_LOOP('',(#1466,#1467,#1468,#1469));
#4766=EDGE_LOOP('',(#1470,#1471,#1472,#1473));
#4767=EDGE_LOOP('',(#1474,#1475,#1476,#1477));
#4768=EDGE_LOOP('',(#1478,#1479,#1480,#1481));
#4769=EDGE_LOOP('',(#1482,#1483,#1484,#1485));
#4770=EDGE_LOOP('',(#1486,#1487,#1488,#1489));
#4771=EDGE_LOOP('',(#1490,#1491,#1492,#1493));
#4772=EDGE_LOOP('',(#1494,#1495,#1496,#1497));
#4773=EDGE_LOOP('',(#1498,#1499,#1500,#1501));
#4774=EDGE_LOOP('',(#1502,#1503,#1504,#1505));
#4775=EDGE_LOOP('',(#1506,#1507,#1508,#1509));
#4776=EDGE_LOOP('',(#1510,#1511,#1512,#1513));
#4777=EDGE_LOOP('',(#1514,#1515,#1516,#1517));
#4778=EDGE_LOOP('',(#1518,#1519,#1520,#1521));
#4779=EDGE_LOOP('',(#1522,#1523,#1524,#1525));
#4780=EDGE_LOOP('',(#1526,#1527,#1528,#1529));
#4781=EDGE_LOOP('',(#1530,#1531,#1532,#1533));
#4782=EDGE_LOOP('',(#1534,#1535,#1536,#1537));
#4783=EDGE_LOOP('',(#1538,#1539,#1540,#1541));
#4784=EDGE_LOOP('',(#1542,#1543,#1544,#1545));
#4785=EDGE_LOOP('',(#1546,#1547,#1548,#1549));
#4786=EDGE_LOOP('',(#1550,#1551,#1552,#1553));
#4787=EDGE_LOOP('',(#1554,#1555,#1556,#1557));
#4788=EDGE_LOOP('',(#1558,#1559,#1560,#1561));
#4789=EDGE_LOOP('',(#1562,#1563,#1564,#1565));
#4790=EDGE_LOOP('',(#1566,#1567,#1568,#1569));
#4791=EDGE_LOOP('',(#1570,#1571,#1572,#1573));
#4792=EDGE_LOOP('',(#1574,#1575,#1576,#1577));
#4793=EDGE_LOOP('',(#1578,#1579,#1580,#1581));
#4794=EDGE_LOOP('',(#1582,#1583,#1584,#1585));
#4795=EDGE_LOOP('',(#1586,#1587,#1588,#1589));
#4796=EDGE_LOOP('',(#1590,#1591,#1592,#1593));
#4797=EDGE_LOOP('',(#1594,#1595,#1596,#1597));
#4798=EDGE_LOOP('',(#1598,#1599,#1600,#1601));
#4799=EDGE_LOOP('',(#1602,#1603,#1604,#1605));
#4800=EDGE_LOOP('',(#1606,#1607,#1608,#1609));
#4801=EDGE_LOOP('',(#1610,#1611,#1612,#1613));
#4802=EDGE_LOOP('',(#1614,#1615,#1616,#1617));
#4803=EDGE_LOOP('',(#1618,#1619,#1620,#1621));
#4804=EDGE_LOOP('',(#1622,#1623,#1624,#1625));
#4805=EDGE_LOOP('',(#1626,#1627,#1628,#1629));
#4806=EDGE_LOOP('',(#1630,#1631,#1632,#1633));
#4807=EDGE_LOOP('',(#1634,#1635,#1636,#1637));
#4808=EDGE_LOOP('',(#1638,#1639,#1640,#1641));
#4809=EDGE_LOOP('',(#1642,#1643,#1644,#1645));
#4810=EDGE_LOOP('',(#1646,#1647,#1648,#1649));
#4811=EDGE_LOOP('',(#1650,#1651,#1652,#1653));
#4812=EDGE_LOOP('',(#1654,#1655,#1656,#1657));
#4813=EDGE_LOOP('',(#1658,#1659,#1660,#1661));
#4814=EDGE_LOOP('',(#1662,#1663,#1664,#1665));
#4815=EDGE_LOOP('',(#1666,#1667,#1668,#1669));
#4816=EDGE_LOOP('',(#1670,#1671,#1672,#1673));
#4817=EDGE_LOOP('',(#1674,#1675,#1676,#1677));
#4818=EDGE_LOOP('',(#1678,#1679,#1680,#1681));
#4819=EDGE_LOOP('',(#1682,#1683,#1684,#1685));
#4820=EDGE_LOOP('',(#1686,#1687,#1688,#1689));
#4821=EDGE_LOOP('',(#1690,#1691,#1692,#1693));
#4822=EDGE_LOOP('',(#1694,#1695,#1696,#1697));
#4823=EDGE_LOOP('',(#1698,#1699,#1700,#1701));
#4824=EDGE_LOOP('',(#1702,#1703,#1704,#1705));
#4825=EDGE_LOOP('',(#1706,#1707,#1708,#1709));
#4826=EDGE_LOOP('',(#1710,#1711,#1712,#1713));
#4827=EDGE_LOOP('',(#1714,#1715,#1716,#1717));
#4828=EDGE_LOOP('',(#1718,#1719,#1720,#1721));
#4829=EDGE_LOOP('',(#1722,#1723,#1724,#1725));
#4830=EDGE_LOOP('',(#1726,#1727,#1728,#1729));
#4831=EDGE_LOOP('',(#1730,#1731,#1732,#1733));
#4832=EDGE_LOOP('',(#1734,#1735,#1736,#1737));
#4833=EDGE_LOOP('',(#1738,#1739,#1740,#1741));
#4834=EDGE_LOOP('',(#1742,#1743,#1744,#1745));
#4835=EDGE_LOOP('',(#1746,#1747,#1748,#1749));
#4836=EDGE_LOOP('',(#1750,#1751,#1752,#1753));
#4837=EDGE_LOOP('',(#1754,#1755,#1756,#1757));
#4838=EDGE_LOOP('',(#1758,#1759,#1760,#1761));
#4839=EDGE_LOOP('',(#1762,#1763,#1764,#1765));
#4840=EDGE_LOOP('',(#1766,#1767,#1768,#1769));
#4841=EDGE_LOOP('',(#1770,#1771,#1772,#1773));
#4842=EDGE_LOOP('',(#1774,#1775,#1776,#1777));
#4843=EDGE_LOOP('',(#1778,#1779,#1780,#1781));
#4844=EDGE_LOOP('',(#1782,#1783,#1784,#1785));
#4845=EDGE_LOOP('',(#1786,#1787,#1788,#1789));
#4846=EDGE_LOOP('',(#1790,#1791,#1792,#1793));
#4847=EDGE_LOOP('',(#1794,#1795,#1796,#1797));
#4848=EDGE_LOOP('',(#1798,#1799,#1800,#1801));
#4849=EDGE_LOOP('',(#1802,#1803,#1804,#1805));
#4850=EDGE_LOOP('',(#1806,#1807,#1808,#1809));
#4851=EDGE_LOOP('',(#1810,#1811,#1812,#1813));
#4852=EDGE_LOOP('',(#1814,#1815,#1816,#1817));
#4853=EDGE_LOOP('',(#1818,#1819,#1820,#1821));
#4854=EDGE_LOOP('',(#1822,#1823,#1824,#1825));
#4855=EDGE_LOOP('',(#1826,#1827,#1828,#1829));
#4856=EDGE_LOOP('',(#1830,#1831,#1832,#1833));
#4857=EDGE_LOOP('',(#1834,#1835,#1836,#1837));
#4858=EDGE_LOOP('',(#1838,#1839,#1840,#1841));
#4859=EDGE_LOOP('',(#1842,#1843,#1844,#1845));
#4860=EDGE_LOOP('',(#1846,#1847,#1848,#1849));
#4861=EDGE_LOOP('',(#1850,#1851,#1852,#1853));
#4862=EDGE_LOOP('',(#1854,#1855,#1856,#1857));
#4863=EDGE_LOOP('',(#1858,#1859,#1860,#1861));
#4864=EDGE_LOOP('',(#1862,#1863,#1864,#1865));
#4865=EDGE_LOOP('',(#1866,#1867,#1868,#1869));
#4866=EDGE_LOOP('',(#1870,#1871,#1872,#1873));
#4867=EDGE_LOOP('',(#1874,#1875,#1876,#1877));
#4868=EDGE_LOOP('',(#1878,#1879,#1880,#1881));
#4869=EDGE_LOOP('',(#1882,#1883,#1884,#1885));
#4870=EDGE_LOOP('',(#1886,#1887,#1888,#1889));
#4871=EDGE_LOOP('',(#1890,#1891,#1892,#1893));
#4872=EDGE_LOOP('',(#1894,#1895,#1896,#1897));
#4873=EDGE_LOOP('',(#1898,#1899,#1900,#1901));
#4874=EDGE_LOOP('',(#1902,#1903,#1904,#1905));
#4875=EDGE_LOOP('',(#1906,#1907,#1908,#1909));
#4876=EDGE_LOOP('',(#1910,#1911,#1912,#1913));
#4877=EDGE_LOOP('',(#1914,#1915,#1916,#1917));
#4878=EDGE_LOOP('',(#1918,#1919,#1920,#1921));
#4879=EDGE_LOOP('',(#1922,#1923,#1924,#1925));
#4880=EDGE_LOOP('',(#1926,#1927,#1928,#1929));
#4881=EDGE_LOOP('',(#1930,#1931,#1932,#1933));
#4882=EDGE_LOOP('',(#1934,#1935,#1936,#1937));
#4883=EDGE_LOOP('',(#1938,#1939,#1940,#1941));
#4884=EDGE_LOOP('',(#1942,#1943,#1944,#1945));
#4885=EDGE_LOOP('',(#1946,#1947,#1948,#1949));
#4886=EDGE_LOOP('',(#1950,#1951,#1952,#1953));
#4887=EDGE_LOOP('',(#1954,#1955,#1956,#1957));
#4888=EDGE_LOOP('',(#1958,#1959,#1960,#1961));
#4889=EDGE_LOOP('',(#1962,#1963,#1964,#1965));
#4890=EDGE_LOOP('',(#1966,#1967,#1968,#1969));
#4891=EDGE_LOOP('',(#1970,#1971,#1972,#1973));
#4892=EDGE_LOOP('',(#1974,#1975,#1976,#1977));
#4893=EDGE_LOOP('',(#1978,#1979,#1980,#1981));
#4894=EDGE_LOOP('',(#1982,#1983,#1984,#1985));
#4895=EDGE_LOOP('',(#1986,#1987,#1988,#1989));
#4896=EDGE_LOOP('',(#1990,#1991,#1992,#1993));
#4897=EDGE_LOOP('',(#1994,#1995,#1996,#1997));
#4898=EDGE_LOOP('',(#1998,#1999,#2000,#2001));
#4899=EDGE_LOOP('',(#2002,#2003,#2004,#2005));
#4900=EDGE_LOOP('',(#2006,#2007,#2008,#2009));
#4901=EDGE_LOOP('',(#2010,#2011,#2012,#2013));
#4902=EDGE_LOOP('',(#2014,#2015,#2016,#2017));
#4903=EDGE_LOOP('',(#2018,#2019,#2020,#2021));
#4904=EDGE_LOOP('',(#2022,#2023,#2024,#2025));
#4905=EDGE_LOOP('',(#2026,#2027,#2028,#2029));
#4906=EDGE_LOOP('',(#2030,#2031,#2032,#2033));
#4907=EDGE_LOOP('',(#2034,#2035,#2036,#2037));
#4908=EDGE_LOOP('',(#2038,#2039,#2040,#2041));
#4909=EDGE_LOOP('',(#2042,#2043,#2044,#2045));
#4910=EDGE_LOOP('',(#2046,#2047,#2048,#2049));
#4911=EDGE_LOOP('',(#2050,#2051,#2052,#2053));
#4912=EDGE_LOOP('',(#2054,#2055,#2056,#2057));
#4913=EDGE_LOOP('',(#2058,#2059,#2060,#2061));
#4914=EDGE_LOOP('',(#2062,#2063,#2064,#2065));
#4915=EDGE_LOOP('',(#2066,#2067,#2068,#2069));
#4916=EDGE_LOOP('',(#2070,#2071,#2072,#2073));
#4917=EDGE_LOOP('',(#2074,#2075,#2076,#2077));
#4918=EDGE_LOOP('',(#2078,#2079,#2080,#2081));
#4919=EDGE_LOOP('',(#2082,#2083,#2084,#2085));
#4920=EDGE_LOOP('',(#2086,#2087,#2088,#2089));
#4921=EDGE_LOOP('',(#2090,#2091,#2092,#2093));
#4922=EDGE_LOOP('',(#2094,#2095,#2096,#2097));
#4923=EDGE_LOOP('',(#2098,#2099,#2100,#2101));
#4924=EDGE_LOOP('',(#2102,#2103,#2104,#2105));
#4925=EDGE_LOOP('',(#2106,#2107,#2108,#2109));
#4926=EDGE_LOOP('',(#2110,#2111,#2112,#2113));
#4927=EDGE_LOOP('',(#2114,#2115,#2116,#2117));
#4928=EDGE_LOOP('',(#2118,#2119,#2120,#2121));
#4929=EDGE_LOOP('',(#2122,#2123,#2124,#2125));
#4930=EDGE_LOOP('',(#2126,#2127,#2128,#2129));
#4931=EDGE_LOOP('',(#2130,#2131,#2132,#2133));
#4932=EDGE_LOOP('',(#2134,#2135,#2136,#2137));
#4933=EDGE_LOOP('',(#2138,#2139,#2140,#2141));
#4934=EDGE_LOOP('',(#2142,#2143,#2144,#2145));
#4935=EDGE_LOOP('',(#2146,#2147,#2148,#2149));
#4936=EDGE_LOOP('',(#2150,#2151,#2152,#2153));
#4937=EDGE_LOOP('',(#2154,#2155,#2156,#2157));
#4938=EDGE_LOOP('',(#2158,#2159,#2160,#2161));
#4939=EDGE_LOOP('',(#2162,#2163,#2164,#2165));
#4940=EDGE_LOOP('',(#2166,#2167,#2168,#2169));
#4941=EDGE_LOOP('',(#2170,#2171,#2172,#2173));
#4942=EDGE_LOOP('',(#2174,#2175,#2176,#2177));
#4943=EDGE_LOOP('',(#2178,#2179,#2180,#2181));
#4944=EDGE_LOOP('',(#2182,#2183,#2184,#2185));
#4945=EDGE_LOOP('',(#2186,#2187,#2188,#2189));
#4946=EDGE_LOOP('',(#2190,#2191,#2192,#2193));
#4947=EDGE_LOOP('',(#2194,#2195,#2196,#2197));
#4948=EDGE_LOOP('',(#2198,#2199,#2200,#2201));
#4949=EDGE_LOOP('',(#2202,#2203,#2204,#2205));
#4950=EDGE_LOOP('',(#2206,#2207,#2208,#2209));
#4951=EDGE_LOOP('',(#2210,#2211,#2212,#2213));
#4952=EDGE_LOOP('',(#2214,#2215,#2216,#2217));
#4953=EDGE_LOOP('',(#2218,#2219,#2220,#2221));
#4954=EDGE_LOOP('',(#2222,#2223,#2224,#2225));
#4955=EDGE_LOOP('',(#2226,#2227,#2228,#2229));
#4956=EDGE_LOOP('',(#2230,#2231,#2232,#2233));
#4957=EDGE_LOOP('',(#2234,#2235,#2236,#2237));
#4958=EDGE_LOOP('',(#2238,#2239,#2240,#2241));
#4959=EDGE_LOOP('',(#2242,#2243,#2244,#2245));
#4960=EDGE_LOOP('',(#2246,#2247,#2248,#2249));
#4961=EDGE_LOOP('',(#2250,#2251,#2252,#2253));
#4962=EDGE_LOOP('',(#2254,#2255,#2256,#2257));
#4963=EDGE_LOOP('',(#2258,#2259,#2260,#2261));
#4964=EDGE_LOOP('',(#2262,#2263,#2264,#2265));
#4965=EDGE_LOOP('',(#2266,#2267,#2268,#2269));
#4966=EDGE_LOOP('',(#2270,#2271,#2272,#2273));
#4967=EDGE_LOOP('',(#2274,#2275,#2276,#2277));
#4968=EDGE_LOOP('',(#2278,#2279,#2280,#2281));
#4969=EDGE_LOOP('',(#2282,#2283,#2284,#2285));
#4970=EDGE_LOOP('',(#2286,#2287,#2288,#2289));
#4971=EDGE_LOOP('',(#2290,#2291,#2292,#2293));
#4972=EDGE_LOOP('',(#2294,#2295,#2296,#2297));
#4973=EDGE_LOOP('',(#2298,#2299,#2300,#2301));
#4974=EDGE_LOOP('',(#2302,#2303,#2304,#2305));
#4975=EDGE_LOOP('',(#2306,#2307,#2308,#2309));
#4976=EDGE_LOOP('',(#2310,#2311,#2312,#2313));
#4977=EDGE_LOOP('',(#2314,#2315,#2316,#2317));
#4978=EDGE_LOOP('',(#2318,#2319,#2320,#2321));
#4979=EDGE_LOOP('',(#2322,#2323,#2324,#2325));
#4980=EDGE_LOOP('',(#2326,#2327,#2328,#2329));
#4981=EDGE_LOOP('',(#2330,#2331,#2332,#2333));
#4982=EDGE_LOOP('',(#2334,#2335,#2336,#2337));
#4983=EDGE_LOOP('',(#2338,#2339,#2340,#2341));
#4984=EDGE_LOOP('',(#2342,#2343,#2344,#2345));
#4985=EDGE_LOOP('',(#2346,#2347,#2348,#2349));
#4986=EDGE_LOOP('',(#2350,#2351,#2352,#2353));
#4987=EDGE_LOOP('',(#2354,#2355,#2356,#2357));
#4988=EDGE_LOOP('',(#2358,#2359,#2360,#2361));
#4989=EDGE_LOOP('',(#2362,#2363,#2364,#2365));
#4990=EDGE_LOOP('',(#2366,#2367,#2368,#2369));
#4991=EDGE_LOOP('',(#2370,#2371,#2372,#2373));
#4992=EDGE_LOOP('',(#2374,#2375,#2376,#2377,#2378,#2379,#2380,#2381));
#4993=EDGE_LOOP('',(#2382,#2383,#2384,#2385,#2386,#2387,#2388,#2389));
#4994=EDGE_LOOP('',(#2390,#2391,#2392,#2393,#2394,#2395,#2396,#2397));
#4995=EDGE_LOOP('',(#2398,#2399,#2400,#2401,#2402,#2403,#2404,#2405));
#4996=EDGE_LOOP('',(#2406,#2407,#2408,#2409,#2410,#2411,#2412,#2413));
#4997=EDGE_LOOP('',(#2414,#2415,#2416,#2417,#2418,#2419,#2420,#2421));
#4998=EDGE_LOOP('',(#2422,#2423,#2424,#2425,#2426,#2427,#2428,#2429));
#4999=EDGE_LOOP('',(#2430,#2431,#2432,#2433,#2434,#2435,#2436,#2437));
#5000=EDGE_LOOP('',(#2438,#2439,#2440,#2441,#2442,#2443,#2444,#2445));
#5001=EDGE_LOOP('',(#2446,#2447,#2448,#2449,#2450,#2451,#2452,#2453));
#5002=EDGE_LOOP('',(#2454,#2455,#2456,#2457,#2458,#2459,#2460,#2461));
#5003=EDGE_LOOP('',(#2462,#2463,#2464,#2465,#2466,#2467,#2468,#2469));
#5004=EDGE_LOOP('',(#2470,#2471,#2472,#2473,#2474,#2475,#2476,#2477));
#5005=EDGE_LOOP('',(#2478,#2479,#2480,#2481,#2482,#2483,#2484,#2485));
#5006=EDGE_LOOP('',(#2486,#2487,#2488,#2489,#2490,#2491,#2492,#2493));
#5007=EDGE_LOOP('',(#2494,#2495,#2496,#2497,#2498,#2499,#2500,#2501,#2502,
#2503,#2504,#2505,#2506,#2507,#2508,#2509,#2510,#2511,#2512,#2513,#2514,
#2515,#2516,#2517,#2518,#2519,#2520,#2521,#2522,#2523,#2524,#2525,#2526,
#2527,#2528,#2529,#2530,#2531));
#5008=EDGE_LOOP('',(#2532,#2533,#2534,#2535,#2536,#2537,#2538,#2539));
#5009=EDGE_LOOP('',(#2540,#2541,#2542,#2543,#2544,#2545,#2546,#2547));
#5010=EDGE_LOOP('',(#2548,#2549,#2550,#2551,#2552,#2553,#2554,#2555));
#5011=EDGE_LOOP('',(#2556,#2557,#2558,#2559,#2560,#2561,#2562,#2563));
#5012=EDGE_LOOP('',(#2564,#2565,#2566,#2567,#2568,#2569,#2570,#2571));
#5013=EDGE_LOOP('',(#2572,#2573,#2574,#2575,#2576,#2577,#2578,#2579));
#5014=EDGE_LOOP('',(#2580,#2581,#2582,#2583,#2584,#2585,#2586,#2587));
#5015=EDGE_LOOP('',(#2588,#2589,#2590,#2591,#2592,#2593,#2594,#2595));
#5016=EDGE_LOOP('',(#2596,#2597,#2598,#2599,#2600,#2601,#2602,#2603));
#5017=EDGE_LOOP('',(#2604,#2605,#2606,#2607,#2608,#2609,#2610,#2611));
#5018=EDGE_LOOP('',(#2612,#2613,#2614,#2615,#2616,#2617,#2618,#2619));
#5019=EDGE_LOOP('',(#2620,#2621,#2622,#2623,#2624,#2625,#2626,#2627));
#5020=EDGE_LOOP('',(#2628,#2629,#2630,#2631,#2632,#2633,#2634,#2635));
#5021=EDGE_LOOP('',(#2636,#2637,#2638,#2639,#2640,#2641,#2642,#2643));
#5022=EDGE_LOOP('',(#2644,#2645,#2646,#2647,#2648,#2649,#2650,#2651));
#5023=EDGE_LOOP('',(#2652));
#5024=EDGE_LOOP('',(#2653));
#5025=EDGE_LOOP('',(#2654));
#5026=EDGE_LOOP('',(#2655));
#5027=EDGE_LOOP('',(#2656));
#5028=EDGE_LOOP('',(#2657));
#5029=EDGE_LOOP('',(#2658,#2659,#2660,#2661,#2662,#2663,#2664,#2665,#2666,
#2667,#2668,#2669,#2670,#2671,#2672,#2673,#2674,#2675,#2676,#2677,#2678,
#2679,#2680,#2681,#2682,#2683,#2684,#2685,#2686,#2687,#2688,#2689,#2690,
#2691));
#5030=EDGE_LOOP('',(#2692,#2693,#2694,#2695,#2696,#2697,#2698,#2699));
#5031=EDGE_LOOP('',(#2700,#2701,#2702,#2703,#2704,#2705,#2706,#2707));
#5032=EDGE_LOOP('',(#2708,#2709,#2710,#2711,#2712,#2713,#2714,#2715));
#5033=EDGE_LOOP('',(#2716,#2717,#2718,#2719,#2720,#2721,#2722,#2723));
#5034=EDGE_LOOP('',(#2724,#2725,#2726,#2727,#2728,#2729,#2730,#2731));
#5035=EDGE_LOOP('',(#2732,#2733,#2734,#2735,#2736,#2737,#2738,#2739));
#5036=EDGE_LOOP('',(#2740,#2741,#2742,#2743,#2744,#2745,#2746,#2747));
#5037=EDGE_LOOP('',(#2748,#2749,#2750,#2751,#2752,#2753,#2754,#2755));
#5038=EDGE_LOOP('',(#2756,#2757,#2758,#2759,#2760,#2761,#2762,#2763));
#5039=EDGE_LOOP('',(#2764,#2765,#2766,#2767,#2768,#2769,#2770,#2771));
#5040=EDGE_LOOP('',(#2772,#2773,#2774,#2775,#2776,#2777,#2778,#2779));
#5041=EDGE_LOOP('',(#2780,#2781,#2782,#2783,#2784,#2785,#2786,#2787));
#5042=EDGE_LOOP('',(#2788,#2789,#2790,#2791,#2792,#2793,#2794,#2795));
#5043=EDGE_LOOP('',(#2796,#2797,#2798,#2799,#2800,#2801,#2802,#2803));
#5044=EDGE_LOOP('',(#2804,#2805,#2806,#2807,#2808,#2809,#2810,#2811));
#5045=EDGE_LOOP('',(#2812,#2813,#2814,#2815,#2816,#2817,#2818,#2819));
#5046=EDGE_LOOP('',(#2820,#2821,#2822,#2823,#2824,#2825,#2826,#2827));
#5047=EDGE_LOOP('',(#2828,#2829,#2830,#2831,#2832,#2833,#2834,#2835));
#5048=EDGE_LOOP('',(#2836,#2837,#2838,#2839,#2840,#2841,#2842,#2843));
#5049=EDGE_LOOP('',(#2844,#2845,#2846,#2847,#2848,#2849,#2850,#2851));
#5050=EDGE_LOOP('',(#2852,#2853,#2854,#2855,#2856,#2857,#2858,#2859));
#5051=EDGE_LOOP('',(#2860,#2861,#2862,#2863,#2864,#2865,#2866,#2867));
#5052=EDGE_LOOP('',(#2868,#2869,#2870,#2871,#2872,#2873,#2874,#2875));
#5053=EDGE_LOOP('',(#2876,#2877,#2878,#2879,#2880,#2881,#2882,#2883));
#5054=EDGE_LOOP('',(#2884,#2885,#2886,#2887,#2888,#2889,#2890,#2891));
#5055=EDGE_LOOP('',(#2892,#2893,#2894,#2895,#2896,#2897,#2898,#2899));
#5056=EDGE_LOOP('',(#2900,#2901,#2902,#2903,#2904,#2905,#2906,#2907));
#5057=EDGE_LOOP('',(#2908,#2909,#2910,#2911,#2912,#2913,#2914,#2915));
#5058=EDGE_LOOP('',(#2916,#2917,#2918,#2919,#2920,#2921,#2922,#2923));
#5059=EDGE_LOOP('',(#2924,#2925,#2926,#2927,#2928,#2929,#2930,#2931));
#5060=EDGE_LOOP('',(#2932));
#5061=EDGE_LOOP('',(#2933));
#5062=EDGE_LOOP('',(#2934));
#5063=EDGE_LOOP('',(#2935));
#5064=EDGE_LOOP('',(#2936));
#5065=EDGE_LOOP('',(#2937));
#5066=EDGE_LOOP('',(#2938,#2939,#2940,#2941));
#5067=EDGE_LOOP('',(#2942,#2943,#2944,#2945));
#5068=EDGE_LOOP('',(#2946,#2947,#2948,#2949));
#5069=EDGE_LOOP('',(#2950,#2951,#2952,#2953));
#5070=EDGE_LOOP('',(#2954,#2955,#2956,#2957));
#5071=EDGE_LOOP('',(#2958,#2959,#2960,#2961));
#5072=EDGE_LOOP('',(#2962,#2963,#2964,#2965,#2966,#2967));
#5073=EDGE_LOOP('',(#2968,#2969,#2970,#2971,#2972,#2973));
#5074=EDGE_LOOP('',(#2974,#2975,#2976,#2977,#2978,#2979));
#5075=EDGE_LOOP('',(#2980,#2981,#2982,#2983));
#5076=EDGE_LOOP('',(#2984,#2985,#2986,#2987));
#5077=EDGE_LOOP('',(#2988,#2989,#2990,#2991,#2992,#2993));
#5078=EDGE_LOOP('',(#2994,#2995,#2996,#2997));
#5079=EDGE_LOOP('',(#2998,#2999,#3000,#3001));
#5080=EDGE_LOOP('',(#3002,#3003,#3004,#3005));
#5081=EDGE_LOOP('',(#3006,#3007,#3008,#3009));
#5082=EDGE_LOOP('',(#3010,#3011,#3012,#3013));
#5083=EDGE_LOOP('',(#3014,#3015,#3016,#3017));
#5084=FACE_BOUND('',#4718,.T.);
#5085=FACE_BOUND('',#4719,.T.);
#5086=FACE_BOUND('',#4720,.T.);
#5087=FACE_BOUND('',#4721,.T.);
#5088=FACE_BOUND('',#4722,.T.);
#5089=FACE_BOUND('',#4723,.T.);
#5090=FACE_BOUND('',#4724,.T.);
#5091=FACE_BOUND('',#4725,.T.);
#5092=FACE_BOUND('',#4726,.T.);
#5093=FACE_BOUND('',#4727,.T.);
#5094=FACE_BOUND('',#4728,.T.);
#5095=FACE_BOUND('',#4729,.T.);
#5096=FACE_BOUND('',#4730,.T.);
#5097=FACE_BOUND('',#4731,.T.);
#5098=FACE_BOUND('',#4732,.T.);
#5099=FACE_BOUND('',#4733,.T.);
#5100=FACE_BOUND('',#4734,.T.);
#5101=FACE_BOUND('',#4735,.T.);
#5102=FACE_BOUND('',#4736,.T.);
#5103=FACE_BOUND('',#4737,.T.);
#5104=FACE_BOUND('',#4738,.T.);
#5105=FACE_BOUND('',#4739,.T.);
#5106=FACE_BOUND('',#4740,.T.);
#5107=FACE_BOUND('',#4741,.T.);
#5108=FACE_BOUND('',#4742,.T.);
#5109=FACE_BOUND('',#4743,.T.);
#5110=FACE_BOUND('',#4744,.T.);
#5111=FACE_BOUND('',#4745,.T.);
#5112=FACE_BOUND('',#4746,.T.);
#5113=FACE_BOUND('',#4747,.T.);
#5114=FACE_BOUND('',#4748,.T.);
#5115=FACE_BOUND('',#4749,.T.);
#5116=FACE_BOUND('',#4750,.T.);
#5117=FACE_BOUND('',#4751,.T.);
#5118=FACE_BOUND('',#4752,.T.);
#5119=FACE_BOUND('',#4753,.T.);
#5120=FACE_BOUND('',#4754,.T.);
#5121=FACE_BOUND('',#4755,.T.);
#5122=FACE_BOUND('',#4756,.T.);
#5123=FACE_BOUND('',#4757,.T.);
#5124=FACE_BOUND('',#4758,.T.);
#5125=FACE_BOUND('',#4759,.T.);
#5126=FACE_BOUND('',#4760,.T.);
#5127=FACE_BOUND('',#4761,.T.);
#5128=FACE_BOUND('',#4762,.T.);
#5129=FACE_BOUND('',#4763,.T.);
#5130=FACE_BOUND('',#4764,.T.);
#5131=FACE_BOUND('',#4765,.T.);
#5132=FACE_BOUND('',#4766,.T.);
#5133=FACE_BOUND('',#4767,.T.);
#5134=FACE_BOUND('',#4768,.T.);
#5135=FACE_BOUND('',#4769,.T.);
#5136=FACE_BOUND('',#4770,.T.);
#5137=FACE_BOUND('',#4771,.T.);
#5138=FACE_BOUND('',#4772,.T.);
#5139=FACE_BOUND('',#4773,.T.);
#5140=FACE_BOUND('',#4774,.T.);
#5141=FACE_BOUND('',#4775,.T.);
#5142=FACE_BOUND('',#4776,.T.);
#5143=FACE_BOUND('',#4777,.T.);
#5144=FACE_BOUND('',#4778,.T.);
#5145=FACE_BOUND('',#4779,.T.);
#5146=FACE_BOUND('',#4780,.T.);
#5147=FACE_BOUND('',#4781,.T.);
#5148=FACE_BOUND('',#4782,.T.);
#5149=FACE_BOUND('',#4783,.T.);
#5150=FACE_BOUND('',#4784,.T.);
#5151=FACE_BOUND('',#4785,.T.);
#5152=FACE_BOUND('',#4786,.T.);
#5153=FACE_BOUND('',#4787,.T.);
#5154=FACE_BOUND('',#4788,.T.);
#5155=FACE_BOUND('',#4789,.T.);
#5156=FACE_BOUND('',#4790,.T.);
#5157=FACE_BOUND('',#4791,.T.);
#5158=FACE_BOUND('',#4792,.T.);
#5159=FACE_BOUND('',#4793,.T.);
#5160=FACE_BOUND('',#4794,.T.);
#5161=FACE_BOUND('',#4795,.T.);
#5162=FACE_BOUND('',#4796,.T.);
#5163=FACE_BOUND('',#4797,.T.);
#5164=FACE_BOUND('',#4798,.T.);
#5165=FACE_BOUND('',#4799,.T.);
#5166=FACE_BOUND('',#4800,.T.);
#5167=FACE_BOUND('',#4801,.T.);
#5168=FACE_BOUND('',#4802,.T.);
#5169=FACE_BOUND('',#4803,.T.);
#5170=FACE_BOUND('',#4804,.T.);
#5171=FACE_BOUND('',#4805,.T.);
#5172=FACE_BOUND('',#4806,.T.);
#5173=FACE_BOUND('',#4807,.T.);
#5174=FACE_BOUND('',#4808,.T.);
#5175=FACE_BOUND('',#4809,.T.);
#5176=FACE_BOUND('',#4810,.T.);
#5177=FACE_BOUND('',#4811,.T.);
#5178=FACE_BOUND('',#4812,.T.);
#5179=FACE_BOUND('',#4813,.T.);
#5180=FACE_BOUND('',#4814,.T.);
#5181=FACE_BOUND('',#4815,.T.);
#5182=FACE_BOUND('',#4816,.T.);
#5183=FACE_BOUND('',#4817,.T.);
#5184=FACE_BOUND('',#4818,.T.);
#5185=FACE_BOUND('',#4819,.T.);
#5186=FACE_BOUND('',#4820,.T.);
#5187=FACE_BOUND('',#4821,.T.);
#5188=FACE_BOUND('',#4822,.T.);
#5189=FACE_BOUND('',#4823,.T.);
#5190=FACE_BOUND('',#4824,.T.);
#5191=FACE_BOUND('',#4825,.T.);
#5192=FACE_BOUND('',#4826,.T.);
#5193=FACE_BOUND('',#4827,.T.);
#5194=FACE_BOUND('',#4828,.T.);
#5195=FACE_BOUND('',#4829,.T.);
#5196=FACE_BOUND('',#4830,.T.);
#5197=FACE_BOUND('',#4831,.T.);
#5198=FACE_BOUND('',#4832,.T.);
#5199=FACE_BOUND('',#4833,.T.);
#5200=FACE_BOUND('',#4834,.T.);
#5201=FACE_BOUND('',#4835,.T.);
#5202=FACE_BOUND('',#4836,.T.);
#5203=FACE_BOUND('',#4837,.T.);
#5204=FACE_BOUND('',#4838,.T.);
#5205=FACE_BOUND('',#4839,.T.);
#5206=FACE_BOUND('',#4840,.T.);
#5207=FACE_BOUND('',#4841,.T.);
#5208=FACE_BOUND('',#4842,.T.);
#5209=FACE_BOUND('',#4843,.T.);
#5210=FACE_BOUND('',#4844,.T.);
#5211=FACE_BOUND('',#4845,.T.);
#5212=FACE_BOUND('',#4846,.T.);
#5213=FACE_BOUND('',#4847,.T.);
#5214=FACE_BOUND('',#4848,.T.);
#5215=FACE_BOUND('',#4849,.T.);
#5216=FACE_BOUND('',#4850,.T.);
#5217=FACE_BOUND('',#4851,.T.);
#5218=FACE_BOUND('',#4852,.T.);
#5219=FACE_BOUND('',#4853,.T.);
#5220=FACE_BOUND('',#4854,.T.);
#5221=FACE_BOUND('',#4855,.T.);
#5222=FACE_BOUND('',#4856,.T.);
#5223=FACE_BOUND('',#4857,.T.);
#5224=FACE_BOUND('',#4858,.T.);
#5225=FACE_BOUND('',#4859,.T.);
#5226=FACE_BOUND('',#4860,.T.);
#5227=FACE_BOUND('',#4861,.T.);
#5228=FACE_BOUND('',#4862,.T.);
#5229=FACE_BOUND('',#4863,.T.);
#5230=FACE_BOUND('',#4864,.T.);
#5231=FACE_BOUND('',#4865,.T.);
#5232=FACE_BOUND('',#4866,.T.);
#5233=FACE_BOUND('',#4867,.T.);
#5234=FACE_BOUND('',#4868,.T.);
#5235=FACE_BOUND('',#4869,.T.);
#5236=FACE_BOUND('',#4870,.T.);
#5237=FACE_BOUND('',#4871,.T.);
#5238=FACE_BOUND('',#4872,.T.);
#5239=FACE_BOUND('',#4873,.T.);
#5240=FACE_BOUND('',#4874,.T.);
#5241=FACE_BOUND('',#4875,.T.);
#5242=FACE_BOUND('',#4876,.T.);
#5243=FACE_BOUND('',#4877,.T.);
#5244=FACE_BOUND('',#4878,.T.);
#5245=FACE_BOUND('',#4879,.T.);
#5246=FACE_BOUND('',#4880,.T.);
#5247=FACE_BOUND('',#4881,.T.);
#5248=FACE_BOUND('',#4882,.T.);
#5249=FACE_BOUND('',#4883,.T.);
#5250=FACE_BOUND('',#4884,.T.);
#5251=FACE_BOUND('',#4885,.T.);
#5252=FACE_BOUND('',#4886,.T.);
#5253=FACE_BOUND('',#4887,.T.);
#5254=FACE_BOUND('',#4888,.T.);
#5255=FACE_BOUND('',#4889,.T.);
#5256=FACE_BOUND('',#4890,.T.);
#5257=FACE_BOUND('',#4891,.T.);
#5258=FACE_BOUND('',#4892,.T.);
#5259=FACE_BOUND('',#4893,.T.);
#5260=FACE_BOUND('',#4894,.T.);
#5261=FACE_BOUND('',#4895,.T.);
#5262=FACE_BOUND('',#4896,.T.);
#5263=FACE_BOUND('',#4897,.T.);
#5264=FACE_BOUND('',#4898,.T.);
#5265=FACE_BOUND('',#4899,.T.);
#5266=FACE_BOUND('',#4900,.T.);
#5267=FACE_BOUND('',#4901,.T.);
#5268=FACE_BOUND('',#4902,.T.);
#5269=FACE_BOUND('',#4903,.T.);
#5270=FACE_BOUND('',#4904,.T.);
#5271=FACE_BOUND('',#4905,.T.);
#5272=FACE_BOUND('',#4906,.T.);
#5273=FACE_BOUND('',#4907,.T.);
#5274=FACE_BOUND('',#4908,.T.);
#5275=FACE_BOUND('',#4909,.T.);
#5276=FACE_BOUND('',#4910,.T.);
#5277=FACE_BOUND('',#4911,.T.);
#5278=FACE_BOUND('',#4912,.T.);
#5279=FACE_BOUND('',#4913,.T.);
#5280=FACE_BOUND('',#4914,.T.);
#5281=FACE_BOUND('',#4915,.T.);
#5282=FACE_BOUND('',#4916,.T.);
#5283=FACE_BOUND('',#4917,.T.);
#5284=FACE_BOUND('',#4918,.T.);
#5285=FACE_BOUND('',#4919,.T.);
#5286=FACE_BOUND('',#4920,.T.);
#5287=FACE_BOUND('',#4921,.T.);
#5288=FACE_BOUND('',#4922,.T.);
#5289=FACE_BOUND('',#4923,.T.);
#5290=FACE_BOUND('',#4924,.T.);
#5291=FACE_BOUND('',#4925,.T.);
#5292=FACE_BOUND('',#4926,.T.);
#5293=FACE_BOUND('',#4927,.T.);
#5294=FACE_BOUND('',#4928,.T.);
#5295=FACE_BOUND('',#4929,.T.);
#5296=FACE_BOUND('',#4930,.T.);
#5297=FACE_BOUND('',#4931,.T.);
#5298=FACE_BOUND('',#4932,.T.);
#5299=FACE_BOUND('',#4933,.T.);
#5300=FACE_BOUND('',#4934,.T.);
#5301=FACE_BOUND('',#4935,.T.);
#5302=FACE_BOUND('',#4936,.T.);
#5303=FACE_BOUND('',#4937,.T.);
#5304=FACE_BOUND('',#4938,.T.);
#5305=FACE_BOUND('',#4939,.T.);
#5306=FACE_BOUND('',#4940,.T.);
#5307=FACE_BOUND('',#4941,.T.);
#5308=FACE_BOUND('',#4942,.T.);
#5309=FACE_BOUND('',#4943,.T.);
#5310=FACE_BOUND('',#4944,.T.);
#5311=FACE_BOUND('',#4945,.T.);
#5312=FACE_BOUND('',#4946,.T.);
#5313=FACE_BOUND('',#4947,.T.);
#5314=FACE_BOUND('',#4948,.T.);
#5315=FACE_BOUND('',#4949,.T.);
#5316=FACE_BOUND('',#4950,.T.);
#5317=FACE_BOUND('',#4951,.T.);
#5318=FACE_BOUND('',#4952,.T.);
#5319=FACE_BOUND('',#4953,.T.);
#5320=FACE_BOUND('',#4954,.T.);
#5321=FACE_BOUND('',#4955,.T.);
#5322=FACE_BOUND('',#4956,.T.);
#5323=FACE_BOUND('',#4957,.T.);
#5324=FACE_BOUND('',#4958,.T.);
#5325=FACE_BOUND('',#4959,.T.);
#5326=FACE_BOUND('',#4960,.T.);
#5327=FACE_BOUND('',#4961,.T.);
#5328=FACE_BOUND('',#4962,.T.);
#5329=FACE_BOUND('',#4963,.T.);
#5330=FACE_BOUND('',#4964,.T.);
#5331=FACE_BOUND('',#4965,.T.);
#5332=FACE_BOUND('',#4966,.T.);
#5333=FACE_BOUND('',#4967,.T.);
#5334=FACE_BOUND('',#4968,.T.);
#5335=FACE_BOUND('',#4969,.T.);
#5336=FACE_BOUND('',#4970,.T.);
#5337=FACE_BOUND('',#4971,.T.);
#5338=FACE_BOUND('',#4972,.T.);
#5339=FACE_BOUND('',#4973,.T.);
#5340=FACE_BOUND('',#4974,.T.);
#5341=FACE_BOUND('',#4975,.T.);
#5342=FACE_BOUND('',#4976,.T.);
#5343=FACE_BOUND('',#4977,.T.);
#5344=FACE_BOUND('',#4978,.T.);
#5345=FACE_BOUND('',#4979,.T.);
#5346=FACE_BOUND('',#4980,.T.);
#5347=FACE_BOUND('',#4981,.T.);
#5348=FACE_BOUND('',#4982,.T.);
#5349=FACE_BOUND('',#4983,.T.);
#5350=FACE_BOUND('',#4984,.T.);
#5351=FACE_BOUND('',#4985,.T.);
#5352=FACE_BOUND('',#4986,.T.);
#5353=FACE_BOUND('',#4987,.T.);
#5354=FACE_BOUND('',#4988,.T.);
#5355=FACE_BOUND('',#4989,.T.);
#5356=FACE_BOUND('',#4990,.T.);
#5357=FACE_BOUND('',#4991,.T.);
#5358=FACE_BOUND('',#4992,.T.);
#5359=FACE_BOUND('',#4993,.T.);
#5360=FACE_BOUND('',#4994,.T.);
#5361=FACE_BOUND('',#4995,.T.);
#5362=FACE_BOUND('',#4996,.T.);
#5363=FACE_BOUND('',#4997,.T.);
#5364=FACE_BOUND('',#4998,.T.);
#5365=FACE_BOUND('',#4999,.T.);
#5366=FACE_BOUND('',#5000,.T.);
#5367=FACE_BOUND('',#5001,.T.);
#5368=FACE_BOUND('',#5002,.T.);
#5369=FACE_BOUND('',#5003,.T.);
#5370=FACE_BOUND('',#5004,.T.);
#5371=FACE_BOUND('',#5005,.T.);
#5372=FACE_BOUND('',#5006,.T.);
#5373=FACE_BOUND('',#5007,.T.);
#5374=FACE_BOUND('',#5008,.T.);
#5375=FACE_BOUND('',#5009,.T.);
#5376=FACE_BOUND('',#5010,.T.);
#5377=FACE_BOUND('',#5011,.T.);
#5378=FACE_BOUND('',#5012,.T.);
#5379=FACE_BOUND('',#5013,.T.);
#5380=FACE_BOUND('',#5014,.T.);
#5381=FACE_BOUND('',#5015,.T.);
#5382=FACE_BOUND('',#5016,.T.);
#5383=FACE_BOUND('',#5017,.T.);
#5384=FACE_BOUND('',#5018,.T.);
#5385=FACE_BOUND('',#5019,.T.);
#5386=FACE_BOUND('',#5020,.T.);
#5387=FACE_BOUND('',#5021,.T.);
#5388=FACE_BOUND('',#5022,.T.);
#5389=FACE_BOUND('',#5023,.T.);
#5390=FACE_BOUND('',#5024,.T.);
#5391=FACE_BOUND('',#5025,.T.);
#5392=FACE_BOUND('',#5026,.T.);
#5393=FACE_BOUND('',#5027,.T.);
#5394=FACE_BOUND('',#5028,.T.);
#5395=FACE_BOUND('',#5029,.T.);
#5396=FACE_BOUND('',#5030,.T.);
#5397=FACE_BOUND('',#5031,.T.);
#5398=FACE_BOUND('',#5032,.T.);
#5399=FACE_BOUND('',#5033,.T.);
#5400=FACE_BOUND('',#5034,.T.);
#5401=FACE_BOUND('',#5035,.T.);
#5402=FACE_BOUND('',#5036,.T.);
#5403=FACE_BOUND('',#5037,.T.);
#5404=FACE_BOUND('',#5038,.T.);
#5405=FACE_BOUND('',#5039,.T.);
#5406=FACE_BOUND('',#5040,.T.);
#5407=FACE_BOUND('',#5041,.T.);
#5408=FACE_BOUND('',#5042,.T.);
#5409=FACE_BOUND('',#5043,.T.);
#5410=FACE_BOUND('',#5044,.T.);
#5411=FACE_BOUND('',#5045,.T.);
#5412=FACE_BOUND('',#5046,.T.);
#5413=FACE_BOUND('',#5047,.T.);
#5414=FACE_BOUND('',#5048,.T.);
#5415=FACE_BOUND('',#5049,.T.);
#5416=FACE_BOUND('',#5050,.T.);
#5417=FACE_BOUND('',#5051,.T.);
#5418=FACE_BOUND('',#5052,.T.);
#5419=FACE_BOUND('',#5053,.T.);
#5420=FACE_BOUND('',#5054,.T.);
#5421=FACE_BOUND('',#5055,.T.);
#5422=FACE_BOUND('',#5056,.T.);
#5423=FACE_BOUND('',#5057,.T.);
#5424=FACE_BOUND('',#5058,.T.);
#5425=FACE_BOUND('',#5059,.T.);
#5426=FACE_BOUND('',#5060,.T.);
#5427=FACE_BOUND('',#5061,.T.);
#5428=FACE_BOUND('',#5062,.T.);
#5429=FACE_BOUND('',#5063,.T.);
#5430=FACE_BOUND('',#5064,.T.);
#5431=FACE_BOUND('',#5065,.T.);
#5432=FACE_BOUND('',#5066,.T.);
#5433=FACE_BOUND('',#5067,.T.);
#5434=FACE_BOUND('',#5068,.T.);
#5435=FACE_BOUND('',#5069,.T.);
#5436=FACE_BOUND('',#5070,.T.);
#5437=FACE_BOUND('',#5071,.T.);
#5438=FACE_BOUND('',#5072,.T.);
#5439=FACE_BOUND('',#5073,.T.);
#5440=FACE_BOUND('',#5074,.T.);
#5441=FACE_BOUND('',#5075,.T.);
#5442=FACE_BOUND('',#5076,.T.);
#5443=FACE_BOUND('',#5077,.T.);
#5444=FACE_BOUND('',#5078,.T.);
#5445=FACE_BOUND('',#5079,.T.);
#5446=FACE_BOUND('',#5080,.T.);
#5447=FACE_BOUND('',#5081,.T.);
#5448=FACE_BOUND('',#5082,.T.);
#5449=FACE_BOUND('',#5083,.T.);
#5450=CYLINDRICAL_SURFACE('',#5889,0.00215);
#5451=CYLINDRICAL_SURFACE('',#5892,0.00215);
#5452=CYLINDRICAL_SURFACE('',#5895,0.00175);
#5453=CYLINDRICAL_SURFACE('',#5898,0.00175);
#5454=CYLINDRICAL_SURFACE('',#5901,0.00175);
#5455=CYLINDRICAL_SURFACE('',#5904,0.00175);
#5456=CYLINDRICAL_SURFACE('',#5908,0.000499999967883418);
#5457=CYLINDRICAL_SURFACE('',#5912,0.000499999967883439);
#5458=CYLINDRICAL_SURFACE('',#5916,0.000499999967883449);
#5459=CYLINDRICAL_SURFACE('',#5920,0.000499999967883428);
#5460=CYLINDRICAL_SURFACE('',#5924,0.000499999967883421);
#5461=CYLINDRICAL_SURFACE('',#5928,0.000499999967883421);
#5462=CYLINDRICAL_SURFACE('',#5932,0.000499999967883432);
#5463=CYLINDRICAL_SURFACE('',#5936,0.000499999967883432);
#5464=CYLINDRICAL_SURFACE('',#5940,0.000499999967883426);
#5465=CYLINDRICAL_SURFACE('',#5944,0.00049999996788343);
#5466=CYLINDRICAL_SURFACE('',#5948,0.000499999967883442);
#5467=CYLINDRICAL_SURFACE('',#5952,0.000499999967883439);
#5468=CYLINDRICAL_SURFACE('',#5956,0.00049999996788343);
#5469=CYLINDRICAL_SURFACE('',#5960,0.000499999967883435);
#5470=CYLINDRICAL_SURFACE('',#5964,0.000499999967883432);
#5471=CYLINDRICAL_SURFACE('',#5968,0.000499999967883432);
#5472=CYLINDRICAL_SURFACE('',#5972,0.00049999996788343);
#5473=CYLINDRICAL_SURFACE('',#5976,0.00049999996788343);
#5474=CYLINDRICAL_SURFACE('',#5980,0.000499999967883439);
#5475=CYLINDRICAL_SURFACE('',#5984,0.000499999967883439);
#5476=CYLINDRICAL_SURFACE('',#5988,0.000499999967883439);
#5477=CYLINDRICAL_SURFACE('',#5992,0.000499999967883439);
#5478=CYLINDRICAL_SURFACE('',#5996,0.000499999967883439);
#5479=CYLINDRICAL_SURFACE('',#6000,0.000499999967883439);
#5480=CYLINDRICAL_SURFACE('',#6004,0.000499999967883439);
#5481=CYLINDRICAL_SURFACE('',#6008,0.000499999967883439);
#5482=CYLINDRICAL_SURFACE('',#6012,0.000499999967883439);
#5483=CYLINDRICAL_SURFACE('',#6016,0.000499999967883432);
#5484=CYLINDRICAL_SURFACE('',#6020,0.000499999967883439);
#5485=CYLINDRICAL_SURFACE('',#6024,0.000499999967883439);
#5486=CYLINDRICAL_SURFACE('',#6028,0.000499999967883432);
#5487=CYLINDRICAL_SURFACE('',#6032,0.000499999967883432);
#5488=CYLINDRICAL_SURFACE('',#6036,0.000499999967883439);
#5489=CYLINDRICAL_SURFACE('',#6040,0.000499999967883432);
#5490=CYLINDRICAL_SURFACE('',#6044,0.000499999967883432);
#5491=CYLINDRICAL_SURFACE('',#6048,0.000499999967883432);
#5492=CYLINDRICAL_SURFACE('',#6052,0.000499999967883425);
#5493=CYLINDRICAL_SURFACE('',#6056,0.000499999967883435);
#5494=CYLINDRICAL_SURFACE('',#6060,0.000499999967883435);
#5495=CYLINDRICAL_SURFACE('',#6064,0.000499999967883425);
#5496=CYLINDRICAL_SURFACE('',#6068,0.000499999967883418);
#5497=CYLINDRICAL_SURFACE('',#6072,0.000499999967883461);
#5498=CYLINDRICAL_SURFACE('',#6076,0.000499999967883442);
#5499=CYLINDRICAL_SURFACE('',#6080,0.000499999967883435);
#5500=CYLINDRICAL_SURFACE('',#6084,0.000499999967883418);
#5501=CYLINDRICAL_SURFACE('',#6088,0.00049999996788343);
#5502=CYLINDRICAL_SURFACE('',#6092,0.000499999967883442);
#5503=CYLINDRICAL_SURFACE('',#6096,0.000499999967883435);
#5504=CYLINDRICAL_SURFACE('',#6100,0.00049999996788343);
#5505=CYLINDRICAL_SURFACE('',#6104,0.00049999996788343);
#5506=CYLINDRICAL_SURFACE('',#6108,0.000499999967883446);
#5507=CYLINDRICAL_SURFACE('',#6112,0.000499999967883432);
#5508=CYLINDRICAL_SURFACE('',#6116,0.000499999967883432);
#5509=CYLINDRICAL_SURFACE('',#6120,0.000499999967883435);
#5510=CYLINDRICAL_SURFACE('',#6124,0.000499999967883442);
#5511=CYLINDRICAL_SURFACE('',#6128,0.000499999967883439);
#5512=CYLINDRICAL_SURFACE('',#6132,0.000499999967883432);
#5513=CYLINDRICAL_SURFACE('',#6136,0.000499999967883432);
#5514=CYLINDRICAL_SURFACE('',#6140,0.00049999996788344);
#5515=CYLINDRICAL_SURFACE('',#6144,0.000499999967883438);
#5516=CYLINDRICAL_SURFACE('',#6147,0.004);
#5517=CYLINDRICAL_SURFACE('',#6152,0.005);
#5518=CYLINDRICAL_SURFACE('',#6156,0.005);
#5519=CYLINDRICAL_SURFACE('',#6160,0.005);
#5520=CYLINDRICAL_SURFACE('',#6164,0.005);
#5521=CYLINDRICAL_SURFACE('',#6169,0.004);
#5522=CYLINDRICAL_SURFACE('',#6172,0.000499999967883431);
#5523=CYLINDRICAL_SURFACE('',#6176,0.000499999967883431);
#5524=CYLINDRICAL_SURFACE('',#6179,0.000499999967883432);
#5525=CYLINDRICAL_SURFACE('',#6183,0.000499999967883434);
#5526=CYLINDRICAL_SURFACE('',#6186,0.000499999967883431);
#5527=CYLINDRICAL_SURFACE('',#6190,0.000499999967883438);
#5528=CYLINDRICAL_SURFACE('',#6194,0.000499999967883421);
#5529=CYLINDRICAL_SURFACE('',#6198,0.000499999967883433);
#5530=CYLINDRICAL_SURFACE('',#6202,0.000499999967883442);
#5531=CYLINDRICAL_SURFACE('',#6206,0.00049999996788343);
#5532=CYLINDRICAL_SURFACE('',#6210,0.000499999967883421);
#5533=CYLINDRICAL_SURFACE('',#6214,0.000499999967883433);
#5534=CYLINDRICAL_SURFACE('',#6218,0.00049999996788343);
#5535=CYLINDRICAL_SURFACE('',#6222,0.000499999967883428);
#5536=CYLINDRICAL_SURFACE('',#6226,0.000499999967883421);
#5537=CYLINDRICAL_SURFACE('',#6230,0.000499999967883433);
#5538=CYLINDRICAL_SURFACE('',#6234,0.000499999967883433);
#5539=CYLINDRICAL_SURFACE('',#6238,0.000499999967883433);
#5540=CYLINDRICAL_SURFACE('',#6242,0.000499999967883429);
#5541=CYLINDRICAL_SURFACE('',#6246,0.000499999967883427);
#5542=CYLINDRICAL_SURFACE('',#6250,0.000499999967883433);
#5543=CYLINDRICAL_SURFACE('',#6254,0.000499999967883433);
#5544=CYLINDRICAL_SURFACE('',#6258,0.000499999967883431);
#5545=CYLINDRICAL_SURFACE('',#6262,0.000499999967883433);
#5546=CYLINDRICAL_SURFACE('',#6266,0.000499999967883433);
#5547=CYLINDRICAL_SURFACE('',#6270,0.000499999967883434);
#5548=CYLINDRICAL_SURFACE('',#6274,0.000499999967883432);
#5549=CYLINDRICAL_SURFACE('',#6278,0.000499999967883432);
#5550=CYLINDRICAL_SURFACE('',#6282,0.000499999967883433);
#5551=CYLINDRICAL_SURFACE('',#6286,0.000499999967883433);
#5552=CYLINDRICAL_SURFACE('',#6290,0.000499999967883432);
#5553=CYLINDRICAL_SURFACE('',#6294,0.000499999967883432);
#5554=CYLINDRICAL_SURFACE('',#6298,0.000499999967883433);
#5555=CYLINDRICAL_SURFACE('',#6302,0.000499999967883433);
#5556=CYLINDRICAL_SURFACE('',#6306,0.000499999967883432);
#5557=CYLINDRICAL_SURFACE('',#6310,0.000499999967883432);
#5558=CYLINDRICAL_SURFACE('',#6314,0.000499999967883433);
#5559=CYLINDRICAL_SURFACE('',#6318,0.000499999967883421);
#5560=CYLINDRICAL_SURFACE('',#6322,0.000499999967883432);
#5561=CYLINDRICAL_SURFACE('',#6326,0.000499999967883432);
#5562=CYLINDRICAL_SURFACE('',#6330,0.000499999967883433);
#5563=CYLINDRICAL_SURFACE('',#6334,0.000499999967883421);
#5564=CYLINDRICAL_SURFACE('',#6338,0.000499999967883431);
#5565=CYLINDRICAL_SURFACE('',#6342,0.000499999967883431);
#5566=CYLINDRICAL_SURFACE('',#6346,0.000499999967883435);
#5567=CYLINDRICAL_SURFACE('',#6350,0.000499999967883429);
#5568=CYLINDRICAL_SURFACE('',#6354,0.000499999967883432);
#5569=CYLINDRICAL_SURFACE('',#6358,0.000499999967883432);
#5570=CYLINDRICAL_SURFACE('',#6362,0.000499999967883432);
#5571=CYLINDRICAL_SURFACE('',#6366,0.000499999967883432);
#5572=CYLINDRICAL_SURFACE('',#6370,0.000499999967883432);
#5573=CYLINDRICAL_SURFACE('',#6374,0.00049999996788342);
#5574=CYLINDRICAL_SURFACE('',#6378,0.00049999996788342);
#5575=CYLINDRICAL_SURFACE('',#6382,0.000499999967883432);
#5576=CYLINDRICAL_SURFACE('',#6386,0.000499999967883432);
#5577=CYLINDRICAL_SURFACE('',#6390,0.000499999967883432);
#5578=CYLINDRICAL_SURFACE('',#6394,0.000499999967883432);
#5579=CYLINDRICAL_SURFACE('',#6398,0.000499999967883432);
#5580=CYLINDRICAL_SURFACE('',#6402,0.00049999996788343);
#5581=CYLINDRICAL_SURFACE('',#6406,0.000499999967883432);
#5582=CYLINDRICAL_SURFACE('',#6410,0.000499999967883432);
#5583=CYLINDRICAL_SURFACE('',#6414,0.00049999996788343);
#5584=CYLINDRICAL_SURFACE('',#6418,0.000499999967883431);
#5585=CYLINDRICAL_SURFACE('',#6422,0.00049999996788343);
#5586=CYLINDRICAL_SURFACE('',#6426,0.00049999996788343);
#5587=CYLINDRICAL_SURFACE('',#6430,0.000499999967883431);
#5588=ADVANCED_FACE('',(#5084,#5085),#5450,.F.);
#5589=ADVANCED_FACE('',(#5086,#5087),#5451,.F.);
#5590=ADVANCED_FACE('',(#5088,#5089),#5452,.F.);
#5591=ADVANCED_FACE('',(#5090,#5091),#5453,.F.);
#5592=ADVANCED_FACE('',(#5092,#5093),#5454,.F.);
#5593=ADVANCED_FACE('',(#5094,#5095),#5455,.F.);
#5594=ADVANCED_FACE('',(#5096),#1164,.T.);
#5595=ADVANCED_FACE('',(#5097),#5456,.F.);
#5596=ADVANCED_FACE('',(#5098),#1165,.T.);
#5597=ADVANCED_FACE('',(#5099),#5457,.F.);
#5598=ADVANCED_FACE('',(#5100),#1166,.T.);
#5599=ADVANCED_FACE('',(#5101),#5458,.F.);
#5600=ADVANCED_FACE('',(#5102),#1167,.T.);
#5601=ADVANCED_FACE('',(#5103),#5459,.F.);
#5602=ADVANCED_FACE('',(#5104),#1168,.T.);
#5603=ADVANCED_FACE('',(#5105),#5460,.F.);
#5604=ADVANCED_FACE('',(#5106),#1169,.T.);
#5605=ADVANCED_FACE('',(#5107),#5461,.F.);
#5606=ADVANCED_FACE('',(#5108),#1170,.T.);
#5607=ADVANCED_FACE('',(#5109),#5462,.F.);
#5608=ADVANCED_FACE('',(#5110),#1171,.T.);
#5609=ADVANCED_FACE('',(#5111),#5463,.F.);
#5610=ADVANCED_FACE('',(#5112),#1172,.T.);
#5611=ADVANCED_FACE('',(#5113),#5464,.F.);
#5612=ADVANCED_FACE('',(#5114),#1173,.T.);
#5613=ADVANCED_FACE('',(#5115),#5465,.F.);
#5614=ADVANCED_FACE('',(#5116),#1174,.T.);
#5615=ADVANCED_FACE('',(#5117),#5466,.F.);
#5616=ADVANCED_FACE('',(#5118),#1175,.T.);
#5617=ADVANCED_FACE('',(#5119),#5467,.F.);
#5618=ADVANCED_FACE('',(#5120),#1176,.T.);
#5619=ADVANCED_FACE('',(#5121),#5468,.F.);
#5620=ADVANCED_FACE('',(#5122),#1177,.T.);
#5621=ADVANCED_FACE('',(#5123),#5469,.F.);
#5622=ADVANCED_FACE('',(#5124),#1178,.T.);
#5623=ADVANCED_FACE('',(#5125),#5470,.F.);
#5624=ADVANCED_FACE('',(#5126),#1179,.T.);
#5625=ADVANCED_FACE('',(#5127),#5471,.F.);
#5626=ADVANCED_FACE('',(#5128),#1180,.T.);
#5627=ADVANCED_FACE('',(#5129),#5472,.F.);
#5628=ADVANCED_FACE('',(#5130),#1181,.T.);
#5629=ADVANCED_FACE('',(#5131),#5473,.F.);
#5630=ADVANCED_FACE('',(#5132),#1182,.T.);
#5631=ADVANCED_FACE('',(#5133),#5474,.F.);
#5632=ADVANCED_FACE('',(#5134),#1183,.T.);
#5633=ADVANCED_FACE('',(#5135),#5475,.F.);
#5634=ADVANCED_FACE('',(#5136),#1184,.T.);
#5635=ADVANCED_FACE('',(#5137),#5476,.F.);
#5636=ADVANCED_FACE('',(#5138),#1185,.T.);
#5637=ADVANCED_FACE('',(#5139),#5477,.F.);
#5638=ADVANCED_FACE('',(#5140),#1186,.T.);
#5639=ADVANCED_FACE('',(#5141),#5478,.F.);
#5640=ADVANCED_FACE('',(#5142),#1187,.T.);
#5641=ADVANCED_FACE('',(#5143),#5479,.F.);
#5642=ADVANCED_FACE('',(#5144),#1188,.T.);
#5643=ADVANCED_FACE('',(#5145),#5480,.F.);
#5644=ADVANCED_FACE('',(#5146),#1189,.T.);
#5645=ADVANCED_FACE('',(#5147),#5481,.F.);
#5646=ADVANCED_FACE('',(#5148),#1190,.T.);
#5647=ADVANCED_FACE('',(#5149),#5482,.F.);
#5648=ADVANCED_FACE('',(#5150),#1191,.T.);
#5649=ADVANCED_FACE('',(#5151),#5483,.F.);
#5650=ADVANCED_FACE('',(#5152),#1192,.T.);
#5651=ADVANCED_FACE('',(#5153),#5484,.F.);
#5652=ADVANCED_FACE('',(#5154),#1193,.T.);
#5653=ADVANCED_FACE('',(#5155),#5485,.F.);
#5654=ADVANCED_FACE('',(#5156),#1194,.T.);
#5655=ADVANCED_FACE('',(#5157),#5486,.F.);
#5656=ADVANCED_FACE('',(#5158),#1195,.T.);
#5657=ADVANCED_FACE('',(#5159),#5487,.F.);
#5658=ADVANCED_FACE('',(#5160),#1196,.T.);
#5659=ADVANCED_FACE('',(#5161),#5488,.F.);
#5660=ADVANCED_FACE('',(#5162),#1197,.T.);
#5661=ADVANCED_FACE('',(#5163),#5489,.F.);
#5662=ADVANCED_FACE('',(#5164),#1198,.T.);
#5663=ADVANCED_FACE('',(#5165),#5490,.F.);
#5664=ADVANCED_FACE('',(#5166),#1199,.T.);
#5665=ADVANCED_FACE('',(#5167),#5491,.F.);
#5666=ADVANCED_FACE('',(#5168),#1200,.T.);
#5667=ADVANCED_FACE('',(#5169),#5492,.F.);
#5668=ADVANCED_FACE('',(#5170),#1201,.T.);
#5669=ADVANCED_FACE('',(#5171),#5493,.F.);
#5670=ADVANCED_FACE('',(#5172),#1202,.T.);
#5671=ADVANCED_FACE('',(#5173),#5494,.F.);
#5672=ADVANCED_FACE('',(#5174),#1203,.T.);
#5673=ADVANCED_FACE('',(#5175),#5495,.F.);
#5674=ADVANCED_FACE('',(#5176),#1204,.T.);
#5675=ADVANCED_FACE('',(#5177),#5496,.F.);
#5676=ADVANCED_FACE('',(#5178),#1205,.T.);
#5677=ADVANCED_FACE('',(#5179),#5497,.F.);
#5678=ADVANCED_FACE('',(#5180),#1206,.T.);
#5679=ADVANCED_FACE('',(#5181),#5498,.F.);
#5680=ADVANCED_FACE('',(#5182),#1207,.T.);
#5681=ADVANCED_FACE('',(#5183),#5499,.F.);
#5682=ADVANCED_FACE('',(#5184),#1208,.T.);
#5683=ADVANCED_FACE('',(#5185),#5500,.F.);
#5684=ADVANCED_FACE('',(#5186),#1209,.T.);
#5685=ADVANCED_FACE('',(#5187),#5501,.F.);
#5686=ADVANCED_FACE('',(#5188),#1210,.T.);
#5687=ADVANCED_FACE('',(#5189),#5502,.F.);
#5688=ADVANCED_FACE('',(#5190),#1211,.T.);
#5689=ADVANCED_FACE('',(#5191),#5503,.F.);
#5690=ADVANCED_FACE('',(#5192),#1212,.T.);
#5691=ADVANCED_FACE('',(#5193),#5504,.F.);
#5692=ADVANCED_FACE('',(#5194),#1213,.T.);
#5693=ADVANCED_FACE('',(#5195),#5505,.F.);
#5694=ADVANCED_FACE('',(#5196),#1214,.T.);
#5695=ADVANCED_FACE('',(#5197),#5506,.F.);
#5696=ADVANCED_FACE('',(#5198),#1215,.T.);
#5697=ADVANCED_FACE('',(#5199),#5507,.F.);
#5698=ADVANCED_FACE('',(#5200),#1216,.T.);
#5699=ADVANCED_FACE('',(#5201),#5508,.F.);
#5700=ADVANCED_FACE('',(#5202),#1217,.T.);
#5701=ADVANCED_FACE('',(#5203),#5509,.F.);
#5702=ADVANCED_FACE('',(#5204),#1218,.T.);
#5703=ADVANCED_FACE('',(#5205),#5510,.F.);
#5704=ADVANCED_FACE('',(#5206),#1219,.T.);
#5705=ADVANCED_FACE('',(#5207),#5511,.F.);
#5706=ADVANCED_FACE('',(#5208),#1220,.T.);
#5707=ADVANCED_FACE('',(#5209),#5512,.F.);
#5708=ADVANCED_FACE('',(#5210),#1221,.T.);
#5709=ADVANCED_FACE('',(#5211),#5513,.F.);
#5710=ADVANCED_FACE('',(#5212),#1222,.T.);
#5711=ADVANCED_FACE('',(#5213),#5514,.F.);
#5712=ADVANCED_FACE('',(#5214),#1223,.T.);
#5713=ADVANCED_FACE('',(#5215),#5515,.F.);
#5714=ADVANCED_FACE('',(#5216),#5516,.T.);
#5715=ADVANCED_FACE('',(#5217),#1224,.T.);
#5716=ADVANCED_FACE('',(#5218),#1225,.T.);
#5717=ADVANCED_FACE('',(#5219),#5517,.F.);
#5718=ADVANCED_FACE('',(#5220),#1226,.F.);
#5719=ADVANCED_FACE('',(#5221),#5518,.F.);
#5720=ADVANCED_FACE('',(#5222),#1227,.T.);
#5721=ADVANCED_FACE('',(#5223),#5519,.F.);
#5722=ADVANCED_FACE('',(#5224),#1228,.T.);
#5723=ADVANCED_FACE('',(#5225),#5520,.F.);
#5724=ADVANCED_FACE('',(#5226),#1229,.F.);
#5725=ADVANCED_FACE('',(#5227),#1230,.T.);
#5726=ADVANCED_FACE('',(#5228),#5521,.T.);
#5727=ADVANCED_FACE('',(#5229),#5522,.F.);
#5728=ADVANCED_FACE('',(#5230),#1231,.T.);
#5729=ADVANCED_FACE('',(#5231),#5523,.F.);
#5730=ADVANCED_FACE('',(#5232),#5524,.F.);
#5731=ADVANCED_FACE('',(#5233),#1232,.T.);
#5732=ADVANCED_FACE('',(#5234),#5525,.F.);
#5733=ADVANCED_FACE('',(#5235),#5526,.F.);
#5734=ADVANCED_FACE('',(#5236),#1233,.T.);
#5735=ADVANCED_FACE('',(#5237),#5527,.F.);
#5736=ADVANCED_FACE('',(#5238),#1234,.T.);
#5737=ADVANCED_FACE('',(#5239),#5528,.F.);
#5738=ADVANCED_FACE('',(#5240),#1235,.T.);
#5739=ADVANCED_FACE('',(#5241),#5529,.F.);
#5740=ADVANCED_FACE('',(#5242),#1236,.T.);
#5741=ADVANCED_FACE('',(#5243),#5530,.F.);
#5742=ADVANCED_FACE('',(#5244),#1237,.T.);
#5743=ADVANCED_FACE('',(#5245),#5531,.F.);
#5744=ADVANCED_FACE('',(#5246),#1238,.T.);
#5745=ADVANCED_FACE('',(#5247),#5532,.F.);
#5746=ADVANCED_FACE('',(#5248),#1239,.T.);
#5747=ADVANCED_FACE('',(#5249),#5533,.F.);
#5748=ADVANCED_FACE('',(#5250),#1240,.T.);
#5749=ADVANCED_FACE('',(#5251),#5534,.F.);
#5750=ADVANCED_FACE('',(#5252),#1241,.T.);
#5751=ADVANCED_FACE('',(#5253),#5535,.F.);
#5752=ADVANCED_FACE('',(#5254),#1242,.T.);
#5753=ADVANCED_FACE('',(#5255),#5536,.F.);
#5754=ADVANCED_FACE('',(#5256),#1243,.T.);
#5755=ADVANCED_FACE('',(#5257),#5537,.F.);
#5756=ADVANCED_FACE('',(#5258),#1244,.T.);
#5757=ADVANCED_FACE('',(#5259),#5538,.F.);
#5758=ADVANCED_FACE('',(#5260),#1245,.T.);
#5759=ADVANCED_FACE('',(#5261),#5539,.F.);
#5760=ADVANCED_FACE('',(#5262),#1246,.T.);
#5761=ADVANCED_FACE('',(#5263),#5540,.F.);
#5762=ADVANCED_FACE('',(#5264),#1247,.T.);
#5763=ADVANCED_FACE('',(#5265),#5541,.F.);
#5764=ADVANCED_FACE('',(#5266),#1248,.T.);
#5765=ADVANCED_FACE('',(#5267),#5542,.F.);
#5766=ADVANCED_FACE('',(#5268),#1249,.T.);
#5767=ADVANCED_FACE('',(#5269),#5543,.F.);
#5768=ADVANCED_FACE('',(#5270),#1250,.T.);
#5769=ADVANCED_FACE('',(#5271),#5544,.F.);
#5770=ADVANCED_FACE('',(#5272),#1251,.T.);
#5771=ADVANCED_FACE('',(#5273),#5545,.F.);
#5772=ADVANCED_FACE('',(#5274),#1252,.T.);
#5773=ADVANCED_FACE('',(#5275),#5546,.F.);
#5774=ADVANCED_FACE('',(#5276),#1253,.T.);
#5775=ADVANCED_FACE('',(#5277),#5547,.F.);
#5776=ADVANCED_FACE('',(#5278),#1254,.T.);
#5777=ADVANCED_FACE('',(#5279),#5548,.F.);
#5778=ADVANCED_FACE('',(#5280),#1255,.T.);
#5779=ADVANCED_FACE('',(#5281),#5549,.F.);
#5780=ADVANCED_FACE('',(#5282),#1256,.T.);
#5781=ADVANCED_FACE('',(#5283),#5550,.F.);
#5782=ADVANCED_FACE('',(#5284),#1257,.T.);
#5783=ADVANCED_FACE('',(#5285),#5551,.F.);
#5784=ADVANCED_FACE('',(#5286),#1258,.T.);
#5785=ADVANCED_FACE('',(#5287),#5552,.F.);
#5786=ADVANCED_FACE('',(#5288),#1259,.T.);
#5787=ADVANCED_FACE('',(#5289),#5553,.F.);
#5788=ADVANCED_FACE('',(#5290),#1260,.T.);
#5789=ADVANCED_FACE('',(#5291),#5554,.F.);
#5790=ADVANCED_FACE('',(#5292),#1261,.T.);
#5791=ADVANCED_FACE('',(#5293),#5555,.F.);
#5792=ADVANCED_FACE('',(#5294),#1262,.T.);
#5793=ADVANCED_FACE('',(#5295),#5556,.F.);
#5794=ADVANCED_FACE('',(#5296),#1263,.T.);
#5795=ADVANCED_FACE('',(#5297),#5557,.F.);
#5796=ADVANCED_FACE('',(#5298),#1264,.T.);
#5797=ADVANCED_FACE('',(#5299),#5558,.F.);
#5798=ADVANCED_FACE('',(#5300),#1265,.T.);
#5799=ADVANCED_FACE('',(#5301),#5559,.F.);
#5800=ADVANCED_FACE('',(#5302),#1266,.T.);
#5801=ADVANCED_FACE('',(#5303),#5560,.F.);
#5802=ADVANCED_FACE('',(#5304),#1267,.T.);
#5803=ADVANCED_FACE('',(#5305),#5561,.F.);
#5804=ADVANCED_FACE('',(#5306),#1268,.T.);
#5805=ADVANCED_FACE('',(#5307),#5562,.F.);
#5806=ADVANCED_FACE('',(#5308),#1269,.T.);
#5807=ADVANCED_FACE('',(#5309),#5563,.F.);
#5808=ADVANCED_FACE('',(#5310),#1270,.T.);
#5809=ADVANCED_FACE('',(#5311),#5564,.F.);
#5810=ADVANCED_FACE('',(#5312),#1271,.T.);
#5811=ADVANCED_FACE('',(#5313),#5565,.F.);
#5812=ADVANCED_FACE('',(#5314),#1272,.T.);
#5813=ADVANCED_FACE('',(#5315),#5566,.F.);
#5814=ADVANCED_FACE('',(#5316),#1273,.T.);
#5815=ADVANCED_FACE('',(#5317),#5567,.F.);
#5816=ADVANCED_FACE('',(#5318),#1274,.T.);
#5817=ADVANCED_FACE('',(#5319),#5568,.F.);
#5818=ADVANCED_FACE('',(#5320),#1275,.T.);
#5819=ADVANCED_FACE('',(#5321),#5569,.F.);
#5820=ADVANCED_FACE('',(#5322),#1276,.T.);
#5821=ADVANCED_FACE('',(#5323),#5570,.F.);
#5822=ADVANCED_FACE('',(#5324),#1277,.T.);
#5823=ADVANCED_FACE('',(#5325),#5571,.F.);
#5824=ADVANCED_FACE('',(#5326),#1278,.T.);
#5825=ADVANCED_FACE('',(#5327),#5572,.F.);
#5826=ADVANCED_FACE('',(#5328),#1279,.T.);
#5827=ADVANCED_FACE('',(#5329),#5573,.F.);
#5828=ADVANCED_FACE('',(#5330),#1280,.T.);
#5829=ADVANCED_FACE('',(#5331),#5574,.F.);
#5830=ADVANCED_FACE('',(#5332),#1281,.T.);
#5831=ADVANCED_FACE('',(#5333),#5575,.F.);
#5832=ADVANCED_FACE('',(#5334),#1282,.T.);
#5833=ADVANCED_FACE('',(#5335),#5576,.F.);
#5834=ADVANCED_FACE('',(#5336),#1283,.T.);
#5835=ADVANCED_FACE('',(#5337),#5577,.F.);
#5836=ADVANCED_FACE('',(#5338),#1284,.T.);
#5837=ADVANCED_FACE('',(#5339),#5578,.F.);
#5838=ADVANCED_FACE('',(#5340),#1285,.T.);
#5839=ADVANCED_FACE('',(#5341),#5579,.F.);
#5840=ADVANCED_FACE('',(#5342),#1286,.T.);
#5841=ADVANCED_FACE('',(#5343),#5580,.F.);
#5842=ADVANCED_FACE('',(#5344),#1287,.T.);
#5843=ADVANCED_FACE('',(#5345),#5581,.F.);
#5844=ADVANCED_FACE('',(#5346),#1288,.T.);
#5845=ADVANCED_FACE('',(#5347),#5582,.F.);
#5846=ADVANCED_FACE('',(#5348),#1289,.T.);
#5847=ADVANCED_FACE('',(#5349),#5583,.F.);
#5848=ADVANCED_FACE('',(#5350),#1290,.T.);
#5849=ADVANCED_FACE('',(#5351),#5584,.F.);
#5850=ADVANCED_FACE('',(#5352),#1291,.T.);
#5851=ADVANCED_FACE('',(#5353),#5585,.F.);
#5852=ADVANCED_FACE('',(#5354),#1292,.T.);
#5853=ADVANCED_FACE('',(#5355),#5586,.F.);
#5854=ADVANCED_FACE('',(#5356),#1293,.T.);
#5855=ADVANCED_FACE('',(#5357),#5587,.F.);
#5856=ADVANCED_FACE('',(#5358,#5359,#5360,#5361,#5362,#5363,#5364,#5365,
#5366,#5367,#5368,#5369,#5370,#5371,#5372,#5373,#5374,#5375,#5376,#5377,
#5378,#5379,#5380,#5381,#5382,#5383,#5384,#5385,#5386,#5387,#5388,#5389,
#5390,#5391,#5392,#5393,#5394),#1294,.F.);
#5857=ADVANCED_FACE('',(#5395,#5396,#5397,#5398,#5399,#5400,#5401,#5402,
#5403,#5404,#5405,#5406,#5407,#5408,#5409,#5410,#5411,#5412,#5413,#5414,
#5415,#5416,#5417,#5418,#5419,#5420,#5421,#5422,#5423,#5424,#5425,#5426,
#5427,#5428,#5429,#5430,#5431),#1295,.T.);
#5858=ADVANCED_FACE('',(#5432),#1296,.T.);
#5859=ADVANCED_FACE('',(#5433),#1297,.T.);
#5860=ADVANCED_FACE('',(#5434),#1298,.T.);
#5861=ADVANCED_FACE('',(#5435),#1299,.T.);
#5862=ADVANCED_FACE('',(#5436),#1300,.T.);
#5863=ADVANCED_FACE('',(#5437),#1301,.T.);
#5864=ADVANCED_FACE('',(#5438),#1302,.T.);
#5865=ADVANCED_FACE('',(#5439),#1303,.F.);
#5866=ADVANCED_FACE('',(#5440),#1304,.F.);
#5867=ADVANCED_FACE('',(#5441),#1305,.F.);
#5868=ADVANCED_FACE('',(#5442),#1306,.F.);
#5869=ADVANCED_FACE('',(#5443),#1307,.F.);
#5870=ADVANCED_FACE('',(#5444),#1308,.T.);
#5871=ADVANCED_FACE('',(#5445),#1309,.F.);
#5872=ADVANCED_FACE('',(#5446),#1310,.T.);
#5873=ADVANCED_FACE('',(#5447),#1311,.T.);
#5874=ADVANCED_FACE('',(#5448),#1312,.T.);
#5875=ADVANCED_FACE('',(#5449),#1313,.T.);
#5876=CLOSED_SHELL('',(#5588,#5589,#5590,#5591,#5592,#5593,#5594,#5595,
#5596,#5597,#5598,#5599,#5600,#5601,#5602,#5603,#5604,#5605,#5606,#5607,
#5608,#5609,#5610,#5611,#5612,#5613,#5614,#5615,#5616,#5617,#5618,#5619,
#5620,#5621,#5622,#5623,#5624,#5625,#5626,#5627,#5628,#5629,#5630,#5631,
#5632,#5633,#5634,#5635,#5636,#5637,#5638,#5639,#5640,#5641,#5642,#5643,
#5644,#5645,#5646,#5647,#5648,#5649,#5650,#5651,#5652,#5653,#5654,#5655,
#5656,#5657,#5658,#5659,#5660,#5661,#5662,#5663,#5664,#5665,#5666,#5667,
#5668,#5669,#5670,#5671,#5672,#5673,#5674,#5675,#5676,#5677,#5678,#5679,
#5680,#5681,#5682,#5683,#5684,#5685,#5686,#5687,#5688,#5689,#5690,#5691,
#5692,#5693,#5694,#5695,#5696,#5697,#5698,#5699,#5700,#5701,#5702,#5703,
#5704,#5705,#5706,#5707,#5708,#5709,#5710,#5711,#5712,#5713,#5714,#5715,
#5716,#5717,#5718,#5719,#5720,#5721,#5722,#5723,#5724,#5725,#5726,#5727,
#5728,#5729,#5730,#5731,#5732,#5733,#5734,#5735,#5736,#5737,#5738,#5739,
#5740,#5741,#5742,#5743,#5744,#5745,#5746,#5747,#5748,#5749,#5750,#5751,
#5752,#5753,#5754,#5755,#5756,#5757,#5758,#5759,#5760,#5761,#5762,#5763,
#5764,#5765,#5766,#5767,#5768,#5769,#5770,#5771,#5772,#5773,#5774,#5775,
#5776,#5777,#5778,#5779,#5780,#5781,#5782,#5783,#5784,#5785,#5786,#5787,
#5788,#5789,#5790,#5791,#5792,#5793,#5794,#5795,#5796,#5797,#5798,#5799,
#5800,#5801,#5802,#5803,#5804,#5805,#5806,#5807,#5808,#5809,#5810,#5811,
#5812,#5813,#5814,#5815,#5816,#5817,#5818,#5819,#5820,#5821,#5822,#5823,
#5824,#5825,#5826,#5827,#5828,#5829,#5830,#5831,#5832,#5833,#5834,#5835,
#5836,#5837,#5838,#5839,#5840,#5841,#5842,#5843,#5844,#5845,#5846,#5847,
#5848,#5849,#5850,#5851,#5852,#5853,#5854,#5855,#5856,#5857,#5858,#5859,
#5860,#5861,#5862,#5863,#5864,#5865,#5866,#5867,#5868,#5869,#5870,#5871,
#5872,#5873,#5874,#5875));
#5877=STYLED_ITEM('',(#5878),#5885);
#5878=PRESENTATION_STYLE_ASSIGNMENT((#5879));
#5879=SURFACE_STYLE_USAGE(.BOTH.,#5880);
#5880=SURFACE_SIDE_STYLE('',(#5881));
#5881=SURFACE_STYLE_FILL_AREA(#5882);
#5882=FILL_AREA_STYLE('',(#5883));
#5883=FILL_AREA_STYLE_COLOUR('',#5884);
#5884=COLOUR_RGB('',0.917647058823529,0.917647058823529,0.917647058823529);
#5885=MANIFOLD_SOLID_BREP('Plate_Right',#5876);
#5886=SHAPE_DEFINITION_REPRESENTATION(#9878,#5887);
#5887=SHAPE_REPRESENTATION('Plate_Right',(#5888),#9873);
#5888=AXIS2_PLACEMENT_3D('',#8159,#6453,#6454);
#5889=AXIS2_PLACEMENT_3D('',#8160,#6455,#6456);
#5890=AXIS2_PLACEMENT_3D('',#8161,#6457,#6458);
#5891=AXIS2_PLACEMENT_3D('',#8163,#6459,#6460);
#5892=AXIS2_PLACEMENT_3D('',#8165,#6461,#6462);
#5893=AXIS2_PLACEMENT_3D('',#8166,#6463,#6464);
#5894=AXIS2_PLACEMENT_3D('',#8168,#6465,#6466);
#5895=AXIS2_PLACEMENT_3D('',#8170,#6467,#6468);
#5896=AXIS2_PLACEMENT_3D('',#8171,#6469,#6470);
#5897=AXIS2_PLACEMENT_3D('',#8173,#6471,#6472);
#5898=AXIS2_PLACEMENT_3D('',#8175,#6473,#6474);
#5899=AXIS2_PLACEMENT_3D('',#8176,#6475,#6476);
#5900=AXIS2_PLACEMENT_3D('',#8178,#6477,#6478);
#5901=AXIS2_PLACEMENT_3D('',#8180,#6479,#6480);
#5902=AXIS2_PLACEMENT_3D('',#8181,#6481,#6482);
#5903=AXIS2_PLACEMENT_3D('',#8183,#6483,#6484);
#5904=AXIS2_PLACEMENT_3D('',#8185,#6485,#6486);
#5905=AXIS2_PLACEMENT_3D('',#8186,#6487,#6488);
#5906=AXIS2_PLACEMENT_3D('',#8188,#6489,#6490);
#5907=AXIS2_PLACEMENT_3D('',#8190,#6491,#6492);
#5908=AXIS2_PLACEMENT_3D('',#8199,#6497,#6498);
#5909=AXIS2_PLACEMENT_3D('',#8200,#6499,#6500);
#5910=AXIS2_PLACEMENT_3D('',#8204,#6502,#6503);
#5911=AXIS2_PLACEMENT_3D('',#8205,#6504,#6505);
#5912=AXIS2_PLACEMENT_3D('',#8211,#6509,#6510);
#5913=AXIS2_PLACEMENT_3D('',#8212,#6511,#6512);
#5914=AXIS2_PLACEMENT_3D('',#8216,#6514,#6515);
#5915=AXIS2_PLACEMENT_3D('',#8217,#6516,#6517);
#5916=AXIS2_PLACEMENT_3D('',#8223,#6521,#6522);
#5917=AXIS2_PLACEMENT_3D('',#8224,#6523,#6524);
#5918=AXIS2_PLACEMENT_3D('',#8228,#6526,#6527);
#5919=AXIS2_PLACEMENT_3D('',#8229,#6528,#6529);
#5920=AXIS2_PLACEMENT_3D('',#8235,#6533,#6534);
#5921=AXIS2_PLACEMENT_3D('',#8236,#6535,#6536);
#5922=AXIS2_PLACEMENT_3D('',#8237,#6537,#6538);
#5923=AXIS2_PLACEMENT_3D('',#8238,#6539,#6540);
#5924=AXIS2_PLACEMENT_3D('',#8247,#6545,#6546);
#5925=AXIS2_PLACEMENT_3D('',#8248,#6547,#6548);
#5926=AXIS2_PLACEMENT_3D('',#8252,#6550,#6551);
#5927=AXIS2_PLACEMENT_3D('',#8253,#6552,#6553);
#5928=AXIS2_PLACEMENT_3D('',#8259,#6557,#6558);
#5929=AXIS2_PLACEMENT_3D('',#8260,#6559,#6560);
#5930=AXIS2_PLACEMENT_3D('',#8264,#6562,#6563);
#5931=AXIS2_PLACEMENT_3D('',#8265,#6564,#6565);
#5932=AXIS2_PLACEMENT_3D('',#8271,#6569,#6570);
#5933=AXIS2_PLACEMENT_3D('',#8272,#6571,#6572);
#5934=AXIS2_PLACEMENT_3D('',#8276,#6574,#6575);
#5935=AXIS2_PLACEMENT_3D('',#8277,#6576,#6577);
#5936=AXIS2_PLACEMENT_3D('',#8283,#6581,#6582);
#5937=AXIS2_PLACEMENT_3D('',#8284,#6583,#6584);
#5938=AXIS2_PLACEMENT_3D('',#8285,#6585,#6586);
#5939=AXIS2_PLACEMENT_3D('',#8286,#6587,#6588);
#5940=AXIS2_PLACEMENT_3D('',#8295,#6593,#6594);
#5941=AXIS2_PLACEMENT_3D('',#8296,#6595,#6596);
#5942=AXIS2_PLACEMENT_3D('',#8300,#6598,#6599);
#5943=AXIS2_PLACEMENT_3D('',#8301,#6600,#6601);
#5944=AXIS2_PLACEMENT_3D('',#8307,#6605,#6606);
#5945=AXIS2_PLACEMENT_3D('',#8308,#6607,#6608);
#5946=AXIS2_PLACEMENT_3D('',#8312,#6610,#6611);
#5947=AXIS2_PLACEMENT_3D('',#8313,#6612,#6613);
#5948=AXIS2_PLACEMENT_3D('',#8319,#6617,#6618);
#5949=AXIS2_PLACEMENT_3D('',#8320,#6619,#6620);
#5950=AXIS2_PLACEMENT_3D('',#8324,#6622,#6623);
#5951=AXIS2_PLACEMENT_3D('',#8325,#6624,#6625);
#5952=AXIS2_PLACEMENT_3D('',#8331,#6629,#6630);
#5953=AXIS2_PLACEMENT_3D('',#8332,#6631,#6632);
#5954=AXIS2_PLACEMENT_3D('',#8333,#6633,#6634);
#5955=AXIS2_PLACEMENT_3D('',#8334,#6635,#6636);
#5956=AXIS2_PLACEMENT_3D('',#8343,#6641,#6642);
#5957=AXIS2_PLACEMENT_3D('',#8344,#6643,#6644);
#5958=AXIS2_PLACEMENT_3D('',#8348,#6646,#6647);
#5959=AXIS2_PLACEMENT_3D('',#8349,#6648,#6649);
#5960=AXIS2_PLACEMENT_3D('',#8355,#6653,#6654);
#5961=AXIS2_PLACEMENT_3D('',#8356,#6655,#6656);
#5962=AXIS2_PLACEMENT_3D('',#8360,#6658,#6659);
#5963=AXIS2_PLACEMENT_3D('',#8361,#6660,#6661);
#5964=AXIS2_PLACEMENT_3D('',#8367,#6665,#6666);
#5965=AXIS2_PLACEMENT_3D('',#8368,#6667,#6668);
#5966=AXIS2_PLACEMENT_3D('',#8372,#6670,#6671);
#5967=AXIS2_PLACEMENT_3D('',#8373,#6672,#6673);
#5968=AXIS2_PLACEMENT_3D('',#8379,#6677,#6678);
#5969=AXIS2_PLACEMENT_3D('',#8380,#6679,#6680);
#5970=AXIS2_PLACEMENT_3D('',#8381,#6681,#6682);
#5971=AXIS2_PLACEMENT_3D('',#8382,#6683,#6684);
#5972=AXIS2_PLACEMENT_3D('',#8391,#6689,#6690);
#5973=AXIS2_PLACEMENT_3D('',#8392,#6691,#6692);
#5974=AXIS2_PLACEMENT_3D('',#8396,#6694,#6695);
#5975=AXIS2_PLACEMENT_3D('',#8397,#6696,#6697);
#5976=AXIS2_PLACEMENT_3D('',#8403,#6701,#6702);
#5977=AXIS2_PLACEMENT_3D('',#8404,#6703,#6704);
#5978=AXIS2_PLACEMENT_3D('',#8408,#6706,#6707);
#5979=AXIS2_PLACEMENT_3D('',#8409,#6708,#6709);
#5980=AXIS2_PLACEMENT_3D('',#8415,#6713,#6714);
#5981=AXIS2_PLACEMENT_3D('',#8416,#6715,#6716);
#5982=AXIS2_PLACEMENT_3D('',#8420,#6718,#6719);
#5983=AXIS2_PLACEMENT_3D('',#8421,#6720,#6721);
#5984=AXIS2_PLACEMENT_3D('',#8427,#6725,#6726);
#5985=AXIS2_PLACEMENT_3D('',#8428,#6727,#6728);
#5986=AXIS2_PLACEMENT_3D('',#8429,#6729,#6730);
#5987=AXIS2_PLACEMENT_3D('',#8430,#6731,#6732);
#5988=AXIS2_PLACEMENT_3D('',#8439,#6737,#6738);
#5989=AXIS2_PLACEMENT_3D('',#8440,#6739,#6740);
#5990=AXIS2_PLACEMENT_3D('',#8444,#6742,#6743);
#5991=AXIS2_PLACEMENT_3D('',#8445,#6744,#6745);
#5992=AXIS2_PLACEMENT_3D('',#8451,#6749,#6750);
#5993=AXIS2_PLACEMENT_3D('',#8452,#6751,#6752);
#5994=AXIS2_PLACEMENT_3D('',#8456,#6754,#6755);
#5995=AXIS2_PLACEMENT_3D('',#8457,#6756,#6757);
#5996=AXIS2_PLACEMENT_3D('',#8463,#6761,#6762);
#5997=AXIS2_PLACEMENT_3D('',#8464,#6763,#6764);
#5998=AXIS2_PLACEMENT_3D('',#8468,#6766,#6767);
#5999=AXIS2_PLACEMENT_3D('',#8469,#6768,#6769);
#6000=AXIS2_PLACEMENT_3D('',#8475,#6773,#6774);
#6001=AXIS2_PLACEMENT_3D('',#8476,#6775,#6776);
#6002=AXIS2_PLACEMENT_3D('',#8477,#6777,#6778);
#6003=AXIS2_PLACEMENT_3D('',#8478,#6779,#6780);
#6004=AXIS2_PLACEMENT_3D('',#8487,#6785,#6786);
#6005=AXIS2_PLACEMENT_3D('',#8488,#6787,#6788);
#6006=AXIS2_PLACEMENT_3D('',#8492,#6790,#6791);
#6007=AXIS2_PLACEMENT_3D('',#8493,#6792,#6793);
#6008=AXIS2_PLACEMENT_3D('',#8499,#6797,#6798);
#6009=AXIS2_PLACEMENT_3D('',#8500,#6799,#6800);
#6010=AXIS2_PLACEMENT_3D('',#8504,#6802,#6803);
#6011=AXIS2_PLACEMENT_3D('',#8505,#6804,#6805);
#6012=AXIS2_PLACEMENT_3D('',#8511,#6809,#6810);
#6013=AXIS2_PLACEMENT_3D('',#8512,#6811,#6812);
#6014=AXIS2_PLACEMENT_3D('',#8516,#6814,#6815);
#6015=AXIS2_PLACEMENT_3D('',#8517,#6816,#6817);
#6016=AXIS2_PLACEMENT_3D('',#8523,#6821,#6822);
#6017=AXIS2_PLACEMENT_3D('',#8524,#6823,#6824);
#6018=AXIS2_PLACEMENT_3D('',#8525,#6825,#6826);
#6019=AXIS2_PLACEMENT_3D('',#8526,#6827,#6828);
#6020=AXIS2_PLACEMENT_3D('',#8535,#6833,#6834);
#6021=AXIS2_PLACEMENT_3D('',#8536,#6835,#6836);
#6022=AXIS2_PLACEMENT_3D('',#8540,#6838,#6839);
#6023=AXIS2_PLACEMENT_3D('',#8541,#6840,#6841);
#6024=AXIS2_PLACEMENT_3D('',#8547,#6845,#6846);
#6025=AXIS2_PLACEMENT_3D('',#8548,#6847,#6848);
#6026=AXIS2_PLACEMENT_3D('',#8552,#6850,#6851);
#6027=AXIS2_PLACEMENT_3D('',#8553,#6852,#6853);
#6028=AXIS2_PLACEMENT_3D('',#8559,#6857,#6858);
#6029=AXIS2_PLACEMENT_3D('',#8560,#6859,#6860);
#6030=AXIS2_PLACEMENT_3D('',#8564,#6862,#6863);
#6031=AXIS2_PLACEMENT_3D('',#8565,#6864,#6865);
#6032=AXIS2_PLACEMENT_3D('',#8571,#6869,#6870);
#6033=AXIS2_PLACEMENT_3D('',#8572,#6871,#6872);
#6034=AXIS2_PLACEMENT_3D('',#8573,#6873,#6874);
#6035=AXIS2_PLACEMENT_3D('',#8574,#6875,#6876);
#6036=AXIS2_PLACEMENT_3D('',#8583,#6881,#6882);
#6037=AXIS2_PLACEMENT_3D('',#8584,#6883,#6884);
#6038=AXIS2_PLACEMENT_3D('',#8588,#6886,#6887);
#6039=AXIS2_PLACEMENT_3D('',#8589,#6888,#6889);
#6040=AXIS2_PLACEMENT_3D('',#8595,#6893,#6894);
#6041=AXIS2_PLACEMENT_3D('',#8596,#6895,#6896);
#6042=AXIS2_PLACEMENT_3D('',#8600,#6898,#6899);
#6043=AXIS2_PLACEMENT_3D('',#8601,#6900,#6901);
#6044=AXIS2_PLACEMENT_3D('',#8607,#6905,#6906);
#6045=AXIS2_PLACEMENT_3D('',#8608,#6907,#6908);
#6046=AXIS2_PLACEMENT_3D('',#8612,#6910,#6911);
#6047=AXIS2_PLACEMENT_3D('',#8613,#6912,#6913);
#6048=AXIS2_PLACEMENT_3D('',#8619,#6917,#6918);
#6049=AXIS2_PLACEMENT_3D('',#8620,#6919,#6920);
#6050=AXIS2_PLACEMENT_3D('',#8621,#6921,#6922);
#6051=AXIS2_PLACEMENT_3D('',#8622,#6923,#6924);
#6052=AXIS2_PLACEMENT_3D('',#8631,#6929,#6930);
#6053=AXIS2_PLACEMENT_3D('',#8632,#6931,#6932);
#6054=AXIS2_PLACEMENT_3D('',#8636,#6934,#6935);
#6055=AXIS2_PLACEMENT_3D('',#8637,#6936,#6937);
#6056=AXIS2_PLACEMENT_3D('',#8643,#6941,#6942);
#6057=AXIS2_PLACEMENT_3D('',#8644,#6943,#6944);
#6058=AXIS2_PLACEMENT_3D('',#8648,#6946,#6947);
#6059=AXIS2_PLACEMENT_3D('',#8649,#6948,#6949);
#6060=AXIS2_PLACEMENT_3D('',#8655,#6953,#6954);
#6061=AXIS2_PLACEMENT_3D('',#8656,#6955,#6956);
#6062=AXIS2_PLACEMENT_3D('',#8660,#6958,#6959);
#6063=AXIS2_PLACEMENT_3D('',#8661,#6960,#6961);
#6064=AXIS2_PLACEMENT_3D('',#8667,#6965,#6966);
#6065=AXIS2_PLACEMENT_3D('',#8668,#6967,#6968);
#6066=AXIS2_PLACEMENT_3D('',#8669,#6969,#6970);
#6067=AXIS2_PLACEMENT_3D('',#8670,#6971,#6972);
#6068=AXIS2_PLACEMENT_3D('',#8679,#6977,#6978);
#6069=AXIS2_PLACEMENT_3D('',#8680,#6979,#6980);
#6070=AXIS2_PLACEMENT_3D('',#8684,#6982,#6983);
#6071=AXIS2_PLACEMENT_3D('',#8685,#6984,#6985);
#6072=AXIS2_PLACEMENT_3D('',#8691,#6989,#6990);
#6073=AXIS2_PLACEMENT_3D('',#8692,#6991,#6992);
#6074=AXIS2_PLACEMENT_3D('',#8696,#6994,#6995);
#6075=AXIS2_PLACEMENT_3D('',#8697,#6996,#6997);
#6076=AXIS2_PLACEMENT_3D('',#8703,#7001,#7002);
#6077=AXIS2_PLACEMENT_3D('',#8704,#7003,#7004);
#6078=AXIS2_PLACEMENT_3D('',#8708,#7006,#7007);
#6079=AXIS2_PLACEMENT_3D('',#8709,#7008,#7009);
#6080=AXIS2_PLACEMENT_3D('',#8715,#7013,#7014);
#6081=AXIS2_PLACEMENT_3D('',#8716,#7015,#7016);
#6082=AXIS2_PLACEMENT_3D('',#8717,#7017,#7018);
#6083=AXIS2_PLACEMENT_3D('',#8718,#7019,#7020);
#6084=AXIS2_PLACEMENT_3D('',#8727,#7025,#7026);
#6085=AXIS2_PLACEMENT_3D('',#8728,#7027,#7028);
#6086=AXIS2_PLACEMENT_3D('',#8732,#7030,#7031);
#6087=AXIS2_PLACEMENT_3D('',#8733,#7032,#7033);
#6088=AXIS2_PLACEMENT_3D('',#8739,#7037,#7038);
#6089=AXIS2_PLACEMENT_3D('',#8740,#7039,#7040);
#6090=AXIS2_PLACEMENT_3D('',#8744,#7042,#7043);
#6091=AXIS2_PLACEMENT_3D('',#8745,#7044,#7045);
#6092=AXIS2_PLACEMENT_3D('',#8751,#7049,#7050);
#6093=AXIS2_PLACEMENT_3D('',#8752,#7051,#7052);
#6094=AXIS2_PLACEMENT_3D('',#8756,#7054,#7055);
#6095=AXIS2_PLACEMENT_3D('',#8757,#7056,#7057);
#6096=AXIS2_PLACEMENT_3D('',#8763,#7061,#7062);
#6097=AXIS2_PLACEMENT_3D('',#8764,#7063,#7064);
#6098=AXIS2_PLACEMENT_3D('',#8765,#7065,#7066);
#6099=AXIS2_PLACEMENT_3D('',#8766,#7067,#7068);
#6100=AXIS2_PLACEMENT_3D('',#8775,#7073,#7074);
#6101=AXIS2_PLACEMENT_3D('',#8776,#7075,#7076);
#6102=AXIS2_PLACEMENT_3D('',#8780,#7078,#7079);
#6103=AXIS2_PLACEMENT_3D('',#8781,#7080,#7081);
#6104=AXIS2_PLACEMENT_3D('',#8787,#7085,#7086);
#6105=AXIS2_PLACEMENT_3D('',#8788,#7087,#7088);
#6106=AXIS2_PLACEMENT_3D('',#8792,#7090,#7091);
#6107=AXIS2_PLACEMENT_3D('',#8793,#7092,#7093);
#6108=AXIS2_PLACEMENT_3D('',#8799,#7097,#7098);
#6109=AXIS2_PLACEMENT_3D('',#8800,#7099,#7100);
#6110=AXIS2_PLACEMENT_3D('',#8804,#7102,#7103);
#6111=AXIS2_PLACEMENT_3D('',#8805,#7104,#7105);
#6112=AXIS2_PLACEMENT_3D('',#8811,#7109,#7110);
#6113=AXIS2_PLACEMENT_3D('',#8812,#7111,#7112);
#6114=AXIS2_PLACEMENT_3D('',#8813,#7113,#7114);
#6115=AXIS2_PLACEMENT_3D('',#8814,#7115,#7116);
#6116=AXIS2_PLACEMENT_3D('',#8823,#7121,#7122);
#6117=AXIS2_PLACEMENT_3D('',#8824,#7123,#7124);
#6118=AXIS2_PLACEMENT_3D('',#8828,#7126,#7127);
#6119=AXIS2_PLACEMENT_3D('',#8829,#7128,#7129);
#6120=AXIS2_PLACEMENT_3D('',#8835,#7133,#7134);
#6121=AXIS2_PLACEMENT_3D('',#8836,#7135,#7136);
#6122=AXIS2_PLACEMENT_3D('',#8840,#7138,#7139);
#6123=AXIS2_PLACEMENT_3D('',#8841,#7140,#7141);
#6124=AXIS2_PLACEMENT_3D('',#8847,#7145,#7146);
#6125=AXIS2_PLACEMENT_3D('',#8848,#7147,#7148);
#6126=AXIS2_PLACEMENT_3D('',#8852,#7150,#7151);
#6127=AXIS2_PLACEMENT_3D('',#8853,#7152,#7153);
#6128=AXIS2_PLACEMENT_3D('',#8859,#7157,#7158);
#6129=AXIS2_PLACEMENT_3D('',#8860,#7159,#7160);
#6130=AXIS2_PLACEMENT_3D('',#8861,#7161,#7162);
#6131=AXIS2_PLACEMENT_3D('',#8862,#7163,#7164);
#6132=AXIS2_PLACEMENT_3D('',#8871,#7169,#7170);
#6133=AXIS2_PLACEMENT_3D('',#8872,#7171,#7172);
#6134=AXIS2_PLACEMENT_3D('',#8876,#7174,#7175);
#6135=AXIS2_PLACEMENT_3D('',#8877,#7176,#7177);
#6136=AXIS2_PLACEMENT_3D('',#8883,#7181,#7182);
#6137=AXIS2_PLACEMENT_3D('',#8884,#7183,#7184);
#6138=AXIS2_PLACEMENT_3D('',#8888,#7186,#7187);
#6139=AXIS2_PLACEMENT_3D('',#8889,#7188,#7189);
#6140=AXIS2_PLACEMENT_3D('',#8895,#7193,#7194);
#6141=AXIS2_PLACEMENT_3D('',#8896,#7195,#7196);
#6142=AXIS2_PLACEMENT_3D('',#8900,#7198,#7199);
#6143=AXIS2_PLACEMENT_3D('',#8901,#7200,#7201);
#6144=AXIS2_PLACEMENT_3D('',#8907,#7205,#7206);
#6145=AXIS2_PLACEMENT_3D('',#8908,#7207,#7208);
#6146=AXIS2_PLACEMENT_3D('',#8909,#7209,#7210);
#6147=AXIS2_PLACEMENT_3D('',#8910,#7211,#7212);
#6148=AXIS2_PLACEMENT_3D('',#8911,#7213,#7214);
#6149=AXIS2_PLACEMENT_3D('',#8916,#7216,#7217);
#6150=AXIS2_PLACEMENT_3D('',#8919,#7219,#7220);
#6151=AXIS2_PLACEMENT_3D('',#8925,#7224,#7225);
#6152=AXIS2_PLACEMENT_3D('',#8931,#7229,#7230);
#6153=AXIS2_PLACEMENT_3D('',#8932,#7231,#7232);
#6154=AXIS2_PLACEMENT_3D('',#8934,#7233,#7234);
#6155=AXIS2_PLACEMENT_3D('',#8937,#7236,#7237);
#6156=AXIS2_PLACEMENT_3D('',#8943,#7241,#7242);
#6157=AXIS2_PLACEMENT_3D('',#8944,#7243,#7244);
#6158=AXIS2_PLACEMENT_3D('',#8946,#7245,#7246);
#6159=AXIS2_PLACEMENT_3D('',#8949,#7248,#7249);
#6160=AXIS2_PLACEMENT_3D('',#8955,#7253,#7254);
#6161=AXIS2_PLACEMENT_3D('',#8956,#7255,#7256);
#6162=AXIS2_PLACEMENT_3D('',#8958,#7257,#7258);
#6163=AXIS2_PLACEMENT_3D('',#8961,#7260,#7261);
#6164=AXIS2_PLACEMENT_3D('',#8967,#7265,#7266);
#6165=AXIS2_PLACEMENT_3D('',#8968,#7267,#7268);
#6166=AXIS2_PLACEMENT_3D('',#8970,#7269,#7270);
#6167=AXIS2_PLACEMENT_3D('',#8973,#7272,#7273);
#6168=AXIS2_PLACEMENT_3D('',#8979,#7277,#7278);
#6169=AXIS2_PLACEMENT_3D('',#8985,#7282,#7283);
#6170=AXIS2_PLACEMENT_3D('',#8986,#7284,#7285);
#6171=AXIS2_PLACEMENT_3D('',#8990,#7287,#7288);
#6172=AXIS2_PLACEMENT_3D('',#8991,#7289,#7290);
#6173=AXIS2_PLACEMENT_3D('',#8992,#7291,#7292);
#6174=AXIS2_PLACEMENT_3D('',#8997,#7294,#7295);
#6175=AXIS2_PLACEMENT_3D('',#9000,#7297,#7298);
#6176=AXIS2_PLACEMENT_3D('',#9006,#7302,#7303);
#6177=AXIS2_PLACEMENT_3D('',#9007,#7304,#7305);
#6178=AXIS2_PLACEMENT_3D('',#9011,#7307,#7308);
#6179=AXIS2_PLACEMENT_3D('',#9012,#7309,#7310);
#6180=AXIS2_PLACEMENT_3D('',#9013,#7311,#7312);
#6181=AXIS2_PLACEMENT_3D('',#9018,#7314,#7315);
#6182=AXIS2_PLACEMENT_3D('',#9021,#7317,#7318);
#6183=AXIS2_PLACEMENT_3D('',#9027,#7322,#7323);
#6184=AXIS2_PLACEMENT_3D('',#9028,#7324,#7325);
#6185=AXIS2_PLACEMENT_3D('',#9032,#7327,#7328);
#6186=AXIS2_PLACEMENT_3D('',#9033,#7329,#7330);
#6187=AXIS2_PLACEMENT_3D('',#9034,#7331,#7332);
#6188=AXIS2_PLACEMENT_3D('',#9039,#7334,#7335);
#6189=AXIS2_PLACEMENT_3D('',#9042,#7337,#7338);
#6190=AXIS2_PLACEMENT_3D('',#9048,#7342,#7343);
#6191=AXIS2_PLACEMENT_3D('',#9049,#7344,#7345);
#6192=AXIS2_PLACEMENT_3D('',#9053,#7347,#7348);
#6193=AXIS2_PLACEMENT_3D('',#9054,#7349,#7350);
#6194=AXIS2_PLACEMENT_3D('',#9063,#7355,#7356);
#6195=AXIS2_PLACEMENT_3D('',#9064,#7357,#7358);
#6196=AXIS2_PLACEMENT_3D('',#9068,#7360,#7361);
#6197=AXIS2_PLACEMENT_3D('',#9069,#7362,#7363);
#6198=AXIS2_PLACEMENT_3D('',#9075,#7367,#7368);
#6199=AXIS2_PLACEMENT_3D('',#9076,#7369,#7370);
#6200=AXIS2_PLACEMENT_3D('',#9080,#7372,#7373);
#6201=AXIS2_PLACEMENT_3D('',#9081,#7374,#7375);
#6202=AXIS2_PLACEMENT_3D('',#9087,#7379,#7380);
#6203=AXIS2_PLACEMENT_3D('',#9088,#7381,#7382);
#6204=AXIS2_PLACEMENT_3D('',#9092,#7384,#7385);
#6205=AXIS2_PLACEMENT_3D('',#9093,#7386,#7387);
#6206=AXIS2_PLACEMENT_3D('',#9099,#7391,#7392);
#6207=AXIS2_PLACEMENT_3D('',#9100,#7393,#7394);
#6208=AXIS2_PLACEMENT_3D('',#9101,#7395,#7396);
#6209=AXIS2_PLACEMENT_3D('',#9102,#7397,#7398);
#6210=AXIS2_PLACEMENT_3D('',#9111,#7403,#7404);
#6211=AXIS2_PLACEMENT_3D('',#9112,#7405,#7406);
#6212=AXIS2_PLACEMENT_3D('',#9116,#7408,#7409);
#6213=AXIS2_PLACEMENT_3D('',#9117,#7410,#7411);
#6214=AXIS2_PLACEMENT_3D('',#9123,#7415,#7416);
#6215=AXIS2_PLACEMENT_3D('',#9124,#7417,#7418);
#6216=AXIS2_PLACEMENT_3D('',#9128,#7420,#7421);
#6217=AXIS2_PLACEMENT_3D('',#9129,#7422,#7423);
#6218=AXIS2_PLACEMENT_3D('',#9135,#7427,#7428);
#6219=AXIS2_PLACEMENT_3D('',#9136,#7429,#7430);
#6220=AXIS2_PLACEMENT_3D('',#9140,#7432,#7433);
#6221=AXIS2_PLACEMENT_3D('',#9141,#7434,#7435);
#6222=AXIS2_PLACEMENT_3D('',#9147,#7439,#7440);
#6223=AXIS2_PLACEMENT_3D('',#9148,#7441,#7442);
#6224=AXIS2_PLACEMENT_3D('',#9149,#7443,#7444);
#6225=AXIS2_PLACEMENT_3D('',#9150,#7445,#7446);
#6226=AXIS2_PLACEMENT_3D('',#9159,#7451,#7452);
#6227=AXIS2_PLACEMENT_3D('',#9160,#7453,#7454);
#6228=AXIS2_PLACEMENT_3D('',#9164,#7456,#7457);
#6229=AXIS2_PLACEMENT_3D('',#9165,#7458,#7459);
#6230=AXIS2_PLACEMENT_3D('',#9171,#7463,#7464);
#6231=AXIS2_PLACEMENT_3D('',#9172,#7465,#7466);
#6232=AXIS2_PLACEMENT_3D('',#9176,#7468,#7469);
#6233=AXIS2_PLACEMENT_3D('',#9177,#7470,#7471);
#6234=AXIS2_PLACEMENT_3D('',#9183,#7475,#7476);
#6235=AXIS2_PLACEMENT_3D('',#9184,#7477,#7478);
#6236=AXIS2_PLACEMENT_3D('',#9188,#7480,#7481);
#6237=AXIS2_PLACEMENT_3D('',#9189,#7482,#7483);
#6238=AXIS2_PLACEMENT_3D('',#9195,#7487,#7488);
#6239=AXIS2_PLACEMENT_3D('',#9196,#7489,#7490);
#6240=AXIS2_PLACEMENT_3D('',#9197,#7491,#7492);
#6241=AXIS2_PLACEMENT_3D('',#9198,#7493,#7494);
#6242=AXIS2_PLACEMENT_3D('',#9207,#7499,#7500);
#6243=AXIS2_PLACEMENT_3D('',#9208,#7501,#7502);
#6244=AXIS2_PLACEMENT_3D('',#9212,#7504,#7505);
#6245=AXIS2_PLACEMENT_3D('',#9213,#7506,#7507);
#6246=AXIS2_PLACEMENT_3D('',#9219,#7511,#7512);
#6247=AXIS2_PLACEMENT_3D('',#9220,#7513,#7514);
#6248=AXIS2_PLACEMENT_3D('',#9224,#7516,#7517);
#6249=AXIS2_PLACEMENT_3D('',#9225,#7518,#7519);
#6250=AXIS2_PLACEMENT_3D('',#9231,#7523,#7524);
#6251=AXIS2_PLACEMENT_3D('',#9232,#7525,#7526);
#6252=AXIS2_PLACEMENT_3D('',#9236,#7528,#7529);
#6253=AXIS2_PLACEMENT_3D('',#9237,#7530,#7531);
#6254=AXIS2_PLACEMENT_3D('',#9243,#7535,#7536);
#6255=AXIS2_PLACEMENT_3D('',#9244,#7537,#7538);
#6256=AXIS2_PLACEMENT_3D('',#9245,#7539,#7540);
#6257=AXIS2_PLACEMENT_3D('',#9246,#7541,#7542);
#6258=AXIS2_PLACEMENT_3D('',#9255,#7547,#7548);
#6259=AXIS2_PLACEMENT_3D('',#9256,#7549,#7550);
#6260=AXIS2_PLACEMENT_3D('',#9260,#7552,#7553);
#6261=AXIS2_PLACEMENT_3D('',#9261,#7554,#7555);
#6262=AXIS2_PLACEMENT_3D('',#9267,#7559,#7560);
#6263=AXIS2_PLACEMENT_3D('',#9268,#7561,#7562);
#6264=AXIS2_PLACEMENT_3D('',#9272,#7564,#7565);
#6265=AXIS2_PLACEMENT_3D('',#9273,#7566,#7567);
#6266=AXIS2_PLACEMENT_3D('',#9279,#7571,#7572);
#6267=AXIS2_PLACEMENT_3D('',#9280,#7573,#7574);
#6268=AXIS2_PLACEMENT_3D('',#9284,#7576,#7577);
#6269=AXIS2_PLACEMENT_3D('',#9285,#7578,#7579);
#6270=AXIS2_PLACEMENT_3D('',#9291,#7583,#7584);
#6271=AXIS2_PLACEMENT_3D('',#9292,#7585,#7586);
#6272=AXIS2_PLACEMENT_3D('',#9293,#7587,#7588);
#6273=AXIS2_PLACEMENT_3D('',#9294,#7589,#7590);
#6274=AXIS2_PLACEMENT_3D('',#9303,#7595,#7596);
#6275=AXIS2_PLACEMENT_3D('',#9304,#7597,#7598);
#6276=AXIS2_PLACEMENT_3D('',#9308,#7600,#7601);
#6277=AXIS2_PLACEMENT_3D('',#9309,#7602,#7603);
#6278=AXIS2_PLACEMENT_3D('',#9315,#7607,#7608);
#6279=AXIS2_PLACEMENT_3D('',#9316,#7609,#7610);
#6280=AXIS2_PLACEMENT_3D('',#9320,#7612,#7613);
#6281=AXIS2_PLACEMENT_3D('',#9321,#7614,#7615);
#6282=AXIS2_PLACEMENT_3D('',#9327,#7619,#7620);
#6283=AXIS2_PLACEMENT_3D('',#9328,#7621,#7622);
#6284=AXIS2_PLACEMENT_3D('',#9332,#7624,#7625);
#6285=AXIS2_PLACEMENT_3D('',#9333,#7626,#7627);
#6286=AXIS2_PLACEMENT_3D('',#9339,#7631,#7632);
#6287=AXIS2_PLACEMENT_3D('',#9340,#7633,#7634);
#6288=AXIS2_PLACEMENT_3D('',#9341,#7635,#7636);
#6289=AXIS2_PLACEMENT_3D('',#9342,#7637,#7638);
#6290=AXIS2_PLACEMENT_3D('',#9351,#7643,#7644);
#6291=AXIS2_PLACEMENT_3D('',#9352,#7645,#7646);
#6292=AXIS2_PLACEMENT_3D('',#9356,#7648,#7649);
#6293=AXIS2_PLACEMENT_3D('',#9357,#7650,#7651);
#6294=AXIS2_PLACEMENT_3D('',#9363,#7655,#7656);
#6295=AXIS2_PLACEMENT_3D('',#9364,#7657,#7658);
#6296=AXIS2_PLACEMENT_3D('',#9368,#7660,#7661);
#6297=AXIS2_PLACEMENT_3D('',#9369,#7662,#7663);
#6298=AXIS2_PLACEMENT_3D('',#9375,#7667,#7668);
#6299=AXIS2_PLACEMENT_3D('',#9376,#7669,#7670);
#6300=AXIS2_PLACEMENT_3D('',#9380,#7672,#7673);
#6301=AXIS2_PLACEMENT_3D('',#9381,#7674,#7675);
#6302=AXIS2_PLACEMENT_3D('',#9387,#7679,#7680);
#6303=AXIS2_PLACEMENT_3D('',#9388,#7681,#7682);
#6304=AXIS2_PLACEMENT_3D('',#9389,#7683,#7684);
#6305=AXIS2_PLACEMENT_3D('',#9390,#7685,#7686);
#6306=AXIS2_PLACEMENT_3D('',#9399,#7691,#7692);
#6307=AXIS2_PLACEMENT_3D('',#9400,#7693,#7694);
#6308=AXIS2_PLACEMENT_3D('',#9404,#7696,#7697);
#6309=AXIS2_PLACEMENT_3D('',#9405,#7698,#7699);
#6310=AXIS2_PLACEMENT_3D('',#9411,#7703,#7704);
#6311=AXIS2_PLACEMENT_3D('',#9412,#7705,#7706);
#6312=AXIS2_PLACEMENT_3D('',#9416,#7708,#7709);
#6313=AXIS2_PLACEMENT_3D('',#9417,#7710,#7711);
#6314=AXIS2_PLACEMENT_3D('',#9423,#7715,#7716);
#6315=AXIS2_PLACEMENT_3D('',#9424,#7717,#7718);
#6316=AXIS2_PLACEMENT_3D('',#9428,#7720,#7721);
#6317=AXIS2_PLACEMENT_3D('',#9429,#7722,#7723);
#6318=AXIS2_PLACEMENT_3D('',#9435,#7727,#7728);
#6319=AXIS2_PLACEMENT_3D('',#9436,#7729,#7730);
#6320=AXIS2_PLACEMENT_3D('',#9437,#7731,#7732);
#6321=AXIS2_PLACEMENT_3D('',#9438,#7733,#7734);
#6322=AXIS2_PLACEMENT_3D('',#9447,#7739,#7740);
#6323=AXIS2_PLACEMENT_3D('',#9448,#7741,#7742);
#6324=AXIS2_PLACEMENT_3D('',#9452,#7744,#7745);
#6325=AXIS2_PLACEMENT_3D('',#9453,#7746,#7747);
#6326=AXIS2_PLACEMENT_3D('',#9459,#7751,#7752);
#6327=AXIS2_PLACEMENT_3D('',#9460,#7753,#7754);
#6328=AXIS2_PLACEMENT_3D('',#9464,#7756,#7757);
#6329=AXIS2_PLACEMENT_3D('',#9465,#7758,#7759);
#6330=AXIS2_PLACEMENT_3D('',#9471,#7763,#7764);
#6331=AXIS2_PLACEMENT_3D('',#9472,#7765,#7766);
#6332=AXIS2_PLACEMENT_3D('',#9476,#7768,#7769);
#6333=AXIS2_PLACEMENT_3D('',#9477,#7770,#7771);
#6334=AXIS2_PLACEMENT_3D('',#9483,#7775,#7776);
#6335=AXIS2_PLACEMENT_3D('',#9484,#7777,#7778);
#6336=AXIS2_PLACEMENT_3D('',#9485,#7779,#7780);
#6337=AXIS2_PLACEMENT_3D('',#9486,#7781,#7782);
#6338=AXIS2_PLACEMENT_3D('',#9495,#7787,#7788);
#6339=AXIS2_PLACEMENT_3D('',#9496,#7789,#7790);
#6340=AXIS2_PLACEMENT_3D('',#9500,#7792,#7793);
#6341=AXIS2_PLACEMENT_3D('',#9501,#7794,#7795);
#6342=AXIS2_PLACEMENT_3D('',#9507,#7799,#7800);
#6343=AXIS2_PLACEMENT_3D('',#9508,#7801,#7802);
#6344=AXIS2_PLACEMENT_3D('',#9512,#7804,#7805);
#6345=AXIS2_PLACEMENT_3D('',#9513,#7806,#7807);
#6346=AXIS2_PLACEMENT_3D('',#9519,#7811,#7812);
#6347=AXIS2_PLACEMENT_3D('',#9520,#7813,#7814);
#6348=AXIS2_PLACEMENT_3D('',#9524,#7816,#7817);
#6349=AXIS2_PLACEMENT_3D('',#9525,#7818,#7819);
#6350=AXIS2_PLACEMENT_3D('',#9531,#7823,#7824);
#6351=AXIS2_PLACEMENT_3D('',#9532,#7825,#7826);
#6352=AXIS2_PLACEMENT_3D('',#9533,#7827,#7828);
#6353=AXIS2_PLACEMENT_3D('',#9534,#7829,#7830);
#6354=AXIS2_PLACEMENT_3D('',#9543,#7835,#7836);
#6355=AXIS2_PLACEMENT_3D('',#9544,#7837,#7838);
#6356=AXIS2_PLACEMENT_3D('',#9548,#7840,#7841);
#6357=AXIS2_PLACEMENT_3D('',#9549,#7842,#7843);
#6358=AXIS2_PLACEMENT_3D('',#9555,#7847,#7848);
#6359=AXIS2_PLACEMENT_3D('',#9556,#7849,#7850);
#6360=AXIS2_PLACEMENT_3D('',#9560,#7852,#7853);
#6361=AXIS2_PLACEMENT_3D('',#9561,#7854,#7855);
#6362=AXIS2_PLACEMENT_3D('',#9567,#7859,#7860);
#6363=AXIS2_PLACEMENT_3D('',#9568,#7861,#7862);
#6364=AXIS2_PLACEMENT_3D('',#9572,#7864,#7865);
#6365=AXIS2_PLACEMENT_3D('',#9573,#7866,#7867);
#6366=AXIS2_PLACEMENT_3D('',#9579,#7871,#7872);
#6367=AXIS2_PLACEMENT_3D('',#9580,#7873,#7874);
#6368=AXIS2_PLACEMENT_3D('',#9581,#7875,#7876);
#6369=AXIS2_PLACEMENT_3D('',#9582,#7877,#7878);
#6370=AXIS2_PLACEMENT_3D('',#9591,#7883,#7884);
#6371=AXIS2_PLACEMENT_3D('',#9592,#7885,#7886);
#6372=AXIS2_PLACEMENT_3D('',#9596,#7888,#7889);
#6373=AXIS2_PLACEMENT_3D('',#9597,#7890,#7891);
#6374=AXIS2_PLACEMENT_3D('',#9603,#7895,#7896);
#6375=AXIS2_PLACEMENT_3D('',#9604,#7897,#7898);
#6376=AXIS2_PLACEMENT_3D('',#9608,#7900,#7901);
#6377=AXIS2_PLACEMENT_3D('',#9609,#7902,#7903);
#6378=AXIS2_PLACEMENT_3D('',#9615,#7907,#7908);
#6379=AXIS2_PLACEMENT_3D('',#9616,#7909,#7910);
#6380=AXIS2_PLACEMENT_3D('',#9620,#7912,#7913);
#6381=AXIS2_PLACEMENT_3D('',#9621,#7914,#7915);
#6382=AXIS2_PLACEMENT_3D('',#9627,#7919,#7920);
#6383=AXIS2_PLACEMENT_3D('',#9628,#7921,#7922);
#6384=AXIS2_PLACEMENT_3D('',#9629,#7923,#7924);
#6385=AXIS2_PLACEMENT_3D('',#9630,#7925,#7926);
#6386=AXIS2_PLACEMENT_3D('',#9639,#7931,#7932);
#6387=AXIS2_PLACEMENT_3D('',#9640,#7933,#7934);
#6388=AXIS2_PLACEMENT_3D('',#9644,#7936,#7937);
#6389=AXIS2_PLACEMENT_3D('',#9645,#7938,#7939);
#6390=AXIS2_PLACEMENT_3D('',#9651,#7943,#7944);
#6391=AXIS2_PLACEMENT_3D('',#9652,#7945,#7946);
#6392=AXIS2_PLACEMENT_3D('',#9656,#7948,#7949);
#6393=AXIS2_PLACEMENT_3D('',#9657,#7950,#7951);
#6394=AXIS2_PLACEMENT_3D('',#9663,#7955,#7956);
#6395=AXIS2_PLACEMENT_3D('',#9664,#7957,#7958);
#6396=AXIS2_PLACEMENT_3D('',#9668,#7960,#7961);
#6397=AXIS2_PLACEMENT_3D('',#9669,#7962,#7963);
#6398=AXIS2_PLACEMENT_3D('',#9675,#7967,#7968);
#6399=AXIS2_PLACEMENT_3D('',#9676,#7969,#7970);
#6400=AXIS2_PLACEMENT_3D('',#9677,#7971,#7972);
#6401=AXIS2_PLACEMENT_3D('',#9678,#7973,#7974);
#6402=AXIS2_PLACEMENT_3D('',#9687,#7979,#7980);
#6403=AXIS2_PLACEMENT_3D('',#9688,#7981,#7982);
#6404=AXIS2_PLACEMENT_3D('',#9692,#7984,#7985);
#6405=AXIS2_PLACEMENT_3D('',#9693,#7986,#7987);
#6406=AXIS2_PLACEMENT_3D('',#9699,#7991,#7992);
#6407=AXIS2_PLACEMENT_3D('',#9700,#7993,#7994);
#6408=AXIS2_PLACEMENT_3D('',#9704,#7996,#7997);
#6409=AXIS2_PLACEMENT_3D('',#9705,#7998,#7999);
#6410=AXIS2_PLACEMENT_3D('',#9711,#8003,#8004);
#6411=AXIS2_PLACEMENT_3D('',#9712,#8005,#8006);
#6412=AXIS2_PLACEMENT_3D('',#9716,#8008,#8009);
#6413=AXIS2_PLACEMENT_3D('',#9717,#8010,#8011);
#6414=AXIS2_PLACEMENT_3D('',#9723,#8015,#8016);
#6415=AXIS2_PLACEMENT_3D('',#9724,#8017,#8018);
#6416=AXIS2_PLACEMENT_3D('',#9725,#8019,#8020);
#6417=AXIS2_PLACEMENT_3D('',#9726,#8021,#8022);
#6418=AXIS2_PLACEMENT_3D('',#9735,#8027,#8028);
#6419=AXIS2_PLACEMENT_3D('',#9736,#8029,#8030);
#6420=AXIS2_PLACEMENT_3D('',#9740,#8032,#8033);
#6421=AXIS2_PLACEMENT_3D('',#9741,#8034,#8035);
#6422=AXIS2_PLACEMENT_3D('',#9747,#8039,#8040);
#6423=AXIS2_PLACEMENT_3D('',#9748,#8041,#8042);
#6424=AXIS2_PLACEMENT_3D('',#9752,#8044,#8045);
#6425=AXIS2_PLACEMENT_3D('',#9753,#8046,#8047);
#6426=AXIS2_PLACEMENT_3D('',#9759,#8051,#8052);
#6427=AXIS2_PLACEMENT_3D('',#9760,#8053,#8054);
#6428=AXIS2_PLACEMENT_3D('',#9764,#8056,#8057);
#6429=AXIS2_PLACEMENT_3D('',#9765,#8058,#8059);
#6430=AXIS2_PLACEMENT_3D('',#9771,#8063,#8064);
#6431=AXIS2_PLACEMENT_3D('',#9772,#8065,#8066);
#6432=AXIS2_PLACEMENT_3D('',#9773,#8067,#8068);
#6433=AXIS2_PLACEMENT_3D('',#9774,#8069,#8070);
#6434=AXIS2_PLACEMENT_3D('',#9803,#8087,#8088);
#6435=AXIS2_PLACEMENT_3D('',#9824,#8101,#8102);
#6436=AXIS2_PLACEMENT_3D('',#9826,#8104,#8105);
#6437=AXIS2_PLACEMENT_3D('',#9828,#8107,#8108);
#6438=AXIS2_PLACEMENT_3D('',#9830,#8110,#8111);
#6439=AXIS2_PLACEMENT_3D('',#9832,#8113,#8114);
#6440=AXIS2_PLACEMENT_3D('',#9834,#8116,#8117);
#6441=AXIS2_PLACEMENT_3D('',#9836,#8119,#8120);
#6442=AXIS2_PLACEMENT_3D('',#9842,#8124,#8125);
#6443=AXIS2_PLACEMENT_3D('',#9848,#8129,#8130);
#6444=AXIS2_PLACEMENT_3D('',#9852,#8133,#8134);
#6445=AXIS2_PLACEMENT_3D('',#9853,#8135,#8136);
#6446=AXIS2_PLACEMENT_3D('',#9854,#8137,#8138);
#6447=AXIS2_PLACEMENT_3D('',#9858,#8141,#8142);
#6448=AXIS2_PLACEMENT_3D('',#9862,#8145,#8146);
#6449=AXIS2_PLACEMENT_3D('',#9864,#8148,#8149);
#6450=AXIS2_PLACEMENT_3D('',#9865,#8150,#8151);
#6451=AXIS2_PLACEMENT_3D('',#9869,#8154,#8155);
#6452=AXIS2_PLACEMENT_3D('',#9871,#8157,#8158);
#6453=DIRECTION('',(0.,0.,1.));
#6454=DIRECTION('',(1.,0.,0.));
#6455=DIRECTION('',(0.,0.,-1.));
#6456=DIRECTION('',(0.,1.,0.));
#6457=DIRECTION('',(0.,0.,1.));
#6458=DIRECTION('',(0.,-1.,0.));
#6459=DIRECTION('',(0.,0.,1.));
#6460=DIRECTION('',(0.,-1.,0.));
#6461=DIRECTION('',(0.,0.,-1.));
#6462=DIRECTION('',(0.,1.,0.));
#6463=DIRECTION('',(0.,0.,1.));
#6464=DIRECTION('',(0.,-1.,0.));
#6465=DIRECTION('',(0.,0.,1.));
#6466=DIRECTION('',(0.,-1.,0.));
#6467=DIRECTION('',(0.,0.,-1.));
#6468=DIRECTION('',(0.,1.,0.));
#6469=DIRECTION('',(0.,0.,1.));
#6470=DIRECTION('',(0.,-1.,0.));
#6471=DIRECTION('',(0.,0.,1.));
#6472=DIRECTION('',(0.,-1.,0.));
#6473=DIRECTION('',(0.,0.,-1.));
#6474=DIRECTION('',(0.,1.,0.));
#6475=DIRECTION('',(0.,0.,1.));
#6476=DIRECTION('',(0.,-1.,0.));
#6477=DIRECTION('',(0.,0.,1.));
#6478=DIRECTION('',(0.,-1.,0.));
#6479=DIRECTION('',(0.,0.,-1.));
#6480=DIRECTION('',(0.,1.,0.));
#6481=DIRECTION('',(0.,0.,1.));
#6482=DIRECTION('',(0.,-1.,0.));
#6483=DIRECTION('',(0.,0.,1.));
#6484=DIRECTION('',(0.,-1.,0.));
#6485=DIRECTION('',(0.,0.,-1.));
#6486=DIRECTION('',(0.,1.,0.));
#6487=DIRECTION('',(0.,0.,1.));
#6488=DIRECTION('',(0.,-1.,0.));
#6489=DIRECTION('',(0.,0.,1.));
#6490=DIRECTION('',(0.,-1.,0.));
#6491=DIRECTION('',(1.,0.,0.));
#6492=DIRECTION('',(0.,-1.,0.));
#6493=DIRECTION('',(0.,-1.,0.));
#6494=DIRECTION('',(0.,0.,-1.));
#6495=DIRECTION('',(0.,-1.,0.));
#6496=DIRECTION('',(0.,0.,-1.));
#6497=DIRECTION('',(0.,0.,-1.));
#6498=DIRECTION('',(0.,1.,0.));
#6499=DIRECTION('',(0.,0.,1.));
#6500=DIRECTION('',(0.,-1.,0.));
#6501=DIRECTION('',(0.,0.,-1.));
#6502=DIRECTION('',(0.,0.,1.));
#6503=DIRECTION('',(0.,-1.,0.));
#6504=DIRECTION('',(0.,-1.,0.));
#6505=DIRECTION('',(-1.,0.,0.));
#6506=DIRECTION('',(-1.,0.,0.));
#6507=DIRECTION('',(0.,0.,-1.));
#6508=DIRECTION('',(-1.,0.,0.));
#6509=DIRECTION('',(0.,0.,-1.));
#6510=DIRECTION('',(0.,1.,0.));
#6511=DIRECTION('',(0.,0.,1.));
#6512=DIRECTION('',(0.,-1.,0.));
#6513=DIRECTION('',(0.,0.,-1.));
#6514=DIRECTION('',(0.,0.,1.));
#6515=DIRECTION('',(0.,-1.,0.));
#6516=DIRECTION('',(-1.,0.,0.));
#6517=DIRECTION('',(0.,1.,0.));
#6518=DIRECTION('',(0.,1.,0.));
#6519=DIRECTION('',(0.,0.,-1.));
#6520=DIRECTION('',(0.,1.,0.));
#6521=DIRECTION('',(0.,0.,-1.));
#6522=DIRECTION('',(0.,1.,0.));
#6523=DIRECTION('',(0.,0.,1.));
#6524=DIRECTION('',(0.,-1.,0.));
#6525=DIRECTION('',(0.,0.,-1.));
#6526=DIRECTION('',(0.,0.,1.));
#6527=DIRECTION('',(0.,-1.,0.));
#6528=DIRECTION('',(0.,1.,0.));
#6529=DIRECTION('',(1.,0.,0.));
#6530=DIRECTION('',(1.,0.,0.));
#6531=DIRECTION('',(0.,0.,-1.));
#6532=DIRECTION('',(1.,0.,0.));
#6533=DIRECTION('',(0.,0.,-1.));
#6534=DIRECTION('',(0.,1.,0.));
#6535=DIRECTION('',(0.,0.,1.));
#6536=DIRECTION('',(0.,-1.,0.));
#6537=DIRECTION('',(0.,0.,1.));
#6538=DIRECTION('',(0.,-1.,0.));
#6539=DIRECTION('',(1.,0.,0.));
#6540=DIRECTION('',(0.,-1.,0.));
#6541=DIRECTION('',(0.,-1.,0.));
#6542=DIRECTION('',(0.,0.,-1.));
#6543=DIRECTION('',(0.,-1.,0.));
#6544=DIRECTION('',(0.,0.,-1.));
#6545=DIRECTION('',(0.,0.,-1.));
#6546=DIRECTION('',(0.,1.,0.));
#6547=DIRECTION('',(0.,0.,1.));
#6548=DIRECTION('',(0.,-1.,0.));
#6549=DIRECTION('',(0.,0.,-1.));
#6550=DIRECTION('',(0.,0.,1.));
#6551=DIRECTION('',(0.,-1.,0.));
#6552=DIRECTION('',(0.,-1.,0.));
#6553=DIRECTION('',(-1.,0.,0.));
#6554=DIRECTION('',(-1.,0.,0.));
#6555=DIRECTION('',(0.,0.,-1.));
#6556=DIRECTION('',(-1.,0.,0.));
#6557=DIRECTION('',(0.,0.,-1.));
#6558=DIRECTION('',(0.,1.,0.));
#6559=DIRECTION('',(0.,0.,1.));
#6560=DIRECTION('',(0.,-1.,0.));
#6561=DIRECTION('',(0.,0.,-1.));
#6562=DIRECTION('',(0.,0.,1.));
#6563=DIRECTION('',(0.,-1.,0.));
#6564=DIRECTION('',(-1.,0.,0.));
#6565=DIRECTION('',(0.,1.,0.));
#6566=DIRECTION('',(0.,1.,0.));
#6567=DIRECTION('',(0.,0.,-1.));
#6568=DIRECTION('',(0.,1.,0.));
#6569=DIRECTION('',(0.,0.,-1.));
#6570=DIRECTION('',(0.,1.,0.));
#6571=DIRECTION('',(0.,0.,1.));
#6572=DIRECTION('',(0.,-1.,0.));
#6573=DIRECTION('',(0.,0.,-1.));
#6574=DIRECTION('',(0.,0.,1.));
#6575=DIRECTION('',(0.,-1.,0.));
#6576=DIRECTION('',(0.,1.,0.));
#6577=DIRECTION('',(1.,0.,0.));
#6578=DIRECTION('',(1.,0.,0.));
#6579=DIRECTION('',(0.,0.,-1.));
#6580=DIRECTION('',(1.,0.,0.));
#6581=DIRECTION('',(0.,0.,-1.));
#6582=DIRECTION('',(0.,1.,0.));
#6583=DIRECTION('',(0.,0.,1.));
#6584=DIRECTION('',(0.,-1.,0.));
#6585=DIRECTION('',(0.,0.,1.));
#6586=DIRECTION('',(0.,-1.,0.));
#6587=DIRECTION('',(1.,0.,0.));
#6588=DIRECTION('',(0.,-1.,0.));
#6589=DIRECTION('',(0.,-1.,0.));
#6590=DIRECTION('',(0.,0.,-1.));
#6591=DIRECTION('',(0.,-1.,0.));
#6592=DIRECTION('',(0.,0.,-1.));
#6593=DIRECTION('',(0.,0.,-1.));
#6594=DIRECTION('',(0.,1.,0.));
#6595=DIRECTION('',(0.,0.,1.));
#6596=DIRECTION('',(0.,-1.,0.));
#6597=DIRECTION('',(0.,0.,-1.));
#6598=DIRECTION('',(0.,0.,1.));
#6599=DIRECTION('',(0.,-1.,0.));
#6600=DIRECTION('',(0.,-1.,0.));
#6601=DIRECTION('',(-1.,0.,0.));
#6602=DIRECTION('',(-1.,0.,0.));
#6603=DIRECTION('',(0.,0.,-1.));
#6604=DIRECTION('',(-1.,0.,0.));
#6605=DIRECTION('',(0.,0.,-1.));
#6606=DIRECTION('',(0.,1.,0.));
#6607=DIRECTION('',(0.,0.,1.));
#6608=DIRECTION('',(0.,-1.,0.));
#6609=DIRECTION('',(0.,0.,-1.));
#6610=DIRECTION('',(0.,0.,1.));
#6611=DIRECTION('',(0.,-1.,0.));
#6612=DIRECTION('',(-1.,0.,0.));
#6613=DIRECTION('',(0.,1.,0.));
#6614=DIRECTION('',(0.,1.,0.));
#6615=DIRECTION('',(0.,0.,-1.));
#6616=DIRECTION('',(0.,1.,0.));
#6617=DIRECTION('',(0.,0.,-1.));
#6618=DIRECTION('',(0.,1.,0.));
#6619=DIRECTION('',(0.,0.,1.));
#6620=DIRECTION('',(0.,-1.,0.));
#6621=DIRECTION('',(0.,0.,-1.));
#6622=DIRECTION('',(0.,0.,1.));
#6623=DIRECTION('',(0.,-1.,0.));
#6624=DIRECTION('',(0.,1.,0.));
#6625=DIRECTION('',(1.,0.,0.));
#6626=DIRECTION('',(1.,0.,0.));
#6627=DIRECTION('',(0.,0.,-1.));
#6628=DIRECTION('',(1.,0.,0.));
#6629=DIRECTION('',(0.,0.,-1.));
#6630=DIRECTION('',(0.,1.,0.));
#6631=DIRECTION('',(0.,0.,1.));
#6632=DIRECTION('',(0.,-1.,0.));
#6633=DIRECTION('',(0.,0.,1.));
#6634=DIRECTION('',(0.,-1.,0.));
#6635=DIRECTION('',(1.,0.,0.));
#6636=DIRECTION('',(0.,-1.,0.));
#6637=DIRECTION('',(0.,-1.,0.));
#6638=DIRECTION('',(0.,0.,-1.));
#6639=DIRECTION('',(0.,-1.,0.));
#6640=DIRECTION('',(0.,0.,-1.));
#6641=DIRECTION('',(0.,0.,-1.));
#6642=DIRECTION('',(0.,1.,0.));
#6643=DIRECTION('',(0.,0.,1.));
#6644=DIRECTION('',(0.,-1.,0.));
#6645=DIRECTION('',(0.,0.,-1.));
#6646=DIRECTION('',(0.,0.,1.));
#6647=DIRECTION('',(0.,-1.,0.));
#6648=DIRECTION('',(0.,-1.,0.));
#6649=DIRECTION('',(-1.,0.,0.));
#6650=DIRECTION('',(-1.,0.,0.));
#6651=DIRECTION('',(0.,0.,-1.));
#6652=DIRECTION('',(-1.,0.,0.));
#6653=DIRECTION('',(0.,0.,-1.));
#6654=DIRECTION('',(0.,1.,0.));
#6655=DIRECTION('',(0.,0.,1.));
#6656=DIRECTION('',(0.,-1.,0.));
#6657=DIRECTION('',(0.,0.,-1.));
#6658=DIRECTION('',(0.,0.,1.));
#6659=DIRECTION('',(0.,-1.,0.));
#6660=DIRECTION('',(-1.,0.,0.));
#6661=DIRECTION('',(0.,1.,0.));
#6662=DIRECTION('',(0.,1.,0.));
#6663=DIRECTION('',(0.,0.,-1.));
#6664=DIRECTION('',(0.,1.,0.));
#6665=DIRECTION('',(0.,0.,-1.));
#6666=DIRECTION('',(0.,1.,0.));
#6667=DIRECTION('',(0.,0.,1.));
#6668=DIRECTION('',(0.,-1.,0.));
#6669=DIRECTION('',(0.,0.,-1.));
#6670=DIRECTION('',(0.,0.,1.));
#6671=DIRECTION('',(0.,-1.,0.));
#6672=DIRECTION('',(0.,1.,0.));
#6673=DIRECTION('',(1.,0.,0.));
#6674=DIRECTION('',(1.,0.,0.));
#6675=DIRECTION('',(0.,0.,-1.));
#6676=DIRECTION('',(1.,0.,0.));
#6677=DIRECTION('',(0.,0.,-1.));
#6678=DIRECTION('',(0.,1.,0.));
#6679=DIRECTION('',(0.,0.,1.));
#6680=DIRECTION('',(0.,-1.,0.));
#6681=DIRECTION('',(0.,0.,1.));
#6682=DIRECTION('',(0.,-1.,0.));
#6683=DIRECTION('',(1.,0.,0.));
#6684=DIRECTION('',(0.,-1.,0.));
#6685=DIRECTION('',(0.,-1.,0.));
#6686=DIRECTION('',(0.,0.,-1.));
#6687=DIRECTION('',(0.,-1.,0.));
#6688=DIRECTION('',(0.,0.,-1.));
#6689=DIRECTION('',(0.,0.,-1.));
#6690=DIRECTION('',(0.,1.,0.));
#6691=DIRECTION('',(0.,0.,1.));
#6692=DIRECTION('',(0.,-1.,0.));
#6693=DIRECTION('',(0.,0.,-1.));
#6694=DIRECTION('',(0.,0.,1.));
#6695=DIRECTION('',(0.,-1.,0.));
#6696=DIRECTION('',(0.,-1.,0.));
#6697=DIRECTION('',(-1.,0.,0.));
#6698=DIRECTION('',(-1.,0.,0.));
#6699=DIRECTION('',(0.,0.,-1.));
#6700=DIRECTION('',(-1.,0.,0.));
#6701=DIRECTION('',(0.,0.,-1.));
#6702=DIRECTION('',(0.,1.,0.));
#6703=DIRECTION('',(0.,0.,1.));
#6704=DIRECTION('',(0.,-1.,0.));
#6705=DIRECTION('',(0.,0.,-1.));
#6706=DIRECTION('',(0.,0.,1.));
#6707=DIRECTION('',(0.,-1.,0.));
#6708=DIRECTION('',(-1.,0.,0.));
#6709=DIRECTION('',(0.,1.,0.));
#6710=DIRECTION('',(0.,1.,0.));
#6711=DIRECTION('',(0.,0.,-1.));
#6712=DIRECTION('',(0.,1.,0.));
#6713=DIRECTION('',(0.,0.,-1.));
#6714=DIRECTION('',(0.,1.,0.));
#6715=DIRECTION('',(0.,0.,1.));
#6716=DIRECTION('',(0.,-1.,0.));
#6717=DIRECTION('',(0.,0.,-1.));
#6718=DIRECTION('',(0.,0.,1.));
#6719=DIRECTION('',(0.,-1.,0.));
#6720=DIRECTION('',(0.,1.,0.));
#6721=DIRECTION('',(1.,0.,0.));
#6722=DIRECTION('',(1.,0.,0.));
#6723=DIRECTION('',(0.,0.,-1.));
#6724=DIRECTION('',(1.,0.,0.));
#6725=DIRECTION('',(0.,0.,-1.));
#6726=DIRECTION('',(0.,1.,0.));
#6727=DIRECTION('',(0.,0.,1.));
#6728=DIRECTION('',(0.,-1.,0.));
#6729=DIRECTION('',(0.,0.,1.));
#6730=DIRECTION('',(0.,-1.,0.));
#6731=DIRECTION('',(1.,0.,0.));
#6732=DIRECTION('',(0.,-1.,0.));
#6733=DIRECTION('',(0.,-1.,0.));
#6734=DIRECTION('',(0.,0.,-1.));
#6735=DIRECTION('',(0.,-1.,0.));
#6736=DIRECTION('',(0.,0.,-1.));
#6737=DIRECTION('',(0.,0.,-1.));
#6738=DIRECTION('',(0.,1.,0.));
#6739=DIRECTION('',(0.,0.,1.));
#6740=DIRECTION('',(0.,-1.,0.));
#6741=DIRECTION('',(0.,0.,-1.));
#6742=DIRECTION('',(0.,0.,1.));
#6743=DIRECTION('',(0.,-1.,0.));
#6744=DIRECTION('',(0.,-1.,0.));
#6745=DIRECTION('',(-1.,0.,0.));
#6746=DIRECTION('',(-1.,0.,0.));
#6747=DIRECTION('',(0.,0.,-1.));
#6748=DIRECTION('',(-1.,0.,0.));
#6749=DIRECTION('',(0.,0.,-1.));
#6750=DIRECTION('',(0.,1.,0.));
#6751=DIRECTION('',(0.,0.,1.));
#6752=DIRECTION('',(0.,-1.,0.));
#6753=DIRECTION('',(0.,0.,-1.));
#6754=DIRECTION('',(0.,0.,1.));
#6755=DIRECTION('',(0.,-1.,0.));
#6756=DIRECTION('',(-1.,0.,0.));
#6757=DIRECTION('',(0.,1.,0.));
#6758=DIRECTION('',(0.,1.,0.));
#6759=DIRECTION('',(0.,0.,-1.));
#6760=DIRECTION('',(0.,1.,0.));
#6761=DIRECTION('',(0.,0.,-1.));
#6762=DIRECTION('',(0.,1.,0.));
#6763=DIRECTION('',(0.,0.,1.));
#6764=DIRECTION('',(0.,-1.,0.));
#6765=DIRECTION('',(0.,0.,-1.));
#6766=DIRECTION('',(0.,0.,1.));
#6767=DIRECTION('',(0.,-1.,0.));
#6768=DIRECTION('',(0.,1.,0.));
#6769=DIRECTION('',(1.,0.,0.));
#6770=DIRECTION('',(1.,0.,0.));
#6771=DIRECTION('',(0.,0.,-1.));
#6772=DIRECTION('',(1.,0.,0.));
#6773=DIRECTION('',(0.,0.,-1.));
#6774=DIRECTION('',(0.,1.,0.));
#6775=DIRECTION('',(0.,0.,1.));
#6776=DIRECTION('',(0.,-1.,0.));
#6777=DIRECTION('',(0.,0.,1.));
#6778=DIRECTION('',(0.,-1.,0.));
#6779=DIRECTION('',(1.,0.,0.));
#6780=DIRECTION('',(0.,-1.,0.));
#6781=DIRECTION('',(0.,-1.,0.));
#6782=DIRECTION('',(0.,0.,-1.));
#6783=DIRECTION('',(0.,-1.,0.));
#6784=DIRECTION('',(0.,0.,-1.));
#6785=DIRECTION('',(0.,0.,-1.));
#6786=DIRECTION('',(0.,1.,0.));
#6787=DIRECTION('',(0.,0.,1.));
#6788=DIRECTION('',(0.,-1.,0.));
#6789=DIRECTION('',(0.,0.,-1.));
#6790=DIRECTION('',(0.,0.,1.));
#6791=DIRECTION('',(0.,-1.,0.));
#6792=DIRECTION('',(0.,-1.,0.));
#6793=DIRECTION('',(-1.,0.,0.));
#6794=DIRECTION('',(-1.,0.,0.));
#6795=DIRECTION('',(0.,0.,-1.));
#6796=DIRECTION('',(-1.,0.,0.));
#6797=DIRECTION('',(0.,0.,-1.));
#6798=DIRECTION('',(0.,1.,0.));
#6799=DIRECTION('',(0.,0.,1.));
#6800=DIRECTION('',(0.,-1.,0.));
#6801=DIRECTION('',(0.,0.,-1.));
#6802=DIRECTION('',(0.,0.,1.));
#6803=DIRECTION('',(0.,-1.,0.));
#6804=DIRECTION('',(-1.,0.,0.));
#6805=DIRECTION('',(0.,1.,0.));
#6806=DIRECTION('',(0.,1.,0.));
#6807=DIRECTION('',(0.,0.,-1.));
#6808=DIRECTION('',(0.,1.,0.));
#6809=DIRECTION('',(0.,0.,-1.));
#6810=DIRECTION('',(0.,1.,0.));
#6811=DIRECTION('',(0.,0.,1.));
#6812=DIRECTION('',(0.,-1.,0.));
#6813=DIRECTION('',(0.,0.,-1.));
#6814=DIRECTION('',(0.,0.,1.));
#6815=DIRECTION('',(0.,-1.,0.));
#6816=DIRECTION('',(0.,1.,0.));
#6817=DIRECTION('',(1.,0.,0.));
#6818=DIRECTION('',(1.,0.,0.));
#6819=DIRECTION('',(0.,0.,-1.));
#6820=DIRECTION('',(1.,0.,0.));
#6821=DIRECTION('',(0.,0.,-1.));
#6822=DIRECTION('',(0.,1.,0.));
#6823=DIRECTION('',(0.,0.,1.));
#6824=DIRECTION('',(0.,-1.,0.));
#6825=DIRECTION('',(0.,0.,1.));
#6826=DIRECTION('',(0.,-1.,0.));
#6827=DIRECTION('',(1.,0.,0.));
#6828=DIRECTION('',(0.,-1.,0.));
#6829=DIRECTION('',(0.,-1.,0.));
#6830=DIRECTION('',(0.,0.,-1.));
#6831=DIRECTION('',(0.,-1.,0.));
#6832=DIRECTION('',(0.,0.,-1.));
#6833=DIRECTION('',(0.,0.,-1.));
#6834=DIRECTION('',(0.,1.,0.));
#6835=DIRECTION('',(0.,0.,1.));
#6836=DIRECTION('',(0.,-1.,0.));
#6837=DIRECTION('',(0.,0.,-1.));
#6838=DIRECTION('',(0.,0.,1.));
#6839=DIRECTION('',(0.,-1.,0.));
#6840=DIRECTION('',(0.,-1.,0.));
#6841=DIRECTION('',(-1.,0.,0.));
#6842=DIRECTION('',(-1.,0.,0.));
#6843=DIRECTION('',(0.,0.,-1.));
#6844=DIRECTION('',(-1.,0.,0.));
#6845=DIRECTION('',(0.,0.,-1.));
#6846=DIRECTION('',(0.,1.,0.));
#6847=DIRECTION('',(0.,0.,1.));
#6848=DIRECTION('',(0.,-1.,0.));
#6849=DIRECTION('',(0.,0.,-1.));
#6850=DIRECTION('',(0.,0.,1.));
#6851=DIRECTION('',(0.,-1.,0.));
#6852=DIRECTION('',(-1.,0.,0.));
#6853=DIRECTION('',(0.,1.,0.));
#6854=DIRECTION('',(0.,1.,0.));
#6855=DIRECTION('',(0.,0.,-1.));
#6856=DIRECTION('',(0.,1.,0.));
#6857=DIRECTION('',(0.,0.,-1.));
#6858=DIRECTION('',(0.,1.,0.));
#6859=DIRECTION('',(0.,0.,1.));
#6860=DIRECTION('',(0.,-1.,0.));
#6861=DIRECTION('',(0.,0.,-1.));
#6862=DIRECTION('',(0.,0.,1.));
#6863=DIRECTION('',(0.,-1.,0.));
#6864=DIRECTION('',(0.,1.,0.));
#6865=DIRECTION('',(1.,0.,0.));
#6866=DIRECTION('',(1.,0.,0.));
#6867=DIRECTION('',(0.,0.,-1.));
#6868=DIRECTION('',(1.,0.,0.));
#6869=DIRECTION('',(0.,0.,-1.));
#6870=DIRECTION('',(0.,1.,0.));
#6871=DIRECTION('',(0.,0.,1.));
#6872=DIRECTION('',(0.,-1.,0.));
#6873=DIRECTION('',(0.,0.,1.));
#6874=DIRECTION('',(0.,-1.,0.));
#6875=DIRECTION('',(1.,0.,0.));
#6876=DIRECTION('',(0.,-1.,0.));
#6877=DIRECTION('',(0.,-1.,0.));
#6878=DIRECTION('',(0.,0.,-1.));
#6879=DIRECTION('',(0.,-1.,0.));
#6880=DIRECTION('',(0.,0.,-1.));
#6881=DIRECTION('',(0.,0.,-1.));
#6882=DIRECTION('',(0.,1.,0.));
#6883=DIRECTION('',(0.,0.,1.));
#6884=DIRECTION('',(0.,-1.,0.));
#6885=DIRECTION('',(0.,0.,-1.));
#6886=DIRECTION('',(0.,0.,1.));
#6887=DIRECTION('',(0.,-1.,0.));
#6888=DIRECTION('',(0.,-1.,0.));
#6889=DIRECTION('',(-1.,0.,0.));
#6890=DIRECTION('',(-1.,0.,0.));
#6891=DIRECTION('',(0.,0.,-1.));
#6892=DIRECTION('',(-1.,0.,0.));
#6893=DIRECTION('',(0.,0.,-1.));
#6894=DIRECTION('',(0.,1.,0.));
#6895=DIRECTION('',(0.,0.,1.));
#6896=DIRECTION('',(0.,-1.,0.));
#6897=DIRECTION('',(0.,0.,-1.));
#6898=DIRECTION('',(0.,0.,1.));
#6899=DIRECTION('',(0.,-1.,0.));
#6900=DIRECTION('',(-1.,0.,0.));
#6901=DIRECTION('',(0.,1.,0.));
#6902=DIRECTION('',(0.,1.,0.));
#6903=DIRECTION('',(0.,0.,-1.));
#6904=DIRECTION('',(0.,1.,0.));
#6905=DIRECTION('',(0.,0.,-1.));
#6906=DIRECTION('',(0.,1.,0.));
#6907=DIRECTION('',(0.,0.,1.));
#6908=DIRECTION('',(0.,-1.,0.));
#6909=DIRECTION('',(0.,0.,-1.));
#6910=DIRECTION('',(0.,0.,1.));
#6911=DIRECTION('',(0.,-1.,0.));
#6912=DIRECTION('',(0.,1.,0.));
#6913=DIRECTION('',(1.,0.,0.));
#6914=DIRECTION('',(1.,0.,0.));
#6915=DIRECTION('',(0.,0.,-1.));
#6916=DIRECTION('',(1.,0.,0.));
#6917=DIRECTION('',(0.,0.,-1.));
#6918=DIRECTION('',(0.,1.,0.));
#6919=DIRECTION('',(0.,0.,1.));
#6920=DIRECTION('',(0.,-1.,0.));
#6921=DIRECTION('',(0.,0.,1.));
#6922=DIRECTION('',(0.,-1.,0.));
#6923=DIRECTION('',(1.,0.,0.));
#6924=DIRECTION('',(0.,-1.,0.));
#6925=DIRECTION('',(0.,-1.,0.));
#6926=DIRECTION('',(0.,0.,-1.));
#6927=DIRECTION('',(0.,-1.,0.));
#6928=DIRECTION('',(0.,0.,-1.));
#6929=DIRECTION('',(0.,0.,-1.));
#6930=DIRECTION('',(0.,1.,0.));
#6931=DIRECTION('',(0.,0.,1.));
#6932=DIRECTION('',(0.,-1.,0.));
#6933=DIRECTION('',(0.,0.,-1.));
#6934=DIRECTION('',(0.,0.,1.));
#6935=DIRECTION('',(0.,-1.,0.));
#6936=DIRECTION('',(0.,-1.,0.));
#6937=DIRECTION('',(-1.,0.,0.));
#6938=DIRECTION('',(-1.,0.,0.));
#6939=DIRECTION('',(0.,0.,-1.));
#6940=DIRECTION('',(-1.,0.,0.));
#6941=DIRECTION('',(0.,0.,-1.));
#6942=DIRECTION('',(0.,1.,0.));
#6943=DIRECTION('',(0.,0.,1.));
#6944=DIRECTION('',(0.,-1.,0.));
#6945=DIRECTION('',(0.,0.,-1.));
#6946=DIRECTION('',(0.,0.,1.));
#6947=DIRECTION('',(0.,-1.,0.));
#6948=DIRECTION('',(-1.,0.,0.));
#6949=DIRECTION('',(0.,1.,0.));
#6950=DIRECTION('',(0.,1.,0.));
#6951=DIRECTION('',(0.,0.,-1.));
#6952=DIRECTION('',(0.,1.,0.));
#6953=DIRECTION('',(0.,0.,-1.));
#6954=DIRECTION('',(0.,1.,0.));
#6955=DIRECTION('',(0.,0.,1.));
#6956=DIRECTION('',(0.,-1.,0.));
#6957=DIRECTION('',(0.,0.,-1.));
#6958=DIRECTION('',(0.,0.,1.));
#6959=DIRECTION('',(0.,-1.,0.));
#6960=DIRECTION('',(0.,1.,0.));
#6961=DIRECTION('',(1.,0.,0.));
#6962=DIRECTION('',(1.,0.,0.));
#6963=DIRECTION('',(0.,0.,-1.));
#6964=DIRECTION('',(1.,0.,0.));
#6965=DIRECTION('',(0.,0.,-1.));
#6966=DIRECTION('',(0.,1.,0.));
#6967=DIRECTION('',(0.,0.,1.));
#6968=DIRECTION('',(0.,-1.,0.));
#6969=DIRECTION('',(0.,0.,1.));
#6970=DIRECTION('',(0.,-1.,0.));
#6971=DIRECTION('',(1.,0.,0.));
#6972=DIRECTION('',(0.,-1.,0.));
#6973=DIRECTION('',(0.,-1.,0.));
#6974=DIRECTION('',(0.,0.,-1.));
#6975=DIRECTION('',(0.,-1.,0.));
#6976=DIRECTION('',(0.,0.,-1.));
#6977=DIRECTION('',(0.,0.,-1.));
#6978=DIRECTION('',(0.,1.,0.));
#6979=DIRECTION('',(0.,0.,1.));
#6980=DIRECTION('',(0.,-1.,0.));
#6981=DIRECTION('',(0.,0.,-1.));
#6982=DIRECTION('',(0.,0.,1.));
#6983=DIRECTION('',(0.,-1.,0.));
#6984=DIRECTION('',(0.,-1.,0.));
#6985=DIRECTION('',(-1.,0.,0.));
#6986=DIRECTION('',(-1.,0.,0.));
#6987=DIRECTION('',(0.,0.,-1.));
#6988=DIRECTION('',(-1.,0.,0.));
#6989=DIRECTION('',(0.,0.,-1.));
#6990=DIRECTION('',(0.,1.,0.));
#6991=DIRECTION('',(0.,0.,1.));
#6992=DIRECTION('',(0.,-1.,0.));
#6993=DIRECTION('',(0.,0.,-1.));
#6994=DIRECTION('',(0.,0.,1.));
#6995=DIRECTION('',(0.,-1.,0.));
#6996=DIRECTION('',(-1.,0.,0.));
#6997=DIRECTION('',(0.,1.,0.));
#6998=DIRECTION('',(0.,1.,0.));
#6999=DIRECTION('',(0.,0.,-1.));
#7000=DIRECTION('',(0.,1.,0.));
#7001=DIRECTION('',(0.,0.,-1.));
#7002=DIRECTION('',(0.,1.,0.));
#7003=DIRECTION('',(0.,0.,1.));
#7004=DIRECTION('',(0.,-1.,0.));
#7005=DIRECTION('',(0.,0.,-1.));
#7006=DIRECTION('',(0.,0.,1.));
#7007=DIRECTION('',(0.,-1.,0.));
#7008=DIRECTION('',(0.,1.,0.));
#7009=DIRECTION('',(1.,0.,0.));
#7010=DIRECTION('',(1.,0.,0.));
#7011=DIRECTION('',(0.,0.,-1.));
#7012=DIRECTION('',(1.,0.,0.));
#7013=DIRECTION('',(0.,0.,-1.));
#7014=DIRECTION('',(0.,1.,0.));
#7015=DIRECTION('',(0.,0.,1.));
#7016=DIRECTION('',(0.,-1.,0.));
#7017=DIRECTION('',(0.,0.,1.));
#7018=DIRECTION('',(0.,-1.,0.));
#7019=DIRECTION('',(1.,0.,0.));
#7020=DIRECTION('',(0.,-1.,0.));
#7021=DIRECTION('',(0.,-1.,0.));
#7022=DIRECTION('',(0.,0.,-1.));
#7023=DIRECTION('',(0.,-1.,0.));
#7024=DIRECTION('',(0.,0.,-1.));
#7025=DIRECTION('',(0.,0.,-1.));
#7026=DIRECTION('',(0.,1.,0.));
#7027=DIRECTION('',(0.,0.,1.));
#7028=DIRECTION('',(0.,-1.,0.));
#7029=DIRECTION('',(0.,0.,-1.));
#7030=DIRECTION('',(0.,0.,1.));
#7031=DIRECTION('',(0.,-1.,0.));
#7032=DIRECTION('',(0.,-1.,0.));
#7033=DIRECTION('',(-1.,0.,0.));
#7034=DIRECTION('',(-1.,0.,0.));
#7035=DIRECTION('',(0.,0.,-1.));
#7036=DIRECTION('',(-1.,0.,0.));
#7037=DIRECTION('',(0.,0.,-1.));
#7038=DIRECTION('',(0.,1.,0.));
#7039=DIRECTION('',(0.,0.,1.));
#7040=DIRECTION('',(0.,-1.,0.));
#7041=DIRECTION('',(0.,0.,-1.));
#7042=DIRECTION('',(0.,0.,1.));
#7043=DIRECTION('',(0.,-1.,0.));
#7044=DIRECTION('',(-1.,0.,0.));
#7045=DIRECTION('',(0.,1.,0.));
#7046=DIRECTION('',(0.,1.,0.));
#7047=DIRECTION('',(0.,0.,-1.));
#7048=DIRECTION('',(0.,1.,0.));
#7049=DIRECTION('',(0.,0.,-1.));
#7050=DIRECTION('',(0.,1.,0.));
#7051=DIRECTION('',(0.,0.,1.));
#7052=DIRECTION('',(0.,-1.,0.));
#7053=DIRECTION('',(0.,0.,-1.));
#7054=DIRECTION('',(0.,0.,1.));
#7055=DIRECTION('',(0.,-1.,0.));
#7056=DIRECTION('',(0.,1.,0.));
#7057=DIRECTION('',(1.,0.,0.));
#7058=DIRECTION('',(1.,0.,0.));
#7059=DIRECTION('',(0.,0.,-1.));
#7060=DIRECTION('',(1.,0.,0.));
#7061=DIRECTION('',(0.,0.,-1.));
#7062=DIRECTION('',(0.,1.,0.));
#7063=DIRECTION('',(0.,0.,1.));
#7064=DIRECTION('',(0.,-1.,0.));
#7065=DIRECTION('',(0.,0.,1.));
#7066=DIRECTION('',(0.,-1.,0.));
#7067=DIRECTION('',(1.,0.,0.));
#7068=DIRECTION('',(0.,-1.,0.));
#7069=DIRECTION('',(0.,-1.,0.));
#7070=DIRECTION('',(0.,0.,-1.));
#7071=DIRECTION('',(0.,-1.,0.));
#7072=DIRECTION('',(0.,0.,-1.));
#7073=DIRECTION('',(0.,0.,-1.));
#7074=DIRECTION('',(0.,1.,0.));
#7075=DIRECTION('',(0.,0.,1.));
#7076=DIRECTION('',(0.,-1.,0.));
#7077=DIRECTION('',(0.,0.,-1.));
#7078=DIRECTION('',(0.,0.,1.));
#7079=DIRECTION('',(0.,-1.,0.));
#7080=DIRECTION('',(0.,-1.,0.));
#7081=DIRECTION('',(-1.,0.,0.));
#7082=DIRECTION('',(-1.,0.,0.));
#7083=DIRECTION('',(0.,0.,-1.));
#7084=DIRECTION('',(-1.,0.,0.));
#7085=DIRECTION('',(0.,0.,-1.));
#7086=DIRECTION('',(0.,1.,0.));
#7087=DIRECTION('',(0.,0.,1.));
#7088=DIRECTION('',(0.,-1.,0.));
#7089=DIRECTION('',(0.,0.,-1.));
#7090=DIRECTION('',(0.,0.,1.));
#7091=DIRECTION('',(0.,-1.,0.));
#7092=DIRECTION('',(-1.,0.,0.));
#7093=DIRECTION('',(0.,1.,0.));
#7094=DIRECTION('',(0.,1.,0.));
#7095=DIRECTION('',(0.,0.,-1.));
#7096=DIRECTION('',(0.,1.,0.));
#7097=DIRECTION('',(0.,0.,-1.));
#7098=DIRECTION('',(0.,1.,0.));
#7099=DIRECTION('',(0.,0.,1.));
#7100=DIRECTION('',(0.,-1.,0.));
#7101=DIRECTION('',(0.,0.,-1.));
#7102=DIRECTION('',(0.,0.,1.));
#7103=DIRECTION('',(0.,-1.,0.));
#7104=DIRECTION('',(0.,1.,0.));
#7105=DIRECTION('',(1.,0.,0.));
#7106=DIRECTION('',(1.,0.,0.));
#7107=DIRECTION('',(0.,0.,-1.));
#7108=DIRECTION('',(1.,0.,0.));
#7109=DIRECTION('',(0.,0.,-1.));
#7110=DIRECTION('',(0.,1.,0.));
#7111=DIRECTION('',(0.,0.,1.));
#7112=DIRECTION('',(0.,-1.,0.));
#7113=DIRECTION('',(0.,0.,1.));
#7114=DIRECTION('',(0.,-1.,0.));
#7115=DIRECTION('',(1.,0.,0.));
#7116=DIRECTION('',(0.,-1.,0.));
#7117=DIRECTION('',(0.,-1.,0.));
#7118=DIRECTION('',(0.,0.,-1.));
#7119=DIRECTION('',(0.,-1.,0.));
#7120=DIRECTION('',(0.,0.,-1.));
#7121=DIRECTION('',(0.,0.,-1.));
#7122=DIRECTION('',(0.,1.,0.));
#7123=DIRECTION('',(0.,0.,1.));
#7124=DIRECTION('',(0.,-1.,0.));
#7125=DIRECTION('',(0.,0.,-1.));
#7126=DIRECTION('',(0.,0.,1.));
#7127=DIRECTION('',(0.,-1.,0.));
#7128=DIRECTION('',(0.,-1.,0.));
#7129=DIRECTION('',(-1.,0.,0.));
#7130=DIRECTION('',(-1.,0.,0.));
#7131=DIRECTION('',(0.,0.,-1.));
#7132=DIRECTION('',(-1.,0.,0.));
#7133=DIRECTION('',(0.,0.,-1.));
#7134=DIRECTION('',(0.,1.,0.));
#7135=DIRECTION('',(0.,0.,1.));
#7136=DIRECTION('',(0.,-1.,0.));
#7137=DIRECTION('',(0.,0.,-1.));
#7138=DIRECTION('',(0.,0.,1.));
#7139=DIRECTION('',(0.,-1.,0.));
#7140=DIRECTION('',(-1.,0.,0.));
#7141=DIRECTION('',(0.,1.,0.));
#7142=DIRECTION('',(0.,1.,0.));
#7143=DIRECTION('',(0.,0.,-1.));
#7144=DIRECTION('',(0.,1.,0.));
#7145=DIRECTION('',(0.,0.,-1.));
#7146=DIRECTION('',(0.,1.,0.));
#7147=DIRECTION('',(0.,0.,1.));
#7148=DIRECTION('',(0.,-1.,0.));
#7149=DIRECTION('',(0.,0.,-1.));
#7150=DIRECTION('',(0.,0.,1.));
#7151=DIRECTION('',(0.,-1.,0.));
#7152=DIRECTION('',(0.,1.,0.));
#7153=DIRECTION('',(1.,0.,0.));
#7154=DIRECTION('',(1.,0.,0.));
#7155=DIRECTION('',(0.,0.,-1.));
#7156=DIRECTION('',(1.,0.,0.));
#7157=DIRECTION('',(0.,0.,-1.));
#7158=DIRECTION('',(0.,1.,0.));
#7159=DIRECTION('',(0.,0.,1.));
#7160=DIRECTION('',(0.,-1.,0.));
#7161=DIRECTION('',(0.,0.,1.));
#7162=DIRECTION('',(0.,-1.,0.));
#7163=DIRECTION('',(1.,0.,0.));
#7164=DIRECTION('',(0.,-1.,0.));
#7165=DIRECTION('',(0.,-1.,0.));
#7166=DIRECTION('',(0.,0.,-1.));
#7167=DIRECTION('',(0.,-1.,0.));
#7168=DIRECTION('',(0.,0.,-1.));
#7169=DIRECTION('',(0.,0.,-1.));
#7170=DIRECTION('',(0.,1.,0.));
#7171=DIRECTION('',(0.,0.,1.));
#7172=DIRECTION('',(0.,-1.,0.));
#7173=DIRECTION('',(0.,0.,-1.));
#7174=DIRECTION('',(0.,0.,1.));
#7175=DIRECTION('',(0.,-1.,0.));
#7176=DIRECTION('',(0.,-1.,0.));
#7177=DIRECTION('',(-1.,0.,0.));
#7178=DIRECTION('',(-1.,0.,0.));
#7179=DIRECTION('',(0.,0.,-1.));
#7180=DIRECTION('',(-1.,0.,0.));
#7181=DIRECTION('',(0.,0.,-1.));
#7182=DIRECTION('',(0.,1.,0.));
#7183=DIRECTION('',(0.,0.,1.));
#7184=DIRECTION('',(0.,-1.,0.));
#7185=DIRECTION('',(0.,0.,-1.));
#7186=DIRECTION('',(0.,0.,1.));
#7187=DIRECTION('',(0.,-1.,0.));
#7188=DIRECTION('',(-1.,0.,0.));
#7189=DIRECTION('',(0.,1.,0.));
#7190=DIRECTION('',(0.,1.,0.));
#7191=DIRECTION('',(0.,0.,-1.));
#7192=DIRECTION('',(0.,1.,0.));
#7193=DIRECTION('',(0.,0.,-1.));
#7194=DIRECTION('',(0.,1.,0.));
#7195=DIRECTION('',(0.,0.,1.));
#7196=DIRECTION('',(0.,-1.,0.));
#7197=DIRECTION('',(0.,0.,-1.));
#7198=DIRECTION('',(0.,0.,1.));
#7199=DIRECTION('',(0.,-1.,0.));
#7200=DIRECTION('',(0.,1.,0.));
#7201=DIRECTION('',(1.,0.,0.));
#7202=DIRECTION('',(1.,0.,0.));
#7203=DIRECTION('',(0.,0.,-1.));
#7204=DIRECTION('',(1.,0.,0.));
#7205=DIRECTION('',(0.,0.,-1.));
#7206=DIRECTION('',(0.,1.,0.));
#7207=DIRECTION('',(0.,0.,1.));
#7208=DIRECTION('',(0.,-1.,0.));
#7209=DIRECTION('',(0.,0.,1.));
#7210=DIRECTION('',(0.,-1.,0.));
#7211=DIRECTION('',(0.,0.,-1.));
#7212=DIRECTION('',(0.,1.,0.));
#7213=DIRECTION('',(0.,0.,1.));
#7214=DIRECTION('',(0.,-1.,0.));
#7215=DIRECTION('',(0.,0.,-1.));
#7216=DIRECTION('',(0.,0.,1.));
#7217=DIRECTION('',(0.,-1.,0.));
#7218=DIRECTION('',(0.,0.,-1.));
#7219=DIRECTION('',(1.,0.,0.));
#7220=DIRECTION('',(0.,-1.,0.));
#7221=DIRECTION('',(0.,0.,-1.));
#7222=DIRECTION('',(0.,-1.,0.));
#7223=DIRECTION('',(0.,-1.,0.));
#7224=DIRECTION('',(0.,1.,0.));
#7225=DIRECTION('',(1.,0.,0.));
#7226=DIRECTION('',(1.,0.,0.));
#7227=DIRECTION('',(0.,0.,-1.));
#7228=DIRECTION('',(-1.,0.,0.));
#7229=DIRECTION('',(0.,0.,-1.));
#7230=DIRECTION('',(0.,1.,0.));
#7231=DIRECTION('',(0.,0.,1.));
#7232=DIRECTION('',(0.,-1.,0.));
#7233=DIRECTION('',(0.,0.,-1.));
#7234=DIRECTION('',(0.,1.,0.));
#7235=DIRECTION('',(0.,0.,-1.));
#7236=DIRECTION('',(0.,-1.,0.));
#7237=DIRECTION('',(-1.,0.,0.));
#7238=DIRECTION('',(1.,0.,0.));
#7239=DIRECTION('',(-1.,0.,0.));
#7240=DIRECTION('',(0.,0.,-1.));
#7241=DIRECTION('',(0.,0.,-1.));
#7242=DIRECTION('',(0.,1.,0.));
#7243=DIRECTION('',(0.,0.,1.));
#7244=DIRECTION('',(0.,-1.,0.));
#7245=DIRECTION('',(0.,0.,-1.));
#7246=DIRECTION('',(0.,1.,0.));
#7247=DIRECTION('',(0.,0.,-1.));
#7248=DIRECTION('',(1.,0.,0.));
#7249=DIRECTION('',(0.,-1.,0.));
#7250=DIRECTION('',(0.,-1.,0.));
#7251=DIRECTION('',(0.,0.,-1.));
#7252=DIRECTION('',(0.,1.,0.));
#7253=DIRECTION('',(0.,0.,-1.));
#7254=DIRECTION('',(0.,1.,0.));
#7255=DIRECTION('',(0.,0.,1.));
#7256=DIRECTION('',(0.,-1.,0.));
#7257=DIRECTION('',(0.,0.,-1.));
#7258=DIRECTION('',(0.,1.,0.));
#7259=DIRECTION('',(0.,0.,-1.));
#7260=DIRECTION('',(0.,-1.,0.));
#7261=DIRECTION('',(-1.,0.,0.));
#7262=DIRECTION('',(-1.,0.,0.));
#7263=DIRECTION('',(0.,0.,-1.));
#7264=DIRECTION('',(1.,0.,0.));
#7265=DIRECTION('',(0.,0.,-1.));
#7266=DIRECTION('',(0.,1.,0.));
#7267=DIRECTION('',(0.,0.,1.));
#7268=DIRECTION('',(0.,-1.,0.));
#7269=DIRECTION('',(0.,0.,-1.));
#7270=DIRECTION('',(0.,1.,0.));
#7271=DIRECTION('',(0.,0.,-1.));
#7272=DIRECTION('',(0.,1.,0.));
#7273=DIRECTION('',(1.,0.,0.));
#7274=DIRECTION('',(-1.,0.,0.));
#7275=DIRECTION('',(1.,0.,0.));
#7276=DIRECTION('',(0.,0.,-1.));
#7277=DIRECTION('',(1.,0.,0.));
#7278=DIRECTION('',(0.,-1.,0.));
#7279=DIRECTION('',(0.,-1.,0.));
#7280=DIRECTION('',(0.,-1.,0.));
#7281=DIRECTION('',(0.,0.,-1.));
#7282=DIRECTION('',(0.,0.,-1.));
#7283=DIRECTION('',(0.,1.,0.));
#7284=DIRECTION('',(0.,0.,1.));
#7285=DIRECTION('',(0.,-1.,0.));
#7286=DIRECTION('',(0.,0.,-1.));
#7287=DIRECTION('',(0.,0.,1.));
#7288=DIRECTION('',(0.,-1.,0.));
#7289=DIRECTION('',(0.,0.,-1.));
#7290=DIRECTION('',(0.,1.,0.));
#7291=DIRECTION('',(0.,0.,1.));
#7292=DIRECTION('',(0.,-1.,0.));
#7293=DIRECTION('',(0.,0.,-1.));
#7294=DIRECTION('',(0.,0.,1.));
#7295=DIRECTION('',(0.,-1.,0.));
#7296=DIRECTION('',(0.,0.,-1.));
#7297=DIRECTION('',(-1.,0.,0.));
#7298=DIRECTION('',(0.,1.,0.));
#7299=DIRECTION('',(0.,1.,0.));
#7300=DIRECTION('',(0.,0.,-1.));
#7301=DIRECTION('',(0.,1.,0.));
#7302=DIRECTION('',(0.,0.,-1.));
#7303=DIRECTION('',(0.,1.,0.));
#7304=DIRECTION('',(0.,0.,1.));
#7305=DIRECTION('',(0.,-1.,0.));
#7306=DIRECTION('',(0.,0.,-1.));
#7307=DIRECTION('',(0.,0.,1.));
#7308=DIRECTION('',(0.,-1.,0.));
#7309=DIRECTION('',(0.,0.,-1.));
#7310=DIRECTION('',(0.,1.,0.));
#7311=DIRECTION('',(0.,0.,1.));
#7312=DIRECTION('',(0.,-1.,0.));
#7313=DIRECTION('',(0.,0.,-1.));
#7314=DIRECTION('',(0.,0.,1.));
#7315=DIRECTION('',(0.,-1.,0.));
#7316=DIRECTION('',(0.,0.,-1.));
#7317=DIRECTION('',(-1.,0.,0.));
#7318=DIRECTION('',(0.,1.,0.));
#7319=DIRECTION('',(0.,1.,0.));
#7320=DIRECTION('',(0.,0.,-1.));
#7321=DIRECTION('',(0.,1.,0.));
#7322=DIRECTION('',(0.,0.,-1.));
#7323=DIRECTION('',(0.,1.,0.));
#7324=DIRECTION('',(0.,0.,1.));
#7325=DIRECTION('',(0.,-1.,0.));
#7326=DIRECTION('',(0.,0.,-1.));
#7327=DIRECTION('',(0.,0.,1.));
#7328=DIRECTION('',(0.,-1.,0.));
#7329=DIRECTION('',(0.,0.,-1.));
#7330=DIRECTION('',(0.,1.,0.));
#7331=DIRECTION('',(0.,0.,1.));
#7332=DIRECTION('',(0.,-1.,0.));
#7333=DIRECTION('',(0.,0.,-1.));
#7334=DIRECTION('',(0.,0.,1.));
#7335=DIRECTION('',(0.,-1.,0.));
#7336=DIRECTION('',(0.,0.,-1.));
#7337=DIRECTION('',(-1.,0.,0.));
#7338=DIRECTION('',(0.,1.,0.));
#7339=DIRECTION('',(0.,1.,0.));
#7340=DIRECTION('',(0.,0.,-1.));
#7341=DIRECTION('',(0.,1.,0.));
#7342=DIRECTION('',(0.,0.,-1.));
#7343=DIRECTION('',(0.,1.,0.));
#7344=DIRECTION('',(0.,0.,1.));
#7345=DIRECTION('',(0.,-1.,0.));
#7346=DIRECTION('',(0.,0.,-1.));
#7347=DIRECTION('',(0.,0.,1.));
#7348=DIRECTION('',(0.,-1.,0.));
#7349=DIRECTION('',(1.,0.,0.));
#7350=DIRECTION('',(0.,-1.,0.));
#7351=DIRECTION('',(0.,-1.,0.));
#7352=DIRECTION('',(0.,0.,-1.));
#7353=DIRECTION('',(0.,-1.,0.));
#7354=DIRECTION('',(0.,0.,-1.));
#7355=DIRECTION('',(0.,0.,-1.));
#7356=DIRECTION('',(0.,1.,0.));
#7357=DIRECTION('',(0.,0.,1.));
#7358=DIRECTION('',(0.,-1.,0.));
#7359=DIRECTION('',(0.,0.,-1.));
#7360=DIRECTION('',(0.,0.,1.));
#7361=DIRECTION('',(0.,-1.,0.));
#7362=DIRECTION('',(0.,-1.,0.));
#7363=DIRECTION('',(-1.,0.,0.));
#7364=DIRECTION('',(-1.,0.,0.));
#7365=DIRECTION('',(0.,0.,-1.));
#7366=DIRECTION('',(-1.,0.,0.));
#7367=DIRECTION('',(0.,0.,-1.));
#7368=DIRECTION('',(0.,1.,0.));
#7369=DIRECTION('',(0.,0.,1.));
#7370=DIRECTION('',(0.,-1.,0.));
#7371=DIRECTION('',(0.,0.,-1.));
#7372=DIRECTION('',(0.,0.,1.));
#7373=DIRECTION('',(0.,-1.,0.));
#7374=DIRECTION('',(-1.,0.,0.));
#7375=DIRECTION('',(0.,1.,0.));
#7376=DIRECTION('',(0.,1.,0.));
#7377=DIRECTION('',(0.,0.,-1.));
#7378=DIRECTION('',(0.,1.,0.));
#7379=DIRECTION('',(0.,0.,-1.));
#7380=DIRECTION('',(0.,1.,0.));
#7381=DIRECTION('',(0.,0.,1.));
#7382=DIRECTION('',(0.,-1.,0.));
#7383=DIRECTION('',(0.,0.,-1.));
#7384=DIRECTION('',(0.,0.,1.));
#7385=DIRECTION('',(0.,-1.,0.));
#7386=DIRECTION('',(0.,1.,0.));
#7387=DIRECTION('',(1.,0.,0.));
#7388=DIRECTION('',(1.,0.,0.));
#7389=DIRECTION('',(0.,0.,-1.));
#7390=DIRECTION('',(1.,0.,0.));
#7391=DIRECTION('',(0.,0.,-1.));
#7392=DIRECTION('',(0.,1.,0.));
#7393=DIRECTION('',(0.,0.,1.));
#7394=DIRECTION('',(0.,-1.,0.));
#7395=DIRECTION('',(0.,0.,1.));
#7396=DIRECTION('',(0.,-1.,0.));
#7397=DIRECTION('',(1.,0.,0.));
#7398=DIRECTION('',(0.,-1.,0.));
#7399=DIRECTION('',(0.,-1.,0.));
#7400=DIRECTION('',(0.,0.,-1.));
#7401=DIRECTION('',(0.,-1.,0.));
#7402=DIRECTION('',(0.,0.,-1.));
#7403=DIRECTION('',(0.,0.,-1.));
#7404=DIRECTION('',(0.,1.,0.));
#7405=DIRECTION('',(0.,0.,1.));
#7406=DIRECTION('',(0.,-1.,0.));
#7407=DIRECTION('',(0.,0.,-1.));
#7408=DIRECTION('',(0.,0.,1.));
#7409=DIRECTION('',(0.,-1.,0.));
#7410=DIRECTION('',(0.,-1.,0.));
#7411=DIRECTION('',(-1.,0.,0.));
#7412=DIRECTION('',(-1.,0.,0.));
#7413=DIRECTION('',(0.,0.,-1.));
#7414=DIRECTION('',(-1.,0.,0.));
#7415=DIRECTION('',(0.,0.,-1.));
#7416=DIRECTION('',(0.,1.,0.));
#7417=DIRECTION('',(0.,0.,1.));
#7418=DIRECTION('',(0.,-1.,0.));
#7419=DIRECTION('',(0.,0.,-1.));
#7420=DIRECTION('',(0.,0.,1.));
#7421=DIRECTION('',(0.,-1.,0.));
#7422=DIRECTION('',(-1.,0.,0.));
#7423=DIRECTION('',(0.,1.,0.));
#7424=DIRECTION('',(0.,1.,0.));
#7425=DIRECTION('',(0.,0.,-1.));
#7426=DIRECTION('',(0.,1.,0.));
#7427=DIRECTION('',(0.,0.,-1.));
#7428=DIRECTION('',(0.,1.,0.));
#7429=DIRECTION('',(0.,0.,1.));
#7430=DIRECTION('',(0.,-1.,0.));
#7431=DIRECTION('',(0.,0.,-1.));
#7432=DIRECTION('',(0.,0.,1.));
#7433=DIRECTION('',(0.,-1.,0.));
#7434=DIRECTION('',(0.,1.,0.));
#7435=DIRECTION('',(1.,0.,0.));
#7436=DIRECTION('',(1.,0.,0.));
#7437=DIRECTION('',(0.,0.,-1.));
#7438=DIRECTION('',(1.,0.,0.));
#7439=DIRECTION('',(0.,0.,-1.));
#7440=DIRECTION('',(0.,1.,0.));
#7441=DIRECTION('',(0.,0.,1.));
#7442=DIRECTION('',(0.,-1.,0.));
#7443=DIRECTION('',(0.,0.,1.));
#7444=DIRECTION('',(0.,-1.,0.));
#7445=DIRECTION('',(1.,0.,0.));
#7446=DIRECTION('',(0.,-1.,0.));
#7447=DIRECTION('',(0.,-1.,0.));
#7448=DIRECTION('',(0.,0.,-1.));
#7449=DIRECTION('',(0.,-1.,0.));
#7450=DIRECTION('',(0.,0.,-1.));
#7451=DIRECTION('',(0.,0.,-1.));
#7452=DIRECTION('',(0.,1.,0.));
#7453=DIRECTION('',(0.,0.,1.));
#7454=DIRECTION('',(0.,-1.,0.));
#7455=DIRECTION('',(0.,0.,-1.));
#7456=DIRECTION('',(0.,0.,1.));
#7457=DIRECTION('',(0.,-1.,0.));
#7458=DIRECTION('',(0.,-1.,0.));
#7459=DIRECTION('',(-1.,0.,0.));
#7460=DIRECTION('',(-1.,0.,0.));
#7461=DIRECTION('',(0.,0.,-1.));
#7462=DIRECTION('',(-1.,0.,0.));
#7463=DIRECTION('',(0.,0.,-1.));
#7464=DIRECTION('',(0.,1.,0.));
#7465=DIRECTION('',(0.,0.,1.));
#7466=DIRECTION('',(0.,-1.,0.));
#7467=DIRECTION('',(0.,0.,-1.));
#7468=DIRECTION('',(0.,0.,1.));
#7469=DIRECTION('',(0.,-1.,0.));
#7470=DIRECTION('',(-1.,0.,0.));
#7471=DIRECTION('',(0.,1.,0.));
#7472=DIRECTION('',(0.,1.,0.));
#7473=DIRECTION('',(0.,0.,-1.));
#7474=DIRECTION('',(0.,1.,0.));
#7475=DIRECTION('',(0.,0.,-1.));
#7476=DIRECTION('',(0.,1.,0.));
#7477=DIRECTION('',(0.,0.,1.));
#7478=DIRECTION('',(0.,-1.,0.));
#7479=DIRECTION('',(0.,0.,-1.));
#7480=DIRECTION('',(0.,0.,1.));
#7481=DIRECTION('',(0.,-1.,0.));
#7482=DIRECTION('',(0.,1.,0.));
#7483=DIRECTION('',(1.,0.,0.));
#7484=DIRECTION('',(1.,0.,0.));
#7485=DIRECTION('',(0.,0.,-1.));
#7486=DIRECTION('',(1.,0.,0.));
#7487=DIRECTION('',(0.,0.,-1.));
#7488=DIRECTION('',(0.,1.,0.));
#7489=DIRECTION('',(0.,0.,1.));
#7490=DIRECTION('',(0.,-1.,0.));
#7491=DIRECTION('',(0.,0.,1.));
#7492=DIRECTION('',(0.,-1.,0.));
#7493=DIRECTION('',(1.,0.,0.));
#7494=DIRECTION('',(0.,-1.,0.));
#7495=DIRECTION('',(0.,-1.,0.));
#7496=DIRECTION('',(0.,0.,-1.));
#7497=DIRECTION('',(0.,-1.,0.));
#7498=DIRECTION('',(0.,0.,-1.));
#7499=DIRECTION('',(0.,0.,-1.));
#7500=DIRECTION('',(0.,1.,0.));
#7501=DIRECTION('',(0.,0.,1.));
#7502=DIRECTION('',(0.,-1.,0.));
#7503=DIRECTION('',(0.,0.,-1.));
#7504=DIRECTION('',(0.,0.,1.));
#7505=DIRECTION('',(0.,-1.,0.));
#7506=DIRECTION('',(0.,-1.,0.));
#7507=DIRECTION('',(-1.,0.,0.));
#7508=DIRECTION('',(-1.,0.,0.));
#7509=DIRECTION('',(0.,0.,-1.));
#7510=DIRECTION('',(-1.,0.,0.));
#7511=DIRECTION('',(0.,0.,-1.));
#7512=DIRECTION('',(0.,1.,0.));
#7513=DIRECTION('',(0.,0.,1.));
#7514=DIRECTION('',(0.,-1.,0.));
#7515=DIRECTION('',(0.,0.,-1.));
#7516=DIRECTION('',(0.,0.,1.));
#7517=DIRECTION('',(0.,-1.,0.));
#7518=DIRECTION('',(-1.,0.,0.));
#7519=DIRECTION('',(0.,1.,0.));
#7520=DIRECTION('',(0.,1.,0.));
#7521=DIRECTION('',(0.,0.,-1.));
#7522=DIRECTION('',(0.,1.,0.));
#7523=DIRECTION('',(0.,0.,-1.));
#7524=DIRECTION('',(0.,1.,0.));
#7525=DIRECTION('',(0.,0.,1.));
#7526=DIRECTION('',(0.,-1.,0.));
#7527=DIRECTION('',(0.,0.,-1.));
#7528=DIRECTION('',(0.,0.,1.));
#7529=DIRECTION('',(0.,-1.,0.));
#7530=DIRECTION('',(0.,1.,0.));
#7531=DIRECTION('',(1.,0.,0.));
#7532=DIRECTION('',(1.,0.,0.));
#7533=DIRECTION('',(0.,0.,-1.));
#7534=DIRECTION('',(1.,0.,0.));
#7535=DIRECTION('',(0.,0.,-1.));
#7536=DIRECTION('',(0.,1.,0.));
#7537=DIRECTION('',(0.,0.,1.));
#7538=DIRECTION('',(0.,-1.,0.));
#7539=DIRECTION('',(0.,0.,1.));
#7540=DIRECTION('',(0.,-1.,0.));
#7541=DIRECTION('',(1.,0.,0.));
#7542=DIRECTION('',(0.,-1.,0.));
#7543=DIRECTION('',(0.,-1.,0.));
#7544=DIRECTION('',(0.,0.,-1.));
#7545=DIRECTION('',(0.,-1.,0.));
#7546=DIRECTION('',(0.,0.,-1.));
#7547=DIRECTION('',(0.,0.,-1.));
#7548=DIRECTION('',(0.,1.,0.));
#7549=DIRECTION('',(0.,0.,1.));
#7550=DIRECTION('',(0.,-1.,0.));
#7551=DIRECTION('',(0.,0.,-1.));
#7552=DIRECTION('',(0.,0.,1.));
#7553=DIRECTION('',(0.,-1.,0.));
#7554=DIRECTION('',(0.,-1.,0.));
#7555=DIRECTION('',(-1.,0.,0.));
#7556=DIRECTION('',(-1.,0.,0.));
#7557=DIRECTION('',(0.,0.,-1.));
#7558=DIRECTION('',(-1.,0.,0.));
#7559=DIRECTION('',(0.,0.,-1.));
#7560=DIRECTION('',(0.,1.,0.));
#7561=DIRECTION('',(0.,0.,1.));
#7562=DIRECTION('',(0.,-1.,0.));
#7563=DIRECTION('',(0.,0.,-1.));
#7564=DIRECTION('',(0.,0.,1.));
#7565=DIRECTION('',(0.,-1.,0.));
#7566=DIRECTION('',(-1.,0.,0.));
#7567=DIRECTION('',(0.,1.,0.));
#7568=DIRECTION('',(0.,1.,0.));
#7569=DIRECTION('',(0.,0.,-1.));
#7570=DIRECTION('',(0.,1.,0.));
#7571=DIRECTION('',(0.,0.,-1.));
#7572=DIRECTION('',(0.,1.,0.));
#7573=DIRECTION('',(0.,0.,1.));
#7574=DIRECTION('',(0.,-1.,0.));
#7575=DIRECTION('',(0.,0.,-1.));
#7576=DIRECTION('',(0.,0.,1.));
#7577=DIRECTION('',(0.,-1.,0.));
#7578=DIRECTION('',(0.,1.,0.));
#7579=DIRECTION('',(1.,0.,0.));
#7580=DIRECTION('',(1.,0.,0.));
#7581=DIRECTION('',(0.,0.,-1.));
#7582=DIRECTION('',(1.,0.,0.));
#7583=DIRECTION('',(0.,0.,-1.));
#7584=DIRECTION('',(0.,1.,0.));
#7585=DIRECTION('',(0.,0.,1.));
#7586=DIRECTION('',(0.,-1.,0.));
#7587=DIRECTION('',(0.,0.,1.));
#7588=DIRECTION('',(0.,-1.,0.));
#7589=DIRECTION('',(1.,0.,0.));
#7590=DIRECTION('',(0.,-1.,0.));
#7591=DIRECTION('',(0.,-1.,0.));
#7592=DIRECTION('',(0.,0.,-1.));
#7593=DIRECTION('',(0.,-1.,0.));
#7594=DIRECTION('',(0.,0.,-1.));
#7595=DIRECTION('',(0.,0.,-1.));
#7596=DIRECTION('',(0.,1.,0.));
#7597=DIRECTION('',(0.,0.,1.));
#7598=DIRECTION('',(0.,-1.,0.));
#7599=DIRECTION('',(0.,0.,-1.));
#7600=DIRECTION('',(0.,0.,1.));
#7601=DIRECTION('',(0.,-1.,0.));
#7602=DIRECTION('',(0.,-1.,0.));
#7603=DIRECTION('',(-1.,0.,0.));
#7604=DIRECTION('',(-1.,0.,0.));
#7605=DIRECTION('',(0.,0.,-1.));
#7606=DIRECTION('',(-1.,0.,0.));
#7607=DIRECTION('',(0.,0.,-1.));
#7608=DIRECTION('',(0.,1.,0.));
#7609=DIRECTION('',(0.,0.,1.));
#7610=DIRECTION('',(0.,-1.,0.));
#7611=DIRECTION('',(0.,0.,-1.));
#7612=DIRECTION('',(0.,0.,1.));
#7613=DIRECTION('',(0.,-1.,0.));
#7614=DIRECTION('',(-1.,0.,0.));
#7615=DIRECTION('',(0.,1.,0.));
#7616=DIRECTION('',(0.,1.,0.));
#7617=DIRECTION('',(0.,0.,-1.));
#7618=DIRECTION('',(0.,1.,0.));
#7619=DIRECTION('',(0.,0.,-1.));
#7620=DIRECTION('',(0.,1.,0.));
#7621=DIRECTION('',(0.,0.,1.));
#7622=DIRECTION('',(0.,-1.,0.));
#7623=DIRECTION('',(0.,0.,-1.));
#7624=DIRECTION('',(0.,0.,1.));
#7625=DIRECTION('',(0.,-1.,0.));
#7626=DIRECTION('',(0.,1.,0.));
#7627=DIRECTION('',(1.,0.,0.));
#7628=DIRECTION('',(1.,0.,0.));
#7629=DIRECTION('',(0.,0.,-1.));
#7630=DIRECTION('',(1.,0.,0.));
#7631=DIRECTION('',(0.,0.,-1.));
#7632=DIRECTION('',(0.,1.,0.));
#7633=DIRECTION('',(0.,0.,1.));
#7634=DIRECTION('',(0.,-1.,0.));
#7635=DIRECTION('',(0.,0.,1.));
#7636=DIRECTION('',(0.,-1.,0.));
#7637=DIRECTION('',(1.,0.,0.));
#7638=DIRECTION('',(0.,-1.,0.));
#7639=DIRECTION('',(0.,-1.,0.));
#7640=DIRECTION('',(0.,0.,-1.));
#7641=DIRECTION('',(0.,-1.,0.));
#7642=DIRECTION('',(0.,0.,-1.));
#7643=DIRECTION('',(0.,0.,-1.));
#7644=DIRECTION('',(0.,1.,0.));
#7645=DIRECTION('',(0.,0.,1.));
#7646=DIRECTION('',(0.,-1.,0.));
#7647=DIRECTION('',(0.,0.,-1.));
#7648=DIRECTION('',(0.,0.,1.));
#7649=DIRECTION('',(0.,-1.,0.));
#7650=DIRECTION('',(0.,-1.,0.));
#7651=DIRECTION('',(-1.,0.,0.));
#7652=DIRECTION('',(-1.,0.,0.));
#7653=DIRECTION('',(0.,0.,-1.));
#7654=DIRECTION('',(-1.,0.,0.));
#7655=DIRECTION('',(0.,0.,-1.));
#7656=DIRECTION('',(0.,1.,0.));
#7657=DIRECTION('',(0.,0.,1.));
#7658=DIRECTION('',(0.,-1.,0.));
#7659=DIRECTION('',(0.,0.,-1.));
#7660=DIRECTION('',(0.,0.,1.));
#7661=DIRECTION('',(0.,-1.,0.));
#7662=DIRECTION('',(-1.,0.,0.));
#7663=DIRECTION('',(0.,1.,0.));
#7664=DIRECTION('',(0.,1.,0.));
#7665=DIRECTION('',(0.,0.,-1.));
#7666=DIRECTION('',(0.,1.,0.));
#7667=DIRECTION('',(0.,0.,-1.));
#7668=DIRECTION('',(0.,1.,0.));
#7669=DIRECTION('',(0.,0.,1.));
#7670=DIRECTION('',(0.,-1.,0.));
#7671=DIRECTION('',(0.,0.,-1.));
#7672=DIRECTION('',(0.,0.,1.));
#7673=DIRECTION('',(0.,-1.,0.));
#7674=DIRECTION('',(0.,1.,0.));
#7675=DIRECTION('',(1.,0.,0.));
#7676=DIRECTION('',(1.,0.,0.));
#7677=DIRECTION('',(0.,0.,-1.));
#7678=DIRECTION('',(1.,0.,0.));
#7679=DIRECTION('',(0.,0.,-1.));
#7680=DIRECTION('',(0.,1.,0.));
#7681=DIRECTION('',(0.,0.,1.));
#7682=DIRECTION('',(0.,-1.,0.));
#7683=DIRECTION('',(0.,0.,1.));
#7684=DIRECTION('',(0.,-1.,0.));
#7685=DIRECTION('',(1.,0.,0.));
#7686=DIRECTION('',(0.,-1.,0.));
#7687=DIRECTION('',(0.,-1.,0.));
#7688=DIRECTION('',(0.,0.,-1.));
#7689=DIRECTION('',(0.,-1.,0.));
#7690=DIRECTION('',(0.,0.,-1.));
#7691=DIRECTION('',(0.,0.,-1.));
#7692=DIRECTION('',(0.,1.,0.));
#7693=DIRECTION('',(0.,0.,1.));
#7694=DIRECTION('',(0.,-1.,0.));
#7695=DIRECTION('',(0.,0.,-1.));
#7696=DIRECTION('',(0.,0.,1.));
#7697=DIRECTION('',(0.,-1.,0.));
#7698=DIRECTION('',(0.,-1.,0.));
#7699=DIRECTION('',(-1.,0.,0.));
#7700=DIRECTION('',(-1.,0.,0.));
#7701=DIRECTION('',(0.,0.,-1.));
#7702=DIRECTION('',(-1.,0.,0.));
#7703=DIRECTION('',(0.,0.,-1.));
#7704=DIRECTION('',(0.,1.,0.));
#7705=DIRECTION('',(0.,0.,1.));
#7706=DIRECTION('',(0.,-1.,0.));
#7707=DIRECTION('',(0.,0.,-1.));
#7708=DIRECTION('',(0.,0.,1.));
#7709=DIRECTION('',(0.,-1.,0.));
#7710=DIRECTION('',(-1.,0.,0.));
#7711=DIRECTION('',(0.,1.,0.));
#7712=DIRECTION('',(0.,1.,0.));
#7713=DIRECTION('',(0.,0.,-1.));
#7714=DIRECTION('',(0.,1.,0.));
#7715=DIRECTION('',(0.,0.,-1.));
#7716=DIRECTION('',(0.,1.,0.));
#7717=DIRECTION('',(0.,0.,1.));
#7718=DIRECTION('',(0.,-1.,0.));
#7719=DIRECTION('',(0.,0.,-1.));
#7720=DIRECTION('',(0.,0.,1.));
#7721=DIRECTION('',(0.,-1.,0.));
#7722=DIRECTION('',(0.,1.,0.));
#7723=DIRECTION('',(1.,0.,0.));
#7724=DIRECTION('',(1.,0.,0.));
#7725=DIRECTION('',(0.,0.,-1.));
#7726=DIRECTION('',(1.,0.,0.));
#7727=DIRECTION('',(0.,0.,-1.));
#7728=DIRECTION('',(0.,1.,0.));
#7729=DIRECTION('',(0.,0.,1.));
#7730=DIRECTION('',(0.,-1.,0.));
#7731=DIRECTION('',(0.,0.,1.));
#7732=DIRECTION('',(0.,-1.,0.));
#7733=DIRECTION('',(1.,0.,0.));
#7734=DIRECTION('',(0.,-1.,0.));
#7735=DIRECTION('',(0.,-1.,0.));
#7736=DIRECTION('',(0.,0.,-1.));
#7737=DIRECTION('',(0.,-1.,0.));
#7738=DIRECTION('',(0.,0.,-1.));
#7739=DIRECTION('',(0.,0.,-1.));
#7740=DIRECTION('',(0.,1.,0.));
#7741=DIRECTION('',(0.,0.,1.));
#7742=DIRECTION('',(0.,-1.,0.));
#7743=DIRECTION('',(0.,0.,-1.));
#7744=DIRECTION('',(0.,0.,1.));
#7745=DIRECTION('',(0.,-1.,0.));
#7746=DIRECTION('',(0.,-1.,0.));
#7747=DIRECTION('',(-1.,0.,0.));
#7748=DIRECTION('',(-1.,0.,0.));
#7749=DIRECTION('',(0.,0.,-1.));
#7750=DIRECTION('',(-1.,0.,0.));
#7751=DIRECTION('',(0.,0.,-1.));
#7752=DIRECTION('',(0.,1.,0.));
#7753=DIRECTION('',(0.,0.,1.));
#7754=DIRECTION('',(0.,-1.,0.));
#7755=DIRECTION('',(0.,0.,-1.));
#7756=DIRECTION('',(0.,0.,1.));
#7757=DIRECTION('',(0.,-1.,0.));
#7758=DIRECTION('',(-1.,0.,0.));
#7759=DIRECTION('',(0.,1.,0.));
#7760=DIRECTION('',(0.,1.,0.));
#7761=DIRECTION('',(0.,0.,-1.));
#7762=DIRECTION('',(0.,1.,0.));
#7763=DIRECTION('',(0.,0.,-1.));
#7764=DIRECTION('',(0.,1.,0.));
#7765=DIRECTION('',(0.,0.,1.));
#7766=DIRECTION('',(0.,-1.,0.));
#7767=DIRECTION('',(0.,0.,-1.));
#7768=DIRECTION('',(0.,0.,1.));
#7769=DIRECTION('',(0.,-1.,0.));
#7770=DIRECTION('',(0.,1.,0.));
#7771=DIRECTION('',(1.,0.,0.));
#7772=DIRECTION('',(1.,0.,0.));
#7773=DIRECTION('',(0.,0.,-1.));
#7774=DIRECTION('',(1.,0.,0.));
#7775=DIRECTION('',(0.,0.,-1.));
#7776=DIRECTION('',(0.,1.,0.));
#7777=DIRECTION('',(0.,0.,1.));
#7778=DIRECTION('',(0.,-1.,0.));
#7779=DIRECTION('',(0.,0.,1.));
#7780=DIRECTION('',(0.,-1.,0.));
#7781=DIRECTION('',(1.,0.,0.));
#7782=DIRECTION('',(0.,-1.,0.));
#7783=DIRECTION('',(0.,-1.,0.));
#7784=DIRECTION('',(0.,0.,-1.));
#7785=DIRECTION('',(0.,-1.,0.));
#7786=DIRECTION('',(0.,0.,-1.));
#7787=DIRECTION('',(0.,0.,-1.));
#7788=DIRECTION('',(0.,1.,0.));
#7789=DIRECTION('',(0.,0.,1.));
#7790=DIRECTION('',(0.,-1.,0.));
#7791=DIRECTION('',(0.,0.,-1.));
#7792=DIRECTION('',(0.,0.,1.));
#7793=DIRECTION('',(0.,-1.,0.));
#7794=DIRECTION('',(0.,-1.,0.));
#7795=DIRECTION('',(-1.,0.,0.));
#7796=DIRECTION('',(-1.,0.,0.));
#7797=DIRECTION('',(0.,0.,-1.));
#7798=DIRECTION('',(-1.,0.,0.));
#7799=DIRECTION('',(0.,0.,-1.));
#7800=DIRECTION('',(0.,1.,0.));
#7801=DIRECTION('',(0.,0.,1.));
#7802=DIRECTION('',(0.,-1.,0.));
#7803=DIRECTION('',(0.,0.,-1.));
#7804=DIRECTION('',(0.,0.,1.));
#7805=DIRECTION('',(0.,-1.,0.));
#7806=DIRECTION('',(-1.,0.,0.));
#7807=DIRECTION('',(0.,1.,0.));
#7808=DIRECTION('',(0.,1.,0.));
#7809=DIRECTION('',(0.,0.,-1.));
#7810=DIRECTION('',(0.,1.,0.));
#7811=DIRECTION('',(0.,0.,-1.));
#7812=DIRECTION('',(0.,1.,0.));
#7813=DIRECTION('',(0.,0.,1.));
#7814=DIRECTION('',(0.,-1.,0.));
#7815=DIRECTION('',(0.,0.,-1.));
#7816=DIRECTION('',(0.,0.,1.));
#7817=DIRECTION('',(0.,-1.,0.));
#7818=DIRECTION('',(0.,1.,0.));
#7819=DIRECTION('',(1.,0.,0.));
#7820=DIRECTION('',(1.,0.,0.));
#7821=DIRECTION('',(0.,0.,-1.));
#7822=DIRECTION('',(1.,0.,0.));
#7823=DIRECTION('',(0.,0.,-1.));
#7824=DIRECTION('',(0.,1.,0.));
#7825=DIRECTION('',(0.,0.,1.));
#7826=DIRECTION('',(0.,-1.,0.));
#7827=DIRECTION('',(0.,0.,1.));
#7828=DIRECTION('',(0.,-1.,0.));
#7829=DIRECTION('',(1.,0.,0.));
#7830=DIRECTION('',(0.,-1.,0.));
#7831=DIRECTION('',(0.,-1.,0.));
#7832=DIRECTION('',(0.,0.,-1.));
#7833=DIRECTION('',(0.,-1.,0.));
#7834=DIRECTION('',(0.,0.,-1.));
#7835=DIRECTION('',(0.,0.,-1.));
#7836=DIRECTION('',(0.,1.,0.));
#7837=DIRECTION('',(0.,0.,1.));
#7838=DIRECTION('',(0.,-1.,0.));
#7839=DIRECTION('',(0.,0.,-1.));
#7840=DIRECTION('',(0.,0.,1.));
#7841=DIRECTION('',(0.,-1.,0.));
#7842=DIRECTION('',(0.,-1.,0.));
#7843=DIRECTION('',(-1.,0.,0.));
#7844=DIRECTION('',(-1.,0.,0.));
#7845=DIRECTION('',(0.,0.,-1.));
#7846=DIRECTION('',(-1.,0.,0.));
#7847=DIRECTION('',(0.,0.,-1.));
#7848=DIRECTION('',(0.,1.,0.));
#7849=DIRECTION('',(0.,0.,1.));
#7850=DIRECTION('',(0.,-1.,0.));
#7851=DIRECTION('',(0.,0.,-1.));
#7852=DIRECTION('',(0.,0.,1.));
#7853=DIRECTION('',(0.,-1.,0.));
#7854=DIRECTION('',(-1.,0.,0.));
#7855=DIRECTION('',(0.,1.,0.));
#7856=DIRECTION('',(0.,1.,0.));
#7857=DIRECTION('',(0.,0.,-1.));
#7858=DIRECTION('',(0.,1.,0.));
#7859=DIRECTION('',(0.,0.,-1.));
#7860=DIRECTION('',(0.,1.,0.));
#7861=DIRECTION('',(0.,0.,1.));
#7862=DIRECTION('',(0.,-1.,0.));
#7863=DIRECTION('',(0.,0.,-1.));
#7864=DIRECTION('',(0.,0.,1.));
#7865=DIRECTION('',(0.,-1.,0.));
#7866=DIRECTION('',(0.,1.,0.));
#7867=DIRECTION('',(1.,0.,0.));
#7868=DIRECTION('',(1.,0.,0.));
#7869=DIRECTION('',(0.,0.,-1.));
#7870=DIRECTION('',(1.,0.,0.));
#7871=DIRECTION('',(0.,0.,-1.));
#7872=DIRECTION('',(0.,1.,0.));
#7873=DIRECTION('',(0.,0.,1.));
#7874=DIRECTION('',(0.,-1.,0.));
#7875=DIRECTION('',(0.,0.,1.));
#7876=DIRECTION('',(0.,-1.,0.));
#7877=DIRECTION('',(1.,0.,0.));
#7878=DIRECTION('',(0.,-1.,0.));
#7879=DIRECTION('',(0.,-1.,0.));
#7880=DIRECTION('',(0.,0.,-1.));
#7881=DIRECTION('',(0.,-1.,0.));
#7882=DIRECTION('',(0.,0.,-1.));
#7883=DIRECTION('',(0.,0.,-1.));
#7884=DIRECTION('',(0.,1.,0.));
#7885=DIRECTION('',(0.,0.,1.));
#7886=DIRECTION('',(0.,-1.,0.));
#7887=DIRECTION('',(0.,0.,-1.));
#7888=DIRECTION('',(0.,0.,1.));
#7889=DIRECTION('',(0.,-1.,0.));
#7890=DIRECTION('',(0.,-1.,0.));
#7891=DIRECTION('',(-1.,0.,0.));
#7892=DIRECTION('',(-1.,0.,0.));
#7893=DIRECTION('',(0.,0.,-1.));
#7894=DIRECTION('',(-1.,0.,0.));
#7895=DIRECTION('',(0.,0.,-1.));
#7896=DIRECTION('',(0.,1.,0.));
#7897=DIRECTION('',(0.,0.,1.));
#7898=DIRECTION('',(0.,-1.,0.));
#7899=DIRECTION('',(0.,0.,-1.));
#7900=DIRECTION('',(0.,0.,1.));
#7901=DIRECTION('',(0.,-1.,0.));
#7902=DIRECTION('',(-1.,0.,0.));
#7903=DIRECTION('',(0.,1.,0.));
#7904=DIRECTION('',(0.,1.,0.));
#7905=DIRECTION('',(0.,0.,-1.));
#7906=DIRECTION('',(0.,1.,0.));
#7907=DIRECTION('',(0.,0.,-1.));
#7908=DIRECTION('',(0.,1.,0.));
#7909=DIRECTION('',(0.,0.,1.));
#7910=DIRECTION('',(0.,-1.,0.));
#7911=DIRECTION('',(0.,0.,-1.));
#7912=DIRECTION('',(0.,0.,1.));
#7913=DIRECTION('',(0.,-1.,0.));
#7914=DIRECTION('',(0.,1.,0.));
#7915=DIRECTION('',(1.,0.,0.));
#7916=DIRECTION('',(1.,0.,0.));
#7917=DIRECTION('',(0.,0.,-1.));
#7918=DIRECTION('',(1.,0.,0.));
#7919=DIRECTION('',(0.,0.,-1.));
#7920=DIRECTION('',(0.,1.,0.));
#7921=DIRECTION('',(0.,0.,1.));
#7922=DIRECTION('',(0.,-1.,0.));
#7923=DIRECTION('',(0.,0.,1.));
#7924=DIRECTION('',(0.,-1.,0.));
#7925=DIRECTION('',(1.,0.,0.));
#7926=DIRECTION('',(0.,-1.,0.));
#7927=DIRECTION('',(0.,-1.,0.));
#7928=DIRECTION('',(0.,0.,-1.));
#7929=DIRECTION('',(0.,-1.,0.));
#7930=DIRECTION('',(0.,0.,-1.));
#7931=DIRECTION('',(0.,0.,-1.));
#7932=DIRECTION('',(0.,1.,0.));
#7933=DIRECTION('',(0.,0.,1.));
#7934=DIRECTION('',(0.,-1.,0.));
#7935=DIRECTION('',(0.,0.,-1.));
#7936=DIRECTION('',(0.,0.,1.));
#7937=DIRECTION('',(0.,-1.,0.));
#7938=DIRECTION('',(0.,-1.,0.));
#7939=DIRECTION('',(-1.,0.,0.));
#7940=DIRECTION('',(-1.,0.,0.));
#7941=DIRECTION('',(0.,0.,-1.));
#7942=DIRECTION('',(-1.,0.,0.));
#7943=DIRECTION('',(0.,0.,-1.));
#7944=DIRECTION('',(0.,1.,0.));
#7945=DIRECTION('',(0.,0.,1.));
#7946=DIRECTION('',(0.,-1.,0.));
#7947=DIRECTION('',(0.,0.,-1.));
#7948=DIRECTION('',(0.,0.,1.));
#7949=DIRECTION('',(0.,-1.,0.));
#7950=DIRECTION('',(-1.,0.,0.));
#7951=DIRECTION('',(0.,1.,0.));
#7952=DIRECTION('',(0.,1.,0.));
#7953=DIRECTION('',(0.,0.,-1.));
#7954=DIRECTION('',(0.,1.,0.));
#7955=DIRECTION('',(0.,0.,-1.));
#7956=DIRECTION('',(0.,1.,0.));
#7957=DIRECTION('',(0.,0.,1.));
#7958=DIRECTION('',(0.,-1.,0.));
#7959=DIRECTION('',(0.,0.,-1.));
#7960=DIRECTION('',(0.,0.,1.));
#7961=DIRECTION('',(0.,-1.,0.));
#7962=DIRECTION('',(0.,1.,0.));
#7963=DIRECTION('',(1.,0.,0.));
#7964=DIRECTION('',(1.,0.,0.));
#7965=DIRECTION('',(0.,0.,-1.));
#7966=DIRECTION('',(1.,0.,0.));
#7967=DIRECTION('',(0.,0.,-1.));
#7968=DIRECTION('',(0.,1.,0.));
#7969=DIRECTION('',(0.,0.,1.));
#7970=DIRECTION('',(0.,-1.,0.));
#7971=DIRECTION('',(0.,0.,1.));
#7972=DIRECTION('',(0.,-1.,0.));
#7973=DIRECTION('',(1.,0.,0.));
#7974=DIRECTION('',(0.,-1.,0.));
#7975=DIRECTION('',(0.,-1.,0.));
#7976=DIRECTION('',(0.,0.,-1.));
#7977=DIRECTION('',(0.,-1.,0.));
#7978=DIRECTION('',(0.,0.,-1.));
#7979=DIRECTION('',(0.,0.,-1.));
#7980=DIRECTION('',(0.,1.,0.));
#7981=DIRECTION('',(0.,0.,1.));
#7982=DIRECTION('',(0.,-1.,0.));
#7983=DIRECTION('',(0.,0.,-1.));
#7984=DIRECTION('',(0.,0.,1.));
#7985=DIRECTION('',(0.,-1.,0.));
#7986=DIRECTION('',(0.,-1.,0.));
#7987=DIRECTION('',(-1.,0.,0.));
#7988=DIRECTION('',(-1.,0.,0.));
#7989=DIRECTION('',(0.,0.,-1.));
#7990=DIRECTION('',(-1.,0.,0.));
#7991=DIRECTION('',(0.,0.,-1.));
#7992=DIRECTION('',(0.,1.,0.));
#7993=DIRECTION('',(0.,0.,1.));
#7994=DIRECTION('',(0.,-1.,0.));
#7995=DIRECTION('',(0.,0.,-1.));
#7996=DIRECTION('',(0.,0.,1.));
#7997=DIRECTION('',(0.,-1.,0.));
#7998=DIRECTION('',(-1.,0.,0.));
#7999=DIRECTION('',(0.,1.,0.));
#8000=DIRECTION('',(0.,1.,0.));
#8001=DIRECTION('',(0.,0.,-1.));
#8002=DIRECTION('',(0.,1.,0.));
#8003=DIRECTION('',(0.,0.,-1.));
#8004=DIRECTION('',(0.,1.,0.));
#8005=DIRECTION('',(0.,0.,1.));
#8006=DIRECTION('',(0.,-1.,0.));
#8007=DIRECTION('',(0.,0.,-1.));
#8008=DIRECTION('',(0.,0.,1.));
#8009=DIRECTION('',(0.,-1.,0.));
#8010=DIRECTION('',(0.,1.,0.));
#8011=DIRECTION('',(1.,0.,0.));
#8012=DIRECTION('',(1.,0.,0.));
#8013=DIRECTION('',(0.,0.,-1.));
#8014=DIRECTION('',(1.,0.,0.));
#8015=DIRECTION('',(0.,0.,-1.));
#8016=DIRECTION('',(0.,1.,0.));
#8017=DIRECTION('',(0.,0.,1.));
#8018=DIRECTION('',(0.,-1.,0.));
#8019=DIRECTION('',(0.,0.,1.));
#8020=DIRECTION('',(0.,-1.,0.));
#8021=DIRECTION('',(1.,0.,0.));
#8022=DIRECTION('',(0.,-1.,0.));
#8023=DIRECTION('',(0.,-1.,0.));
#8024=DIRECTION('',(0.,0.,-1.));
#8025=DIRECTION('',(0.,-1.,0.));
#8026=DIRECTION('',(0.,0.,-1.));
#8027=DIRECTION('',(0.,0.,-1.));
#8028=DIRECTION('',(0.,1.,0.));
#8029=DIRECTION('',(0.,0.,1.));
#8030=DIRECTION('',(0.,-1.,0.));
#8031=DIRECTION('',(0.,0.,-1.));
#8032=DIRECTION('',(0.,0.,1.));
#8033=DIRECTION('',(0.,-1.,0.));
#8034=DIRECTION('',(0.,-1.,0.));
#8035=DIRECTION('',(-1.,0.,0.));
#8036=DIRECTION('',(-1.,0.,0.));
#8037=DIRECTION('',(0.,0.,-1.));
#8038=DIRECTION('',(-1.,0.,0.));
#8039=DIRECTION('',(0.,0.,-1.));
#8040=DIRECTION('',(0.,1.,0.));
#8041=DIRECTION('',(0.,0.,1.));
#8042=DIRECTION('',(0.,-1.,0.));
#8043=DIRECTION('',(0.,0.,-1.));
#8044=DIRECTION('',(0.,0.,1.));
#8045=DIRECTION('',(0.,-1.,0.));
#8046=DIRECTION('',(-1.,0.,0.));
#8047=DIRECTION('',(0.,1.,0.));
#8048=DIRECTION('',(0.,1.,0.));
#8049=DIRECTION('',(0.,0.,-1.));
#8050=DIRECTION('',(0.,1.,0.));
#8051=DIRECTION('',(0.,0.,-1.));
#8052=DIRECTION('',(0.,1.,0.));
#8053=DIRECTION('',(0.,0.,1.));
#8054=DIRECTION('',(0.,-1.,0.));
#8055=DIRECTION('',(0.,0.,-1.));
#8056=DIRECTION('',(0.,0.,1.));
#8057=DIRECTION('',(0.,-1.,0.));
#8058=DIRECTION('',(0.,1.,0.));
#8059=DIRECTION('',(1.,0.,0.));
#8060=DIRECTION('',(1.,0.,0.));
#8061=DIRECTION('',(0.,0.,-1.));
#8062=DIRECTION('',(1.,0.,0.));
#8063=DIRECTION('',(0.,0.,-1.));
#8064=DIRECTION('',(0.,1.,0.));
#8065=DIRECTION('',(0.,0.,1.));
#8066=DIRECTION('',(0.,-1.,0.));
#8067=DIRECTION('',(0.,0.,1.));
#8068=DIRECTION('',(0.,-1.,0.));
#8069=DIRECTION('',(0.,0.,1.));
#8070=DIRECTION('',(1.,0.,0.));
#8071=DIRECTION('',(1.,1.51179305480872E-16,0.));
#8072=DIRECTION('',(0.,-1.,0.));
#8073=DIRECTION('',(1.,0.,0.));
#8074=DIRECTION('',(0.,1.,0.));
#8075=DIRECTION('',(1.,0.,0.));
#8076=DIRECTION('',(-1.,0.,0.));
#8077=DIRECTION('',(0.,1.,0.));
#8078=DIRECTION('',(1.,0.,0.));
#8079=DIRECTION('',(-1.,0.,0.));
#8080=DIRECTION('',(0.,1.,0.));
#8081=DIRECTION('',(1.,0.,0.));
#8082=DIRECTION('',(-1.,0.,0.));
#8083=DIRECTION('',(0.,1.,0.));
#8084=DIRECTION('',(1.,0.,0.));
#8085=DIRECTION('',(0.,1.,0.));
#8086=DIRECTION('',(1.,0.,0.));
#8087=DIRECTION('',(0.,0.,1.));
#8088=DIRECTION('',(1.,0.,0.));
#8089=DIRECTION('',(0.,1.,0.));
#8090=DIRECTION('',(1.,1.51179305480872E-16,0.));
#8091=DIRECTION('',(1.,0.,0.));
#8092=DIRECTION('',(0.,1.,0.));
#8093=DIRECTION('',(-1.,0.,0.));
#8094=DIRECTION('',(1.,0.,0.));
#8095=DIRECTION('',(0.,1.,0.));
#8096=DIRECTION('',(-1.,0.,0.));
#8097=DIRECTION('',(1.,0.,0.));
#8098=DIRECTION('',(0.,1.,0.));
#8099=DIRECTION('',(-1.,0.,0.));
#8100=DIRECTION('',(1.,0.,0.));
#8101=DIRECTION('',(0.,1.,0.));
#8102=DIRECTION('',(1.,0.,0.));
#8103=DIRECTION('',(0.,0.,-1.));
#8104=DIRECTION('',(0.,1.,0.));
#8105=DIRECTION('',(1.,0.,0.));
#8106=DIRECTION('',(0.,0.,-1.));
#8107=DIRECTION('',(0.,1.,0.));
#8108=DIRECTION('',(1.,0.,0.));
#8109=DIRECTION('',(0.,0.,-1.));
#8110=DIRECTION('',(0.,-1.,0.));
#8111=DIRECTION('',(-1.,0.,0.));
#8112=DIRECTION('',(0.,0.,1.));
#8113=DIRECTION('',(0.,-1.,0.));
#8114=DIRECTION('',(-1.,0.,0.));
#8115=DIRECTION('',(0.,0.,1.));
#8116=DIRECTION('',(0.,-1.,0.));
#8117=DIRECTION('',(-1.,0.,0.));
#8118=DIRECTION('',(0.,0.,1.));
#8119=DIRECTION('',(0.,1.,0.));
#8120=DIRECTION('',(1.,0.,0.));
#8121=DIRECTION('',(0.,0.,-1.));
#8122=DIRECTION('',(0.,0.,-1.));
#8123=DIRECTION('',(1.,0.,0.));
#8124=DIRECTION('',(-1.51179305480872E-16,1.,0.));
#8125=DIRECTION('',(1.,1.51179305480872E-16,0.));
#8126=DIRECTION('',(0.,0.,-1.));
#8127=DIRECTION('',(1.,0.,0.));
#8128=DIRECTION('',(0.,0.,-1.));
#8129=DIRECTION('',(1.,0.,0.));
#8130=DIRECTION('',(0.,0.,-1.));
#8131=DIRECTION('',(0.,-1.,0.));
#8132=DIRECTION('',(0.,0.,-1.));
#8133=DIRECTION('',(1.,0.,0.));
#8134=DIRECTION('',(0.,0.,-1.));
#8135=DIRECTION('',(1.,0.,0.));
#8136=DIRECTION('',(0.,0.,-1.));
#8137=DIRECTION('',(1.,0.,0.));
#8138=DIRECTION('',(0.,0.,-1.));
#8139=DIRECTION('',(0.,0.,-1.));
#8140=DIRECTION('',(0.,-1.,0.));
#8141=DIRECTION('',(0.,0.,1.));
#8142=DIRECTION('',(0.,-1.,0.));
#8143=DIRECTION('',(1.,0.,0.));
#8144=DIRECTION('',(0.,-1.,0.));
#8145=DIRECTION('',(0.,-1.,0.));
#8146=DIRECTION('',(-1.,0.,0.));
#8147=DIRECTION('',(0.,0.,-1.));
#8148=DIRECTION('',(-1.,0.,0.));
#8149=DIRECTION('',(0.,0.,1.));
#8150=DIRECTION('',(0.,-1.,0.));
#8151=DIRECTION('',(-1.,0.,0.));
#8152=DIRECTION('',(1.,0.,0.));
#8153=DIRECTION('',(0.,0.,-1.));
#8154=DIRECTION('',(0.,0.,1.));
#8155=DIRECTION('',(0.,-1.,0.));
#8156=DIRECTION('',(0.,-1.,0.));
#8157=DIRECTION('',(-1.,0.,0.));
#8158=DIRECTION('',(0.,0.,1.));
#8159=CARTESIAN_POINT('',(0.,0.,0.));
#8160=CARTESIAN_POINT('',(0.167375,-0.0620375,0.00823));
#8161=CARTESIAN_POINT('',(0.167375,-0.0620375,0.00823));
#8162=CARTESIAN_POINT('',(0.167375,-0.0641875,0.00823));
#8163=CARTESIAN_POINT('',(0.167375,-0.0620375,0.00423));
#8164=CARTESIAN_POINT('',(0.167375,-0.0641875,0.00423));
#8165=CARTESIAN_POINT('',(0.167375,0.057025,0.00823));
#8166=CARTESIAN_POINT('',(0.167375,0.057025,0.00823));
#8167=CARTESIAN_POINT('',(0.167375,0.054875,0.00823));
#8168=CARTESIAN_POINT('',(0.167375,0.057025,0.00423));
#8169=CARTESIAN_POINT('',(0.167375,0.054875,0.00423));
#8170=CARTESIAN_POINT('',(0.18165,0.06891875,0.00823));
#8171=CARTESIAN_POINT('',(0.18165,0.06891875,0.00823));
#8172=CARTESIAN_POINT('',(0.18165,0.06716875,0.00823));
#8173=CARTESIAN_POINT('',(0.18165,0.06891875,0.00423));
#8174=CARTESIAN_POINT('',(0.18165,0.06716875,0.00423));
#8175=CARTESIAN_POINT('',(0.18165,-0.07393125,0.00823));
#8176=CARTESIAN_POINT('',(0.18165,-0.07393125,0.00823));
#8177=CARTESIAN_POINT('',(0.18165,-0.07568125,0.00823));
#8178=CARTESIAN_POINT('',(0.18165,-0.07393125,0.00423));
#8179=CARTESIAN_POINT('',(0.18165,-0.07568125,0.00423));
#8180=CARTESIAN_POINT('',(0.06165,-0.07393125,0.00823));
#8181=CARTESIAN_POINT('',(0.06165,-0.07393125,0.00823));
#8182=CARTESIAN_POINT('',(0.06165,-0.07568125,0.00823));
#8183=CARTESIAN_POINT('',(0.06165,-0.07393125,0.00423));
#8184=CARTESIAN_POINT('',(0.06165,-0.07568125,0.00423));
#8185=CARTESIAN_POINT('',(0.06165,0.06891875,0.00823));
#8186=CARTESIAN_POINT('',(0.06165,0.06891875,0.00823));
#8187=CARTESIAN_POINT('',(0.06165,0.06716875,0.00823));
#8188=CARTESIAN_POINT('',(0.06165,0.06891875,0.00423));
#8189=CARTESIAN_POINT('',(0.06165,0.06716875,0.00423));
#8190=CARTESIAN_POINT('',(0.0558254999357668,-0.05415,0.00823));
#8191=CARTESIAN_POINT('',(0.0558254999357668,-0.05415,0.00423));
#8192=CARTESIAN_POINT('',(0.0558254999357668,-0.04715,0.00423));
#8193=CARTESIAN_POINT('',(0.0558254999357668,-0.06115,0.00423));
#8194=CARTESIAN_POINT('',(0.0558254999357668,-0.04715,0.00823));
#8195=CARTESIAN_POINT('',(0.0558254999357668,-0.04715,0.00823));
#8196=CARTESIAN_POINT('',(0.0558254999357668,-0.05415,0.00823));
#8197=CARTESIAN_POINT('',(0.0558254999357668,-0.06115,0.00823));
#8198=CARTESIAN_POINT('',(0.0558254999357668,-0.06115,0.00823));
#8199=CARTESIAN_POINT('',(0.0563254999036502,-0.0471499999678834,0.00823));
#8200=CARTESIAN_POINT('',(0.0563254999036502,-0.0471499999678834,0.00423));
#8201=CARTESIAN_POINT('',(0.0563254999357668,-0.04665,0.00423));
#8202=CARTESIAN_POINT('',(0.0563254999357668,-0.04665,0.00823));
#8203=CARTESIAN_POINT('',(0.0563254999357668,-0.04665,0.00823));
#8204=CARTESIAN_POINT('',(0.0563254999036502,-0.0471499999678834,0.00823));
#8205=CARTESIAN_POINT('',(0.0593254999357668,-0.04665,0.00823));
#8206=CARTESIAN_POINT('',(0.0593254999357668,-0.04665,0.00423));
#8207=CARTESIAN_POINT('',(0.0623254999357668,-0.04665,0.00423));
#8208=CARTESIAN_POINT('',(0.0623254999357668,-0.04665,0.00823));
#8209=CARTESIAN_POINT('',(0.0623254999357668,-0.04665,0.00823));
#8210=CARTESIAN_POINT('',(0.0593254999357668,-0.04665,0.00823));
#8211=CARTESIAN_POINT('',(0.0623254999678834,-0.0471499999678835,0.00823));
#8212=CARTESIAN_POINT('',(0.0623254999678834,-0.0471499999678835,0.00423));
#8213=CARTESIAN_POINT('',(0.0628254999357668,-0.04715,0.00423));
#8214=CARTESIAN_POINT('',(0.0628254999357668,-0.04715,0.00823));
#8215=CARTESIAN_POINT('',(0.0628254999357668,-0.04715,0.00823));
#8216=CARTESIAN_POINT('',(0.0623254999678834,-0.0471499999678835,0.00823));
#8217=CARTESIAN_POINT('',(0.0628254999357668,-0.05415,0.00823));
#8218=CARTESIAN_POINT('',(0.0628254999357668,-0.05415,0.00423));
#8219=CARTESIAN_POINT('',(0.0628254999357668,-0.06115,0.00423));
#8220=CARTESIAN_POINT('',(0.0628254999357668,-0.06115,0.00823));
#8221=CARTESIAN_POINT('',(0.0628254999357668,-0.06115,0.00823));
#8222=CARTESIAN_POINT('',(0.0628254999357668,-0.05415,0.00823));
#8223=CARTESIAN_POINT('',(0.0623254999678834,-0.0611500000321166,0.00823));
#8224=CARTESIAN_POINT('',(0.0623254999678834,-0.0611500000321166,0.00423));
#8225=CARTESIAN_POINT('',(0.0623254999357668,-0.06165,0.00423));
#8226=CARTESIAN_POINT('',(0.0623254999357668,-0.06165,0.00823));
#8227=CARTESIAN_POINT('',(0.0623254999357668,-0.06165,0.00823));
#8228=CARTESIAN_POINT('',(0.0623254999678834,-0.0611500000321166,0.00823));
#8229=CARTESIAN_POINT('',(0.0593254999357668,-0.06165,0.00823));
#8230=CARTESIAN_POINT('',(0.0593254999357668,-0.06165,0.00423));
#8231=CARTESIAN_POINT('',(0.0563254999357668,-0.06165,0.00423));
#8232=CARTESIAN_POINT('',(0.0563254999357668,-0.06165,0.00823));
#8233=CARTESIAN_POINT('',(0.0563254999357668,-0.06165,0.00823));
#8234=CARTESIAN_POINT('',(0.0593254999357668,-0.06165,0.00823));
#8235=CARTESIAN_POINT('',(0.0563254999036503,-0.0611500000321166,0.00823));
#8236=CARTESIAN_POINT('',(0.0563254999036503,-0.0611500000321166,0.00423));
#8237=CARTESIAN_POINT('',(0.0563254999036503,-0.0611500000321166,0.00823));
#8238=CARTESIAN_POINT('',(0.0319494999357668,-0.05415,0.00823));
#8239=CARTESIAN_POINT('',(0.0319494999357668,-0.05415,0.00423));
#8240=CARTESIAN_POINT('',(0.0319494999357668,-0.04715,0.00423));
#8241=CARTESIAN_POINT('',(0.0319494999357668,-0.06115,0.00423));
#8242=CARTESIAN_POINT('',(0.0319494999357668,-0.04715,0.00823));
#8243=CARTESIAN_POINT('',(0.0319494999357668,-0.04715,0.00823));
#8244=CARTESIAN_POINT('',(0.0319494999357668,-0.05415,0.00823));
#8245=CARTESIAN_POINT('',(0.0319494999357668,-0.06115,0.00823));
#8246=CARTESIAN_POINT('',(0.0319494999357668,-0.06115,0.00823));
#8247=CARTESIAN_POINT('',(0.0324494999036502,-0.0471499999678834,0.00823));
#8248=CARTESIAN_POINT('',(0.0324494999036502,-0.0471499999678834,0.00423));
#8249=CARTESIAN_POINT('',(0.0324494999357668,-0.04665,0.00423));
#8250=CARTESIAN_POINT('',(0.0324494999357668,-0.04665,0.00823));
#8251=CARTESIAN_POINT('',(0.0324494999357668,-0.04665,0.00823));
#8252=CARTESIAN_POINT('',(0.0324494999036502,-0.0471499999678834,0.00823));
#8253=CARTESIAN_POINT('',(0.0354494999357668,-0.04665,0.00823));
#8254=CARTESIAN_POINT('',(0.0354494999357668,-0.04665,0.00423));
#8255=CARTESIAN_POINT('',(0.0384494999357668,-0.04665,0.00423));
#8256=CARTESIAN_POINT('',(0.0384494999357668,-0.04665,0.00823));
#8257=CARTESIAN_POINT('',(0.0384494999357668,-0.04665,0.00823));
#8258=CARTESIAN_POINT('',(0.0354494999357668,-0.04665,0.00823));
#8259=CARTESIAN_POINT('',(0.0384494999678834,-0.0471499999678834,0.00823));
#8260=CARTESIAN_POINT('',(0.0384494999678834,-0.0471499999678834,0.00423));
#8261=CARTESIAN_POINT('',(0.0389494999357668,-0.04715,0.00423));
#8262=CARTESIAN_POINT('',(0.0389494999357668,-0.04715,0.00823));
#8263=CARTESIAN_POINT('',(0.0389494999357668,-0.04715,0.00823));
#8264=CARTESIAN_POINT('',(0.0384494999678834,-0.0471499999678834,0.00823));
#8265=CARTESIAN_POINT('',(0.0389494999357668,-0.05415,0.00823));
#8266=CARTESIAN_POINT('',(0.0389494999357668,-0.05415,0.00423));
#8267=CARTESIAN_POINT('',(0.0389494999357668,-0.06115,0.00423));
#8268=CARTESIAN_POINT('',(0.0389494999357668,-0.06115,0.00823));
#8269=CARTESIAN_POINT('',(0.0389494999357668,-0.06115,0.00823));
#8270=CARTESIAN_POINT('',(0.0389494999357668,-0.05415,0.00823));
#8271=CARTESIAN_POINT('',(0.0384494999678834,-0.0611500000321166,0.00823));
#8272=CARTESIAN_POINT('',(0.0384494999678834,-0.0611500000321166,0.00423));
#8273=CARTESIAN_POINT('',(0.0384494999357668,-0.06165,0.00423));
#8274=CARTESIAN_POINT('',(0.0384494999357668,-0.06165,0.00823));
#8275=CARTESIAN_POINT('',(0.0384494999357668,-0.06165,0.00823));
#8276=CARTESIAN_POINT('',(0.0384494999678834,-0.0611500000321166,0.00823));
#8277=CARTESIAN_POINT('',(0.0354494999357668,-0.06165,0.00823));
#8278=CARTESIAN_POINT('',(0.0354494999357668,-0.06165,0.00423));
#8279=CARTESIAN_POINT('',(0.0324494999357668,-0.06165,0.00423));
#8280=CARTESIAN_POINT('',(0.0324494999357668,-0.06165,0.00823));
#8281=CARTESIAN_POINT('',(0.0324494999357668,-0.06165,0.00823));
#8282=CARTESIAN_POINT('',(0.0354494999357668,-0.06165,0.00823));
#8283=CARTESIAN_POINT('',(0.0324494999036502,-0.0611500000321166,0.00823));
#8284=CARTESIAN_POINT('',(0.0324494999036502,-0.0611500000321166,0.00423));
#8285=CARTESIAN_POINT('',(0.0324494999036502,-0.0611500000321166,0.00823));
#8286=CARTESIAN_POINT('',(0.0153124999357668,-0.05415,0.00823));
#8287=CARTESIAN_POINT('',(0.0153124999357668,-0.05415,0.00423));
#8288=CARTESIAN_POINT('',(0.0153124999357668,-0.04715,0.00423));
#8289=CARTESIAN_POINT('',(0.0153124999357668,-0.06115,0.00423));
#8290=CARTESIAN_POINT('',(0.0153124999357668,-0.04715,0.00823));
#8291=CARTESIAN_POINT('',(0.0153124999357668,-0.04715,0.00823));
#8292=CARTESIAN_POINT('',(0.0153124999357668,-0.05415,0.00823));
#8293=CARTESIAN_POINT('',(0.0153124999357668,-0.06115,0.00823));
#8294=CARTESIAN_POINT('',(0.0153124999357668,-0.06115,0.00823));
#8295=CARTESIAN_POINT('',(0.0158124999036502,-0.0471499999678834,0.00823));
#8296=CARTESIAN_POINT('',(0.0158124999036502,-0.0471499999678834,0.00423));
#8297=CARTESIAN_POINT('',(0.0158124999357668,-0.04665,0.00423));
#8298=CARTESIAN_POINT('',(0.0158124999357668,-0.04665,0.00823));
#8299=CARTESIAN_POINT('',(0.0158124999357668,-0.04665,0.00823));
#8300=CARTESIAN_POINT('',(0.0158124999036502,-0.0471499999678834,0.00823));
#8301=CARTESIAN_POINT('',(0.0188124999357668,-0.04665,0.00823));
#8302=CARTESIAN_POINT('',(0.0188124999357668,-0.04665,0.00423));
#8303=CARTESIAN_POINT('',(0.0218124999357668,-0.04665,0.00423));
#8304=CARTESIAN_POINT('',(0.0218124999357668,-0.04665,0.00823));
#8305=CARTESIAN_POINT('',(0.0218124999357668,-0.04665,0.00823));
#8306=CARTESIAN_POINT('',(0.0188124999357668,-0.04665,0.00823));
#8307=CARTESIAN_POINT('',(0.0218124999678834,-0.0471499999678834,0.00823));
#8308=CARTESIAN_POINT('',(0.0218124999678834,-0.0471499999678834,0.00423));
#8309=CARTESIAN_POINT('',(0.0223124999357668,-0.04715,0.00423));
#8310=CARTESIAN_POINT('',(0.0223124999357668,-0.04715,0.00823));
#8311=CARTESIAN_POINT('',(0.0223124999357668,-0.04715,0.00823));
#8312=CARTESIAN_POINT('',(0.0218124999678834,-0.0471499999678834,0.00823));
#8313=CARTESIAN_POINT('',(0.0223124999357668,-0.05415,0.00823));
#8314=CARTESIAN_POINT('',(0.0223124999357668,-0.05415,0.00423));
#8315=CARTESIAN_POINT('',(0.0223124999357668,-0.06115,0.00423));
#8316=CARTESIAN_POINT('',(0.0223124999357668,-0.06115,0.00823));
#8317=CARTESIAN_POINT('',(0.0223124999357668,-0.06115,0.00823));
#8318=CARTESIAN_POINT('',(0.0223124999357668,-0.05415,0.00823));
#8319=CARTESIAN_POINT('',(0.0218124999678834,-0.0611500000321166,0.00823));
#8320=CARTESIAN_POINT('',(0.0218124999678834,-0.0611500000321166,0.00423));
#8321=CARTESIAN_POINT('',(0.0218124999357668,-0.06165,0.00423));
#8322=CARTESIAN_POINT('',(0.0218124999357668,-0.06165,0.00823));
#8323=CARTESIAN_POINT('',(0.0218124999357668,-0.06165,0.00823));
#8324=CARTESIAN_POINT('',(0.0218124999678834,-0.0611500000321166,0.00823));
#8325=CARTESIAN_POINT('',(0.0188124999357668,-0.06165,0.00823));
#8326=CARTESIAN_POINT('',(0.0188124999357668,-0.06165,0.00423));
#8327=CARTESIAN_POINT('',(0.0158124999357668,-0.06165,0.00423));
#8328=CARTESIAN_POINT('',(0.0158124999357668,-0.06165,0.00823));
#8329=CARTESIAN_POINT('',(0.0158124999357668,-0.06165,0.00823));
#8330=CARTESIAN_POINT('',(0.0188124999357668,-0.06165,0.00823));
#8331=CARTESIAN_POINT('',(0.0158124999036502,-0.0611500000321166,0.00823));
#8332=CARTESIAN_POINT('',(0.0158124999036502,-0.0611500000321166,0.00423));
#8333=CARTESIAN_POINT('',(0.0158124999036502,-0.0611500000321166,0.00823));
#8334=CARTESIAN_POINT('',(0.0963067499357668,-0.0351,0.00823));
#8335=CARTESIAN_POINT('',(0.0963067499357668,-0.0351,0.00423));
#8336=CARTESIAN_POINT('',(0.0963067499357668,-0.0281,0.00423));
#8337=CARTESIAN_POINT('',(0.0963067499357668,-0.0421,0.00423));
#8338=CARTESIAN_POINT('',(0.0963067499357668,-0.0281,0.00823));
#8339=CARTESIAN_POINT('',(0.0963067499357668,-0.0281,0.00823));
#8340=CARTESIAN_POINT('',(0.0963067499357668,-0.0351,0.00823));
#8341=CARTESIAN_POINT('',(0.0963067499357668,-0.0421,0.00823));
#8342=CARTESIAN_POINT('',(0.0963067499357668,-0.0421,0.00823));
#8343=CARTESIAN_POINT('',(0.0968067499036502,-0.0280999999678834,0.00823));
#8344=CARTESIAN_POINT('',(0.0968067499036502,-0.0280999999678834,0.00423));
#8345=CARTESIAN_POINT('',(0.0968067499357668,-0.0276,0.00423));
#8346=CARTESIAN_POINT('',(0.0968067499357668,-0.0276,0.00823));
#8347=CARTESIAN_POINT('',(0.0968067499357668,-0.0276,0.00823));
#8348=CARTESIAN_POINT('',(0.0968067499036502,-0.0280999999678834,0.00823));
#8349=CARTESIAN_POINT('',(0.0998067499357668,-0.0276,0.00823));
#8350=CARTESIAN_POINT('',(0.0998067499357668,-0.0276,0.00423));
#8351=CARTESIAN_POINT('',(0.102806749935767,-0.0276,0.00423));
#8352=CARTESIAN_POINT('',(0.102806749935767,-0.0276,0.00823));
#8353=CARTESIAN_POINT('',(0.102806749935767,-0.0276,0.00823));
#8354=CARTESIAN_POINT('',(0.0998067499357668,-0.0276,0.00823));
#8355=CARTESIAN_POINT('',(0.102806749967883,-0.0280999999678834,0.00823));
#8356=CARTESIAN_POINT('',(0.102806749967883,-0.0280999999678834,0.00423));
#8357=CARTESIAN_POINT('',(0.103306749935767,-0.0281,0.00423));
#8358=CARTESIAN_POINT('',(0.103306749935767,-0.0281,0.00823));
#8359=CARTESIAN_POINT('',(0.103306749935767,-0.0281,0.00823));
#8360=CARTESIAN_POINT('',(0.102806749967883,-0.0280999999678834,0.00823));
#8361=CARTESIAN_POINT('',(0.103306749935767,-0.0351,0.00823));
#8362=CARTESIAN_POINT('',(0.103306749935767,-0.0351,0.00423));
#8363=CARTESIAN_POINT('',(0.103306749935767,-0.0421,0.00423));
#8364=CARTESIAN_POINT('',(0.103306749935767,-0.0421,0.00823));
#8365=CARTESIAN_POINT('',(0.103306749935767,-0.0421,0.00823));
#8366=CARTESIAN_POINT('',(0.103306749935767,-0.0351,0.00823));
#8367=CARTESIAN_POINT('',(0.102806749967883,-0.0421000000321166,0.00823));
#8368=CARTESIAN_POINT('',(0.102806749967883,-0.0421000000321166,0.00423));
#8369=CARTESIAN_POINT('',(0.102806749935767,-0.0426,0.00423));
#8370=CARTESIAN_POINT('',(0.102806749935767,-0.0426,0.00823));
#8371=CARTESIAN_POINT('',(0.102806749935767,-0.0426,0.00823));
#8372=CARTESIAN_POINT('',(0.102806749967883,-0.0421000000321166,0.00823));
#8373=CARTESIAN_POINT('',(0.0998067499357668,-0.0426,0.00823));
#8374=CARTESIAN_POINT('',(0.0998067499357668,-0.0426,0.00423));
#8375=CARTESIAN_POINT('',(0.0968067499357668,-0.0426,0.00423));
#8376=CARTESIAN_POINT('',(0.0968067499357668,-0.0426,0.00823));
#8377=CARTESIAN_POINT('',(0.0968067499357668,-0.0426,0.00823));
#8378=CARTESIAN_POINT('',(0.0998067499357668,-0.0426,0.00823));
#8379=CARTESIAN_POINT('',(0.0968067499036502,-0.0421000000321166,0.00823));
#8380=CARTESIAN_POINT('',(0.0968067499036502,-0.0421000000321166,0.00423));
#8381=CARTESIAN_POINT('',(0.0968067499036502,-0.0421000000321166,0.00823));
#8382=CARTESIAN_POINT('',(0.0724307499357668,-0.0351,0.00823));
#8383=CARTESIAN_POINT('',(0.0724307499357668,-0.0351,0.00423));
#8384=CARTESIAN_POINT('',(0.0724307499357668,-0.0281,0.00423));
#8385=CARTESIAN_POINT('',(0.0724307499357668,-0.0421,0.00423));
#8386=CARTESIAN_POINT('',(0.0724307499357668,-0.0281,0.00823));
#8387=CARTESIAN_POINT('',(0.0724307499357668,-0.0281,0.00823));
#8388=CARTESIAN_POINT('',(0.0724307499357668,-0.0351,0.00823));
#8389=CARTESIAN_POINT('',(0.0724307499357668,-0.0421,0.00823));
#8390=CARTESIAN_POINT('',(0.0724307499357668,-0.0421,0.00823));
#8391=CARTESIAN_POINT('',(0.0729307499036502,-0.0280999999678834,0.00823));
#8392=CARTESIAN_POINT('',(0.0729307499036502,-0.0280999999678834,0.00423));
#8393=CARTESIAN_POINT('',(0.0729307499357668,-0.0276,0.00423));
#8394=CARTESIAN_POINT('',(0.0729307499357668,-0.0276,0.00823));
#8395=CARTESIAN_POINT('',(0.0729307499357668,-0.0276,0.00823));
#8396=CARTESIAN_POINT('',(0.0729307499036502,-0.0280999999678834,0.00823));
#8397=CARTESIAN_POINT('',(0.0759307499357668,-0.0276,0.00823));
#8398=CARTESIAN_POINT('',(0.0759307499357668,-0.0276,0.00423));
#8399=CARTESIAN_POINT('',(0.0789307499357668,-0.0276,0.00423));
#8400=CARTESIAN_POINT('',(0.0789307499357668,-0.0276,0.00823));
#8401=CARTESIAN_POINT('',(0.0789307499357668,-0.0276,0.00823));
#8402=CARTESIAN_POINT('',(0.0759307499357668,-0.0276,0.00823));
#8403=CARTESIAN_POINT('',(0.0789307499678834,-0.0280999999678834,0.00823));
#8404=CARTESIAN_POINT('',(0.0789307499678834,-0.0280999999678834,0.00423));
#8405=CARTESIAN_POINT('',(0.0794307499357668,-0.0281,0.00423));
#8406=CARTESIAN_POINT('',(0.0794307499357668,-0.0281,0.00823));
#8407=CARTESIAN_POINT('',(0.0794307499357668,-0.0281,0.00823));
#8408=CARTESIAN_POINT('',(0.0789307499678834,-0.0280999999678834,0.00823));
#8409=CARTESIAN_POINT('',(0.0794307499357668,-0.0351,0.00823));
#8410=CARTESIAN_POINT('',(0.0794307499357668,-0.0351,0.00423));
#8411=CARTESIAN_POINT('',(0.0794307499357668,-0.0421,0.00423));
#8412=CARTESIAN_POINT('',(0.0794307499357668,-0.0421,0.00823));
#8413=CARTESIAN_POINT('',(0.0794307499357668,-0.0421,0.00823));
#8414=CARTESIAN_POINT('',(0.0794307499357668,-0.0351,0.00823));
#8415=CARTESIAN_POINT('',(0.0789307499678833,-0.0421000000321166,0.00823));
#8416=CARTESIAN_POINT('',(0.0789307499678833,-0.0421000000321166,0.00423));
#8417=CARTESIAN_POINT('',(0.0789307499357668,-0.0426,0.00423));
#8418=CARTESIAN_POINT('',(0.0789307499357668,-0.0426,0.00823));
#8419=CARTESIAN_POINT('',(0.0789307499357668,-0.0426,0.00823));
#8420=CARTESIAN_POINT('',(0.0789307499678833,-0.0421000000321166,0.00823));
#8421=CARTESIAN_POINT('',(0.0759307499357668,-0.0426,0.00823));
#8422=CARTESIAN_POINT('',(0.0759307499357668,-0.0426,0.00423));
#8423=CARTESIAN_POINT('',(0.0729307499357668,-0.0426,0.00423));
#8424=CARTESIAN_POINT('',(0.0729307499357668,-0.0426,0.00823));
#8425=CARTESIAN_POINT('',(0.0729307499357668,-0.0426,0.00823));
#8426=CARTESIAN_POINT('',(0.0759307499357668,-0.0426,0.00823));
#8427=CARTESIAN_POINT('',(0.0729307499036502,-0.0421000000321166,0.00823));
#8428=CARTESIAN_POINT('',(0.0729307499036502,-0.0421000000321166,0.00423));
#8429=CARTESIAN_POINT('',(0.0729307499036502,-0.0421000000321166,0.00823));
#8430=CARTESIAN_POINT('',(0.130874999935767,-0.05265,0.00823));
#8431=CARTESIAN_POINT('',(0.130874999935767,-0.05265,0.00423));
#8432=CARTESIAN_POINT('',(0.130874999935767,-0.04615,0.00423));
#8433=CARTESIAN_POINT('',(0.130874999935767,-0.05915,0.00423));
#8434=CARTESIAN_POINT('',(0.130874999935767,-0.04615,0.00823));
#8435=CARTESIAN_POINT('',(0.130874999935767,-0.04615,0.00823));
#8436=CARTESIAN_POINT('',(0.130874999935767,-0.05265,0.00823));
#8437=CARTESIAN_POINT('',(0.130874999935767,-0.05915,0.00823));
#8438=CARTESIAN_POINT('',(0.130874999935767,-0.05915,0.00823));
#8439=CARTESIAN_POINT('',(0.13137499990365,-0.0461499999678834,0.00823));
#8440=CARTESIAN_POINT('',(0.13137499990365,-0.0461499999678834,0.00423));
#8441=CARTESIAN_POINT('',(0.131374999935767,-0.04565,0.00423));
#8442=CARTESIAN_POINT('',(0.131374999935767,-0.04565,0.00823));
#8443=CARTESIAN_POINT('',(0.131374999935767,-0.04565,0.00823));
#8444=CARTESIAN_POINT('',(0.13137499990365,-0.0461499999678834,0.00823));
#8445=CARTESIAN_POINT('',(0.137874999935767,-0.04565,0.00823));
#8446=CARTESIAN_POINT('',(0.137874999935767,-0.04565,0.00423));
#8447=CARTESIAN_POINT('',(0.144374999935767,-0.04565,0.00423));
#8448=CARTESIAN_POINT('',(0.144374999935767,-0.04565,0.00823));
#8449=CARTESIAN_POINT('',(0.144374999935767,-0.04565,0.00823));
#8450=CARTESIAN_POINT('',(0.137874999935767,-0.04565,0.00823));
#8451=CARTESIAN_POINT('',(0.144374999967883,-0.0461499999678834,0.00823));
#8452=CARTESIAN_POINT('',(0.144374999967883,-0.0461499999678834,0.00423));
#8453=CARTESIAN_POINT('',(0.144874999935767,-0.04615,0.00423));
#8454=CARTESIAN_POINT('',(0.144874999935767,-0.04615,0.00823));
#8455=CARTESIAN_POINT('',(0.144874999935767,-0.04615,0.00823));
#8456=CARTESIAN_POINT('',(0.144374999967883,-0.0461499999678834,0.00823));
#8457=CARTESIAN_POINT('',(0.144874999935767,-0.05265,0.00823));
#8458=CARTESIAN_POINT('',(0.144874999935767,-0.05265,0.00423));
#8459=CARTESIAN_POINT('',(0.144874999935767,-0.05915,0.00423));
#8460=CARTESIAN_POINT('',(0.144874999935767,-0.05915,0.00823));
#8461=CARTESIAN_POINT('',(0.144874999935767,-0.05915,0.00823));
#8462=CARTESIAN_POINT('',(0.144874999935767,-0.05265,0.00823));
#8463=CARTESIAN_POINT('',(0.144374999967883,-0.0591500000321166,0.00823));
#8464=CARTESIAN_POINT('',(0.144374999967883,-0.0591500000321166,0.00423));
#8465=CARTESIAN_POINT('',(0.144374999935767,-0.05965,0.00423));
#8466=CARTESIAN_POINT('',(0.144374999935767,-0.05965,0.00823));
#8467=CARTESIAN_POINT('',(0.144374999935767,-0.05965,0.00823));
#8468=CARTESIAN_POINT('',(0.144374999967883,-0.0591500000321166,0.00823));
#8469=CARTESIAN_POINT('',(0.137874999935767,-0.05965,0.00823));
#8470=CARTESIAN_POINT('',(0.137874999935767,-0.05965,0.00423));
#8471=CARTESIAN_POINT('',(0.131374999935767,-0.05965,0.00423));
#8472=CARTESIAN_POINT('',(0.131374999935767,-0.05965,0.00823));
#8473=CARTESIAN_POINT('',(0.131374999935767,-0.05965,0.00823));
#8474=CARTESIAN_POINT('',(0.137874999935767,-0.05965,0.00823));
#8475=CARTESIAN_POINT('',(0.13137499990365,-0.0591500000321166,0.00823));
#8476=CARTESIAN_POINT('',(0.13137499990365,-0.0591500000321166,0.00423));
#8477=CARTESIAN_POINT('',(0.13137499990365,-0.0591500000321166,0.00823));
#8478=CARTESIAN_POINT('',(0.111824999935767,-0.05265,0.00823));
#8479=CARTESIAN_POINT('',(0.111824999935767,-0.05265,0.00423));
#8480=CARTESIAN_POINT('',(0.111824999935767,-0.04615,0.00423));
#8481=CARTESIAN_POINT('',(0.111824999935767,-0.05915,0.00423));
#8482=CARTESIAN_POINT('',(0.111824999935767,-0.04615,0.00823));
#8483=CARTESIAN_POINT('',(0.111824999935767,-0.04615,0.00823));
#8484=CARTESIAN_POINT('',(0.111824999935767,-0.05265,0.00823));
#8485=CARTESIAN_POINT('',(0.111824999935767,-0.05915,0.00823));
#8486=CARTESIAN_POINT('',(0.111824999935767,-0.05915,0.00823));
#8487=CARTESIAN_POINT('',(0.11232499990365,-0.0461499999678834,0.00823));
#8488=CARTESIAN_POINT('',(0.11232499990365,-0.0461499999678834,0.00423));
#8489=CARTESIAN_POINT('',(0.112324999935767,-0.04565,0.00423));
#8490=CARTESIAN_POINT('',(0.112324999935767,-0.04565,0.00823));
#8491=CARTESIAN_POINT('',(0.112324999935767,-0.04565,0.00823));
#8492=CARTESIAN_POINT('',(0.11232499990365,-0.0461499999678834,0.00823));
#8493=CARTESIAN_POINT('',(0.118824999935767,-0.04565,0.00823));
#8494=CARTESIAN_POINT('',(0.118824999935767,-0.04565,0.00423));
#8495=CARTESIAN_POINT('',(0.125324999935767,-0.04565,0.00423));
#8496=CARTESIAN_POINT('',(0.125324999935767,-0.04565,0.00823));
#8497=CARTESIAN_POINT('',(0.125324999935767,-0.04565,0.00823));
#8498=CARTESIAN_POINT('',(0.118824999935767,-0.04565,0.00823));
#8499=CARTESIAN_POINT('',(0.125324999967883,-0.0461499999678834,0.00823));
#8500=CARTESIAN_POINT('',(0.125324999967883,-0.0461499999678834,0.00423));
#8501=CARTESIAN_POINT('',(0.125824999935767,-0.04615,0.00423));
#8502=CARTESIAN_POINT('',(0.125824999935767,-0.04615,0.00823));
#8503=CARTESIAN_POINT('',(0.125824999935767,-0.04615,0.00823));
#8504=CARTESIAN_POINT('',(0.125324999967883,-0.0461499999678834,0.00823));
#8505=CARTESIAN_POINT('',(0.125824999935767,-0.05265,0.00823));
#8506=CARTESIAN_POINT('',(0.125824999935767,-0.05265,0.00423));
#8507=CARTESIAN_POINT('',(0.125824999935767,-0.05915,0.00423));
#8508=CARTESIAN_POINT('',(0.125824999935767,-0.05915,0.00823));
#8509=CARTESIAN_POINT('',(0.125824999935767,-0.05915,0.00823));
#8510=CARTESIAN_POINT('',(0.125824999935767,-0.05265,0.00823));
#8511=CARTESIAN_POINT('',(0.125324999967883,-0.0591500000321166,0.00823));
#8512=CARTESIAN_POINT('',(0.125324999967883,-0.0591500000321166,0.00423));
#8513=CARTESIAN_POINT('',(0.125324999935767,-0.05965,0.00423));
#8514=CARTESIAN_POINT('',(0.125324999935767,-0.05965,0.00823));
#8515=CARTESIAN_POINT('',(0.125324999935767,-0.05965,0.00823));
#8516=CARTESIAN_POINT('',(0.125324999967883,-0.0591500000321166,0.00823));
#8517=CARTESIAN_POINT('',(0.118824999935767,-0.05965,0.00823));
#8518=CARTESIAN_POINT('',(0.118824999935767,-0.05965,0.00423));
#8519=CARTESIAN_POINT('',(0.112324999935767,-0.05965,0.00423));
#8520=CARTESIAN_POINT('',(0.112324999935767,-0.05965,0.00823));
#8521=CARTESIAN_POINT('',(0.112324999935767,-0.05965,0.00823));
#8522=CARTESIAN_POINT('',(0.118824999935767,-0.05965,0.00823));
#8523=CARTESIAN_POINT('',(0.11232499990365,-0.0591500000321166,0.00823));
#8524=CARTESIAN_POINT('',(0.11232499990365,-0.0591500000321166,0.00423));
#8525=CARTESIAN_POINT('',(0.11232499990365,-0.0591500000321166,0.00823));
#8526=CARTESIAN_POINT('',(0.0927749999357668,-0.05265,0.00823));
#8527=CARTESIAN_POINT('',(0.0927749999357668,-0.05265,0.00423));
#8528=CARTESIAN_POINT('',(0.0927749999357668,-0.04615,0.00423));
#8529=CARTESIAN_POINT('',(0.0927749999357668,-0.05915,0.00423));
#8530=CARTESIAN_POINT('',(0.0927749999357668,-0.04615,0.00823));
#8531=CARTESIAN_POINT('',(0.0927749999357668,-0.04615,0.00823));
#8532=CARTESIAN_POINT('',(0.0927749999357668,-0.05265,0.00823));
#8533=CARTESIAN_POINT('',(0.0927749999357668,-0.05915,0.00823));
#8534=CARTESIAN_POINT('',(0.0927749999357668,-0.05915,0.00823));
#8535=CARTESIAN_POINT('',(0.0932749999036502,-0.0461499999678834,0.00823));
#8536=CARTESIAN_POINT('',(0.0932749999036502,-0.0461499999678834,0.00423));
#8537=CARTESIAN_POINT('',(0.0932749999357668,-0.04565,0.00423));
#8538=CARTESIAN_POINT('',(0.0932749999357668,-0.04565,0.00823));
#8539=CARTESIAN_POINT('',(0.0932749999357668,-0.04565,0.00823));
#8540=CARTESIAN_POINT('',(0.0932749999036502,-0.0461499999678834,0.00823));
#8541=CARTESIAN_POINT('',(0.0997749999357668,-0.04565,0.00823));
#8542=CARTESIAN_POINT('',(0.0997749999357668,-0.04565,0.00423));
#8543=CARTESIAN_POINT('',(0.106274999935767,-0.04565,0.00423));
#8544=CARTESIAN_POINT('',(0.106274999935767,-0.04565,0.00823));
#8545=CARTESIAN_POINT('',(0.106274999935767,-0.04565,0.00823));
#8546=CARTESIAN_POINT('',(0.0997749999357668,-0.04565,0.00823));
#8547=CARTESIAN_POINT('',(0.106274999967883,-0.0461499999678834,0.00823));
#8548=CARTESIAN_POINT('',(0.106274999967883,-0.0461499999678834,0.00423));
#8549=CARTESIAN_POINT('',(0.106774999935767,-0.04615,0.00423));
#8550=CARTESIAN_POINT('',(0.106774999935767,-0.04615,0.00823));
#8551=CARTESIAN_POINT('',(0.106774999935767,-0.04615,0.00823));
#8552=CARTESIAN_POINT('',(0.106274999967883,-0.0461499999678834,0.00823));
#8553=CARTESIAN_POINT('',(0.106774999935767,-0.05265,0.00823));
#8554=CARTESIAN_POINT('',(0.106774999935767,-0.05265,0.00423));
#8555=CARTESIAN_POINT('',(0.106774999935767,-0.05915,0.00423));
#8556=CARTESIAN_POINT('',(0.106774999935767,-0.05915,0.00823));
#8557=CARTESIAN_POINT('',(0.106774999935767,-0.05915,0.00823));
#8558=CARTESIAN_POINT('',(0.106774999935767,-0.05265,0.00823));
#8559=CARTESIAN_POINT('',(0.106274999967883,-0.0591500000321166,0.00823));
#8560=CARTESIAN_POINT('',(0.106274999967883,-0.0591500000321166,0.00423));
#8561=CARTESIAN_POINT('',(0.106274999935767,-0.05965,0.00423));
#8562=CARTESIAN_POINT('',(0.106274999935767,-0.05965,0.00823));
#8563=CARTESIAN_POINT('',(0.106274999935767,-0.05965,0.00823));
#8564=CARTESIAN_POINT('',(0.106274999967883,-0.0591500000321166,0.00823));
#8565=CARTESIAN_POINT('',(0.0997749999357668,-0.05965,0.00823));
#8566=CARTESIAN_POINT('',(0.0997749999357668,-0.05965,0.00423));
#8567=CARTESIAN_POINT('',(0.0932749999357668,-0.05965,0.00423));
#8568=CARTESIAN_POINT('',(0.0932749999357668,-0.05965,0.00823));
#8569=CARTESIAN_POINT('',(0.0932749999357668,-0.05965,0.00823));
#8570=CARTESIAN_POINT('',(0.0997749999357668,-0.05965,0.00823));
#8571=CARTESIAN_POINT('',(0.0932749999036502,-0.0591500000321166,0.00823));
#8572=CARTESIAN_POINT('',(0.0932749999036502,-0.0591500000321166,0.00423));
#8573=CARTESIAN_POINT('',(0.0932749999036502,-0.0591500000321166,0.00823));
#8574=CARTESIAN_POINT('',(0.0713437499357668,-0.05265,0.00823));
#8575=CARTESIAN_POINT('',(0.0713437499357668,-0.05265,0.00423));
#8576=CARTESIAN_POINT('',(0.0713437499357668,-0.04615,0.00423));
#8577=CARTESIAN_POINT('',(0.0713437499357668,-0.05915,0.00423));
#8578=CARTESIAN_POINT('',(0.0713437499357668,-0.04615,0.00823));
#8579=CARTESIAN_POINT('',(0.0713437499357668,-0.04615,0.00823));
#8580=CARTESIAN_POINT('',(0.0713437499357668,-0.05265,0.00823));
#8581=CARTESIAN_POINT('',(0.0713437499357668,-0.05915,0.00823));
#8582=CARTESIAN_POINT('',(0.0713437499357668,-0.05915,0.00823));
#8583=CARTESIAN_POINT('',(0.0718437499036502,-0.0461499999678834,0.00823));
#8584=CARTESIAN_POINT('',(0.0718437499036502,-0.0461499999678834,0.00423));
#8585=CARTESIAN_POINT('',(0.0718437499357668,-0.04565,0.00423));
#8586=CARTESIAN_POINT('',(0.0718437499357668,-0.04565,0.00823));
#8587=CARTESIAN_POINT('',(0.0718437499357668,-0.04565,0.00823));
#8588=CARTESIAN_POINT('',(0.0718437499036502,-0.0461499999678834,0.00823));
#8589=CARTESIAN_POINT('',(0.0783437499357668,-0.04565,0.00823));
#8590=CARTESIAN_POINT('',(0.0783437499357668,-0.04565,0.00423));
#8591=CARTESIAN_POINT('',(0.0848437499357668,-0.04565,0.00423));
#8592=CARTESIAN_POINT('',(0.0848437499357668,-0.04565,0.00823));
#8593=CARTESIAN_POINT('',(0.0848437499357668,-0.04565,0.00823));
#8594=CARTESIAN_POINT('',(0.0783437499357668,-0.04565,0.00823));
#8595=CARTESIAN_POINT('',(0.0848437499678834,-0.0461499999678834,0.00823));
#8596=CARTESIAN_POINT('',(0.0848437499678834,-0.0461499999678834,0.00423));
#8597=CARTESIAN_POINT('',(0.0853437499357668,-0.04615,0.00423));
#8598=CARTESIAN_POINT('',(0.0853437499357668,-0.04615,0.00823));
#8599=CARTESIAN_POINT('',(0.0853437499357668,-0.04615,0.00823));
#8600=CARTESIAN_POINT('',(0.0848437499678834,-0.0461499999678834,0.00823));
#8601=CARTESIAN_POINT('',(0.0853437499357668,-0.05265,0.00823));
#8602=CARTESIAN_POINT('',(0.0853437499357668,-0.05265,0.00423));
#8603=CARTESIAN_POINT('',(0.0853437499357668,-0.05915,0.00423));
#8604=CARTESIAN_POINT('',(0.0853437499357668,-0.05915,0.00823));
#8605=CARTESIAN_POINT('',(0.0853437499357668,-0.05915,0.00823));
#8606=CARTESIAN_POINT('',(0.0853437499357668,-0.05265,0.00823));
#8607=CARTESIAN_POINT('',(0.0848437499678834,-0.0591500000321166,0.00823));
#8608=CARTESIAN_POINT('',(0.0848437499678834,-0.0591500000321166,0.00423));
#8609=CARTESIAN_POINT('',(0.0848437499357668,-0.05965,0.00423));
#8610=CARTESIAN_POINT('',(0.0848437499357668,-0.05965,0.00823));
#8611=CARTESIAN_POINT('',(0.0848437499357668,-0.05965,0.00823));
#8612=CARTESIAN_POINT('',(0.0848437499678834,-0.0591500000321166,0.00823));
#8613=CARTESIAN_POINT('',(0.0783437499357668,-0.05965,0.00823));
#8614=CARTESIAN_POINT('',(0.0783437499357668,-0.05965,0.00423));
#8615=CARTESIAN_POINT('',(0.0718437499357668,-0.05965,0.00423));
#8616=CARTESIAN_POINT('',(0.0718437499357668,-0.05965,0.00823));
#8617=CARTESIAN_POINT('',(0.0718437499357668,-0.05965,0.00823));
#8618=CARTESIAN_POINT('',(0.0783437499357668,-0.05965,0.00823));
#8619=CARTESIAN_POINT('',(0.0718437499036502,-0.0591500000321166,0.00823));
#8620=CARTESIAN_POINT('',(0.0718437499036502,-0.0591500000321166,0.00423));
#8621=CARTESIAN_POINT('',(0.0718437499036502,-0.0591500000321166,0.00823));
#8622=CARTESIAN_POINT('',(0.0403874999357668,-0.05265,0.00823));
#8623=CARTESIAN_POINT('',(0.0403874999357668,-0.05265,0.00423));
#8624=CARTESIAN_POINT('',(0.0403874999357668,-0.04615,0.00423));
#8625=CARTESIAN_POINT('',(0.0403874999357668,-0.05915,0.00423));
#8626=CARTESIAN_POINT('',(0.0403874999357668,-0.04615,0.00823));
#8627=CARTESIAN_POINT('',(0.0403874999357668,-0.04615,0.00823));
#8628=CARTESIAN_POINT('',(0.0403874999357668,-0.05265,0.00823));
#8629=CARTESIAN_POINT('',(0.0403874999357668,-0.05915,0.00823));
#8630=CARTESIAN_POINT('',(0.0403874999357668,-0.05915,0.00823));
#8631=CARTESIAN_POINT('',(0.0408874999036502,-0.0461499999678834,0.00823));
#8632=CARTESIAN_POINT('',(0.0408874999036502,-0.0461499999678834,0.00423));
#8633=CARTESIAN_POINT('',(0.0408874999357668,-0.04565,0.00423));
#8634=CARTESIAN_POINT('',(0.0408874999357668,-0.04565,0.00823));
#8635=CARTESIAN_POINT('',(0.0408874999357668,-0.04565,0.00823));
#8636=CARTESIAN_POINT('',(0.0408874999036502,-0.0461499999678834,0.00823));
#8637=CARTESIAN_POINT('',(0.0473874999357668,-0.04565,0.00823));
#8638=CARTESIAN_POINT('',(0.0473874999357668,-0.04565,0.00423));
#8639=CARTESIAN_POINT('',(0.0538874999357668,-0.04565,0.00423));
#8640=CARTESIAN_POINT('',(0.0538874999357668,-0.04565,0.00823));
#8641=CARTESIAN_POINT('',(0.0538874999357668,-0.04565,0.00823));
#8642=CARTESIAN_POINT('',(0.0473874999357668,-0.04565,0.00823));
#8643=CARTESIAN_POINT('',(0.0538874999678833,-0.0461499999678834,0.00823));
#8644=CARTESIAN_POINT('',(0.0538874999678833,-0.0461499999678834,0.00423));
#8645=CARTESIAN_POINT('',(0.0543874999357668,-0.04615,0.00423));
#8646=CARTESIAN_POINT('',(0.0543874999357668,-0.04615,0.00823));
#8647=CARTESIAN_POINT('',(0.0543874999357668,-0.04615,0.00823));
#8648=CARTESIAN_POINT('',(0.0538874999678833,-0.0461499999678834,0.00823));
#8649=CARTESIAN_POINT('',(0.0543874999357668,-0.05265,0.00823));
#8650=CARTESIAN_POINT('',(0.0543874999357668,-0.05265,0.00423));
#8651=CARTESIAN_POINT('',(0.0543874999357668,-0.05915,0.00423));
#8652=CARTESIAN_POINT('',(0.0543874999357668,-0.05915,0.00823));
#8653=CARTESIAN_POINT('',(0.0543874999357668,-0.05915,0.00823));
#8654=CARTESIAN_POINT('',(0.0543874999357668,-0.05265,0.00823));
#8655=CARTESIAN_POINT('',(0.0538874999678833,-0.0591500000321166,0.00823));
#8656=CARTESIAN_POINT('',(0.0538874999678833,-0.0591500000321166,0.00423));
#8657=CARTESIAN_POINT('',(0.0538874999357668,-0.05965,0.00423));
#8658=CARTESIAN_POINT('',(0.0538874999357668,-0.05965,0.00823));
#8659=CARTESIAN_POINT('',(0.0538874999357668,-0.05965,0.00823));
#8660=CARTESIAN_POINT('',(0.0538874999678833,-0.0591500000321166,0.00823));
#8661=CARTESIAN_POINT('',(0.0473874999357668,-0.05965,0.00823));
#8662=CARTESIAN_POINT('',(0.0473874999357668,-0.05965,0.00423));
#8663=CARTESIAN_POINT('',(0.0408874999357668,-0.05965,0.00423));
#8664=CARTESIAN_POINT('',(0.0408874999357668,-0.05965,0.00823));
#8665=CARTESIAN_POINT('',(0.0408874999357668,-0.05965,0.00823));
#8666=CARTESIAN_POINT('',(0.0473874999357668,-0.05965,0.00823));
#8667=CARTESIAN_POINT('',(0.0408874999036502,-0.0591500000321166,0.00823));
#8668=CARTESIAN_POINT('',(0.0408874999036502,-0.0591500000321166,0.00423));
#8669=CARTESIAN_POINT('',(0.0408874999036502,-0.0591500000321166,0.00823));
#8670=CARTESIAN_POINT('',(0.111824999935767,-0.0336,0.00823));
#8671=CARTESIAN_POINT('',(0.111824999935767,-0.0336,0.00423));
#8672=CARTESIAN_POINT('',(0.111824999935767,-0.0271,0.00423));
#8673=CARTESIAN_POINT('',(0.111824999935767,-0.0401,0.00423));
#8674=CARTESIAN_POINT('',(0.111824999935767,-0.0271,0.00823));
#8675=CARTESIAN_POINT('',(0.111824999935767,-0.0271,0.00823));
#8676=CARTESIAN_POINT('',(0.111824999935767,-0.0336,0.00823));
#8677=CARTESIAN_POINT('',(0.111824999935767,-0.0401,0.00823));
#8678=CARTESIAN_POINT('',(0.111824999935767,-0.0401,0.00823));
#8679=CARTESIAN_POINT('',(0.11232499990365,-0.0270999999678834,0.00823));
#8680=CARTESIAN_POINT('',(0.11232499990365,-0.0270999999678834,0.00423));
#8681=CARTESIAN_POINT('',(0.112324999935767,-0.0266,0.00423));
#8682=CARTESIAN_POINT('',(0.112324999935767,-0.0266,0.00823));
#8683=CARTESIAN_POINT('',(0.112324999935767,-0.0266,0.00823));
#8684=CARTESIAN_POINT('',(0.11232499990365,-0.0270999999678834,0.00823));
#8685=CARTESIAN_POINT('',(0.118824999935767,-0.0266,0.00823));
#8686=CARTESIAN_POINT('',(0.118824999935767,-0.0266,0.00423));
#8687=CARTESIAN_POINT('',(0.125324999935767,-0.0266,0.00423));
#8688=CARTESIAN_POINT('',(0.125324999935767,-0.0266,0.00823));
#8689=CARTESIAN_POINT('',(0.125324999935767,-0.0266,0.00823));
#8690=CARTESIAN_POINT('',(0.118824999935767,-0.0266,0.00823));
#8691=CARTESIAN_POINT('',(0.125324999967883,-0.0270999999678835,0.00823));
#8692=CARTESIAN_POINT('',(0.125324999967883,-0.0270999999678835,0.00423));
#8693=CARTESIAN_POINT('',(0.125824999935767,-0.0271,0.00423));
#8694=CARTESIAN_POINT('',(0.125824999935767,-0.0271,0.00823));
#8695=CARTESIAN_POINT('',(0.125824999935767,-0.0271,0.00823));
#8696=CARTESIAN_POINT('',(0.125324999967883,-0.0270999999678835,0.00823));
#8697=CARTESIAN_POINT('',(0.125824999935767,-0.0336,0.00823));
#8698=CARTESIAN_POINT('',(0.125824999935767,-0.0336,0.00423));
#8699=CARTESIAN_POINT('',(0.125824999935767,-0.0401,0.00423));
#8700=CARTESIAN_POINT('',(0.125824999935767,-0.0401,0.00823));
#8701=CARTESIAN_POINT('',(0.125824999935767,-0.0401,0.00823));
#8702=CARTESIAN_POINT('',(0.125824999935767,-0.0336,0.00823));
#8703=CARTESIAN_POINT('',(0.125324999967883,-0.0401000000321165,0.00823));
#8704=CARTESIAN_POINT('',(0.125324999967883,-0.0401000000321165,0.00423));
#8705=CARTESIAN_POINT('',(0.125324999935767,-0.0406,0.00423));
#8706=CARTESIAN_POINT('',(0.125324999935767,-0.0406,0.00823));
#8707=CARTESIAN_POINT('',(0.125324999935767,-0.0406,0.00823));
#8708=CARTESIAN_POINT('',(0.125324999967883,-0.0401000000321165,0.00823));
#8709=CARTESIAN_POINT('',(0.118824999935767,-0.0406,0.00823));
#8710=CARTESIAN_POINT('',(0.118824999935767,-0.0406,0.00423));
#8711=CARTESIAN_POINT('',(0.112324999935767,-0.0406,0.00423));
#8712=CARTESIAN_POINT('',(0.112324999935767,-0.0406,0.00823));
#8713=CARTESIAN_POINT('',(0.112324999935767,-0.0406,0.00823));
#8714=CARTESIAN_POINT('',(0.118824999935767,-0.0406,0.00823));
#8715=CARTESIAN_POINT('',(0.11232499990365,-0.0401000000321165,0.00823));
#8716=CARTESIAN_POINT('',(0.11232499990365,-0.0401000000321165,0.00423));
#8717=CARTESIAN_POINT('',(0.11232499990365,-0.0401000000321165,0.00823));
#8718=CARTESIAN_POINT('',(0.0808687499357668,-0.0336,0.00823));
#8719=CARTESIAN_POINT('',(0.0808687499357668,-0.0336,0.00423));
#8720=CARTESIAN_POINT('',(0.0808687499357668,-0.0271,0.00423));
#8721=CARTESIAN_POINT('',(0.0808687499357668,-0.0401,0.00423));
#8722=CARTESIAN_POINT('',(0.0808687499357668,-0.0271,0.00823));
#8723=CARTESIAN_POINT('',(0.0808687499357668,-0.0271,0.00823));
#8724=CARTESIAN_POINT('',(0.0808687499357668,-0.0336,0.00823));
#8725=CARTESIAN_POINT('',(0.0808687499357668,-0.0401,0.00823));
#8726=CARTESIAN_POINT('',(0.0808687499357668,-0.0401,0.00823));
#8727=CARTESIAN_POINT('',(0.0813687499036502,-0.0270999999678834,0.00823));
#8728=CARTESIAN_POINT('',(0.0813687499036502,-0.0270999999678834,0.00423));
#8729=CARTESIAN_POINT('',(0.0813687499357668,-0.0266,0.00423));
#8730=CARTESIAN_POINT('',(0.0813687499357668,-0.0266,0.00823));
#8731=CARTESIAN_POINT('',(0.0813687499357668,-0.0266,0.00823));
#8732=CARTESIAN_POINT('',(0.0813687499036502,-0.0270999999678834,0.00823));
#8733=CARTESIAN_POINT('',(0.0878687499357668,-0.0266,0.00823));
#8734=CARTESIAN_POINT('',(0.0878687499357668,-0.0266,0.00423));
#8735=CARTESIAN_POINT('',(0.0943687499357668,-0.0266,0.00423));
#8736=CARTESIAN_POINT('',(0.0943687499357668,-0.0266,0.00823));
#8737=CARTESIAN_POINT('',(0.0943687499357668,-0.0266,0.00823));
#8738=CARTESIAN_POINT('',(0.0878687499357668,-0.0266,0.00823));
#8739=CARTESIAN_POINT('',(0.0943687499678834,-0.0270999999678835,0.00823));
#8740=CARTESIAN_POINT('',(0.0943687499678834,-0.0270999999678835,0.00423));
#8741=CARTESIAN_POINT('',(0.0948687499357668,-0.0271,0.00423));
#8742=CARTESIAN_POINT('',(0.0948687499357668,-0.0271,0.00823));
#8743=CARTESIAN_POINT('',(0.0948687499357668,-0.0271,0.00823));
#8744=CARTESIAN_POINT('',(0.0943687499678834,-0.0270999999678835,0.00823));
#8745=CARTESIAN_POINT('',(0.0948687499357668,-0.0336,0.00823));
#8746=CARTESIAN_POINT('',(0.0948687499357668,-0.0336,0.00423));
#8747=CARTESIAN_POINT('',(0.0948687499357668,-0.0401,0.00423));
#8748=CARTESIAN_POINT('',(0.0948687499357668,-0.0401,0.00823));
#8749=CARTESIAN_POINT('',(0.0948687499357668,-0.0401,0.00823));
#8750=CARTESIAN_POINT('',(0.0948687499357668,-0.0336,0.00823));
#8751=CARTESIAN_POINT('',(0.0943687499678833,-0.0401000000321165,0.00823));
#8752=CARTESIAN_POINT('',(0.0943687499678833,-0.0401000000321165,0.00423));
#8753=CARTESIAN_POINT('',(0.0943687499357668,-0.0406,0.00423));
#8754=CARTESIAN_POINT('',(0.0943687499357668,-0.0406,0.00823));
#8755=CARTESIAN_POINT('',(0.0943687499357668,-0.0406,0.00823));
#8756=CARTESIAN_POINT('',(0.0943687499678833,-0.0401000000321165,0.00823));
#8757=CARTESIAN_POINT('',(0.0878687499357668,-0.0406,0.00823));
#8758=CARTESIAN_POINT('',(0.0878687499357668,-0.0406,0.00423));
#8759=CARTESIAN_POINT('',(0.0813687499357668,-0.0406,0.00423));
#8760=CARTESIAN_POINT('',(0.0813687499357668,-0.0406,0.00823));
#8761=CARTESIAN_POINT('',(0.0813687499357668,-0.0406,0.00823));
#8762=CARTESIAN_POINT('',(0.0878687499357668,-0.0406,0.00823));
#8763=CARTESIAN_POINT('',(0.0813687499036502,-0.0401000000321165,0.00823));
#8764=CARTESIAN_POINT('',(0.0813687499036502,-0.0401000000321165,0.00423));
#8765=CARTESIAN_POINT('',(0.0813687499036502,-0.0401000000321165,0.00823));
#8766=CARTESIAN_POINT('',(0.0499124999357668,-0.0336,0.00823));
#8767=CARTESIAN_POINT('',(0.0499124999357668,-0.0336,0.00423));
#8768=CARTESIAN_POINT('',(0.0499124999357668,-0.0271,0.00423));
#8769=CARTESIAN_POINT('',(0.0499124999357668,-0.0401,0.00423));
#8770=CARTESIAN_POINT('',(0.0499124999357668,-0.0271,0.00823));
#8771=CARTESIAN_POINT('',(0.0499124999357668,-0.0271,0.00823));
#8772=CARTESIAN_POINT('',(0.0499124999357668,-0.0336,0.00823));
#8773=CARTESIAN_POINT('',(0.0499124999357668,-0.0401,0.00823));
#8774=CARTESIAN_POINT('',(0.0499124999357668,-0.0401,0.00823));
#8775=CARTESIAN_POINT('',(0.0504124999036502,-0.0270999999678835,0.00823));
#8776=CARTESIAN_POINT('',(0.0504124999036502,-0.0270999999678835,0.00423));
#8777=CARTESIAN_POINT('',(0.0504124999357668,-0.0266,0.00423));
#8778=CARTESIAN_POINT('',(0.0504124999357668,-0.0266,0.00823));
#8779=CARTESIAN_POINT('',(0.0504124999357668,-0.0266,0.00823));
#8780=CARTESIAN_POINT('',(0.0504124999036502,-0.0270999999678835,0.00823));
#8781=CARTESIAN_POINT('',(0.0569124999357668,-0.0266,0.00823));
#8782=CARTESIAN_POINT('',(0.0569124999357668,-0.0266,0.00423));
#8783=CARTESIAN_POINT('',(0.0634124999357668,-0.0266,0.00423));
#8784=CARTESIAN_POINT('',(0.0634124999357668,-0.0266,0.00823));
#8785=CARTESIAN_POINT('',(0.0634124999357668,-0.0266,0.00823));
#8786=CARTESIAN_POINT('',(0.0569124999357668,-0.0266,0.00823));
#8787=CARTESIAN_POINT('',(0.0634124999678833,-0.0270999999678835,0.00823));
#8788=CARTESIAN_POINT('',(0.0634124999678833,-0.0270999999678835,0.00423));
#8789=CARTESIAN_POINT('',(0.0639124999357668,-0.0271,0.00423));
#8790=CARTESIAN_POINT('',(0.0639124999357668,-0.0271,0.00823));
#8791=CARTESIAN_POINT('',(0.0639124999357668,-0.0271,0.00823));
#8792=CARTESIAN_POINT('',(0.0634124999678833,-0.0270999999678835,0.00823));
#8793=CARTESIAN_POINT('',(0.0639124999357668,-0.0336,0.00823));
#8794=CARTESIAN_POINT('',(0.0639124999357668,-0.0336,0.00423));
#8795=CARTESIAN_POINT('',(0.0639124999357668,-0.0401,0.00423));
#8796=CARTESIAN_POINT('',(0.0639124999357668,-0.0401,0.00823));
#8797=CARTESIAN_POINT('',(0.0639124999357668,-0.0401,0.00823));
#8798=CARTESIAN_POINT('',(0.0639124999357668,-0.0336,0.00823));
#8799=CARTESIAN_POINT('',(0.0634124999678833,-0.0401000000321165,0.00823));
#8800=CARTESIAN_POINT('',(0.0634124999678833,-0.0401000000321165,0.00423));
#8801=CARTESIAN_POINT('',(0.0634124999357668,-0.0406,0.00423));
#8802=CARTESIAN_POINT('',(0.0634124999357668,-0.0406,0.00823));
#8803=CARTESIAN_POINT('',(0.0634124999357668,-0.0406,0.00823));
#8804=CARTESIAN_POINT('',(0.0634124999678833,-0.0401000000321165,0.00823));
#8805=CARTESIAN_POINT('',(0.0569124999357668,-0.0406,0.00823));
#8806=CARTESIAN_POINT('',(0.0569124999357668,-0.0406,0.00423));
#8807=CARTESIAN_POINT('',(0.0504124999357668,-0.0406,0.00423));
#8808=CARTESIAN_POINT('',(0.0504124999357668,-0.0406,0.00823));
#8809=CARTESIAN_POINT('',(0.0504124999357668,-0.0406,0.00823));
#8810=CARTESIAN_POINT('',(0.0569124999357668,-0.0406,0.00823));
#8811=CARTESIAN_POINT('',(0.0504124999036502,-0.0401000000321166,0.00823));
#8812=CARTESIAN_POINT('',(0.0504124999036502,-0.0401000000321166,0.00423));
#8813=CARTESIAN_POINT('',(0.0504124999036502,-0.0401000000321166,0.00823));
#8814=CARTESIAN_POINT('',(0.0308624999357668,-0.0336,0.00823));
#8815=CARTESIAN_POINT('',(0.0308624999357668,-0.0336,0.00423));
#8816=CARTESIAN_POINT('',(0.0308624999357668,-0.0271,0.00423));
#8817=CARTESIAN_POINT('',(0.0308624999357668,-0.0401,0.00423));
#8818=CARTESIAN_POINT('',(0.0308624999357668,-0.0271,0.00823));
#8819=CARTESIAN_POINT('',(0.0308624999357668,-0.0271,0.00823));
#8820=CARTESIAN_POINT('',(0.0308624999357668,-0.0336,0.00823));
#8821=CARTESIAN_POINT('',(0.0308624999357668,-0.0401,0.00823));
#8822=CARTESIAN_POINT('',(0.0308624999357668,-0.0401,0.00823));
#8823=CARTESIAN_POINT('',(0.0313624999036502,-0.0270999999678835,0.00823));
#8824=CARTESIAN_POINT('',(0.0313624999036502,-0.0270999999678835,0.00423));
#8825=CARTESIAN_POINT('',(0.0313624999357668,-0.0266,0.00423));
#8826=CARTESIAN_POINT('',(0.0313624999357668,-0.0266,0.00823));
#8827=CARTESIAN_POINT('',(0.0313624999357668,-0.0266,0.00823));
#8828=CARTESIAN_POINT('',(0.0313624999036502,-0.0270999999678835,0.00823));
#8829=CARTESIAN_POINT('',(0.0378624999357668,-0.0266,0.00823));
#8830=CARTESIAN_POINT('',(0.0378624999357668,-0.0266,0.00423));
#8831=CARTESIAN_POINT('',(0.0443624999357667,-0.0266,0.00423));
#8832=CARTESIAN_POINT('',(0.0443624999357667,-0.0266,0.00823));
#8833=CARTESIAN_POINT('',(0.0443624999357667,-0.0266,0.00823));
#8834=CARTESIAN_POINT('',(0.0378624999357668,-0.0266,0.00823));
#8835=CARTESIAN_POINT('',(0.0443624999678833,-0.0270999999678835,0.00823));
#8836=CARTESIAN_POINT('',(0.0443624999678833,-0.0270999999678835,0.00423));
#8837=CARTESIAN_POINT('',(0.0448624999357667,-0.0271,0.00423));
#8838=CARTESIAN_POINT('',(0.0448624999357667,-0.0271,0.00823));
#8839=CARTESIAN_POINT('',(0.0448624999357667,-0.0271,0.00823));
#8840=CARTESIAN_POINT('',(0.0443624999678833,-0.0270999999678835,0.00823));
#8841=CARTESIAN_POINT('',(0.0448624999357667,-0.0336,0.00823));
#8842=CARTESIAN_POINT('',(0.0448624999357667,-0.0336,0.00423));
#8843=CARTESIAN_POINT('',(0.0448624999357667,-0.0401,0.00423));
#8844=CARTESIAN_POINT('',(0.0448624999357667,-0.0401,0.00823));
#8845=CARTESIAN_POINT('',(0.0448624999357667,-0.0401,0.00823));
#8846=CARTESIAN_POINT('',(0.0448624999357667,-0.0336,0.00823));
#8847=CARTESIAN_POINT('',(0.0443624999678833,-0.0401000000321165,0.00823));
#8848=CARTESIAN_POINT('',(0.0443624999678833,-0.0401000000321165,0.00423));
#8849=CARTESIAN_POINT('',(0.0443624999357667,-0.0406,0.00423));
#8850=CARTESIAN_POINT('',(0.0443624999357667,-0.0406,0.00823));
#8851=CARTESIAN_POINT('',(0.0443624999357667,-0.0406,0.00823));
#8852=CARTESIAN_POINT('',(0.0443624999678833,-0.0401000000321165,0.00823));
#8853=CARTESIAN_POINT('',(0.0378624999357668,-0.0406,0.00823));
#8854=CARTESIAN_POINT('',(0.0378624999357668,-0.0406,0.00423));
#8855=CARTESIAN_POINT('',(0.0313624999357668,-0.0406,0.00423));
#8856=CARTESIAN_POINT('',(0.0313624999357668,-0.0406,0.00823));
#8857=CARTESIAN_POINT('',(0.0313624999357668,-0.0406,0.00823));
#8858=CARTESIAN_POINT('',(0.0378624999357668,-0.0406,0.00823));
#8859=CARTESIAN_POINT('',(0.0313624999036502,-0.0401000000321165,0.00823));
#8860=CARTESIAN_POINT('',(0.0313624999036502,-0.0401000000321165,0.00423));
#8861=CARTESIAN_POINT('',(0.0313624999036502,-0.0401000000321165,0.00823));
#8862=CARTESIAN_POINT('',(0.0118124999357668,-0.0336,0.00823));
#8863=CARTESIAN_POINT('',(0.0118124999357668,-0.0336,0.00423));
#8864=CARTESIAN_POINT('',(0.0118124999357668,-0.0271,0.00423));
#8865=CARTESIAN_POINT('',(0.0118124999357668,-0.0401,0.00423));
#8866=CARTESIAN_POINT('',(0.0118124999357668,-0.0271,0.00823));
#8867=CARTESIAN_POINT('',(0.0118124999357668,-0.0271,0.00823));
#8868=CARTESIAN_POINT('',(0.0118124999357668,-0.0336,0.00823));
#8869=CARTESIAN_POINT('',(0.0118124999357668,-0.0401,0.00823));
#8870=CARTESIAN_POINT('',(0.0118124999357668,-0.0401,0.00823));
#8871=CARTESIAN_POINT('',(0.0123124999036502,-0.0270999999678835,0.00823));
#8872=CARTESIAN_POINT('',(0.0123124999036502,-0.0270999999678835,0.00423));
#8873=CARTESIAN_POINT('',(0.0123124999357668,-0.0266,0.00423));
#8874=CARTESIAN_POINT('',(0.0123124999357668,-0.0266,0.00823));
#8875=CARTESIAN_POINT('',(0.0123124999357668,-0.0266,0.00823));
#8876=CARTESIAN_POINT('',(0.0123124999036502,-0.0270999999678835,0.00823));
#8877=CARTESIAN_POINT('',(0.0188124999357668,-0.0266,0.00823));
#8878=CARTESIAN_POINT('',(0.0188124999357668,-0.0266,0.00423));
#8879=CARTESIAN_POINT('',(0.0253124999357668,-0.0266,0.00423));
#8880=CARTESIAN_POINT('',(0.0253124999357668,-0.0266,0.00823));
#8881=CARTESIAN_POINT('',(0.0253124999357668,-0.0266,0.00823));
#8882=CARTESIAN_POINT('',(0.0188124999357668,-0.0266,0.00823));
#8883=CARTESIAN_POINT('',(0.0253124999678834,-0.0270999999678835,0.00823));
#8884=CARTESIAN_POINT('',(0.0253124999678834,-0.0270999999678835,0.00423));
#8885=CARTESIAN_POINT('',(0.0258124999357668,-0.0271,0.00423));
#8886=CARTESIAN_POINT('',(0.0258124999357668,-0.0271,0.00823));
#8887=CARTESIAN_POINT('',(0.0258124999357668,-0.0271,0.00823));
#8888=CARTESIAN_POINT('',(0.0253124999678834,-0.0270999999678835,0.00823));
#8889=CARTESIAN_POINT('',(0.0258124999357668,-0.0336,0.00823));
#8890=CARTESIAN_POINT('',(0.0258124999357668,-0.0336,0.00423));
#8891=CARTESIAN_POINT('',(0.0258124999357668,-0.0401,0.00423));
#8892=CARTESIAN_POINT('',(0.0258124999357668,-0.0401,0.00823));
#8893=CARTESIAN_POINT('',(0.0258124999357668,-0.0401,0.00823));
#8894=CARTESIAN_POINT('',(0.0258124999357668,-0.0336,0.00823));
#8895=CARTESIAN_POINT('',(0.0253124999678834,-0.0401000000321165,0.00823));
#8896=CARTESIAN_POINT('',(0.0253124999678834,-0.0401000000321165,0.00423));
#8897=CARTESIAN_POINT('',(0.0253124999357668,-0.0406,0.00423));
#8898=CARTESIAN_POINT('',(0.0253124999357668,-0.0406,0.00823));
#8899=CARTESIAN_POINT('',(0.0253124999357668,-0.0406,0.00823));
#8900=CARTESIAN_POINT('',(0.0253124999678834,-0.0401000000321165,0.00823));
#8901=CARTESIAN_POINT('',(0.0188124999357668,-0.0406,0.00823));
#8902=CARTESIAN_POINT('',(0.0188124999357668,-0.0406,0.00423));
#8903=CARTESIAN_POINT('',(0.0123124999357668,-0.0406,0.00423));
#8904=CARTESIAN_POINT('',(0.0123124999357668,-0.0406,0.00823));
#8905=CARTESIAN_POINT('',(0.0123124999357668,-0.0406,0.00823));
#8906=CARTESIAN_POINT('',(0.0188124999357668,-0.0406,0.00823));
#8907=CARTESIAN_POINT('',(0.0123124999036502,-0.0401000000321165,0.00823));
#8908=CARTESIAN_POINT('',(0.0123124999036502,-0.0401000000321165,0.00423));
#8909=CARTESIAN_POINT('',(0.0123124999036502,-0.0401000000321165,0.00823));
#8910=CARTESIAN_POINT('',(0.1819,-0.07418125,0.00823));
#8911=CARTESIAN_POINT('',(0.1819,-0.07418125,0.00423));
#8912=CARTESIAN_POINT('',(0.1819,-0.07818125,0.00423));
#8913=CARTESIAN_POINT('',(0.1859,-0.07418125,0.00423));
#8914=CARTESIAN_POINT('',(0.1859,-0.07418125,0.00823));
#8915=CARTESIAN_POINT('',(0.1859,-0.07418125,0.00823));
#8916=CARTESIAN_POINT('',(0.1819,-0.07418125,0.00823));
#8917=CARTESIAN_POINT('',(0.1819,-0.07818125,0.00823));
#8918=CARTESIAN_POINT('',(0.1819,-0.07818125,0.00823));
#8919=CARTESIAN_POINT('',(0.1859,-0.0025062499999999,0.00823));
#8920=CARTESIAN_POINT('',(0.1859,0.0154971695699121,0.408824333181909));
#8921=CARTESIAN_POINT('',(0.1859,0.0154971695699121,0.00823));
#8922=CARTESIAN_POINT('',(0.1859,0.0154971695699121,0.00423));
#8923=CARTESIAN_POINT('',(0.1859,-0.0025062499999999,0.00823));
#8924=CARTESIAN_POINT('',(0.1859,-0.0025062499999999,0.00423));
#8925=CARTESIAN_POINT('',(0.182101243729357,0.0154971695699121,0.408824333181909));
#8926=CARTESIAN_POINT('',(0.182101243729357,0.0154971695699121,0.00423));
#8927=CARTESIAN_POINT('',(0.178302487458714,0.0154971695699121,0.00423));
#8928=CARTESIAN_POINT('',(0.178302487458714,0.0154971695699121,0.408824333181909));
#8929=CARTESIAN_POINT('',(0.178302487458714,0.0154971695699121,0.00823));
#8930=CARTESIAN_POINT('',(-0.00169375,0.0154971695699121,0.00823));
#8931=CARTESIAN_POINT('',(0.173302487458714,0.0154971695699121,0.408824333181909));
#8932=CARTESIAN_POINT('',(0.173302487458714,0.0154971695699121,0.00823));
#8933=CARTESIAN_POINT('',(0.173302487458714,0.0104971695699121,0.00823));
#8934=CARTESIAN_POINT('',(0.173302487458714,0.0154971695699121,0.00423));
#8935=CARTESIAN_POINT('',(0.173302487458714,0.0104971695699121,0.00423));
#8936=CARTESIAN_POINT('',(0.173302487458714,0.0104971695699121,0.408824333181909));
#8937=CARTESIAN_POINT('',(0.150001087834743,0.0104971695699121,0.408824333181909));
#8938=CARTESIAN_POINT('',(-0.00169375,0.0104971695699121,0.00823));
#8939=CARTESIAN_POINT('',(0.126699688210771,0.0104971695699121,0.00823));
#8940=CARTESIAN_POINT('',(0.150001087834743,0.0104971695699121,0.00423));
#8941=CARTESIAN_POINT('',(0.126699688210771,0.0104971695699121,0.00423));
#8942=CARTESIAN_POINT('',(0.126699688210771,0.0104971695699121,0.408824333181909));
#8943=CARTESIAN_POINT('',(0.126699688210771,0.015497169569912,0.408824333181909));
#8944=CARTESIAN_POINT('',(0.126699688210771,0.015497169569912,0.00823));
#8945=CARTESIAN_POINT('',(0.121699688210771,0.0154971695699121,0.00823));
#8946=CARTESIAN_POINT('',(0.126699688210771,0.015497169569912,0.00423));
#8947=CARTESIAN_POINT('',(0.121699688210771,0.0154971695699121,0.00423));
#8948=CARTESIAN_POINT('',(0.121699688210771,0.0154971695699121,0.408824333181909));
#8949=CARTESIAN_POINT('',(0.121699688210771,0.0216701444401412,0.408824333181909));
#8950=CARTESIAN_POINT('',(0.121699688210771,0.0216701444401412,0.00423));
#8951=CARTESIAN_POINT('',(0.121699688210771,0.0278431193103703,0.00423));
#8952=CARTESIAN_POINT('',(0.121699688210771,0.0278431193103703,0.408824333181909));
#8953=CARTESIAN_POINT('',(0.121699688210771,0.0278431193103703,0.00823));
#8954=CARTESIAN_POINT('',(0.121699688210771,-0.00250624999999993,0.00823));
#8955=CARTESIAN_POINT('',(0.126699688210771,0.0278431193103703,0.408824333181909));
#8956=CARTESIAN_POINT('',(0.126699688210771,0.0278431193103703,0.00823));
#8957=CARTESIAN_POINT('',(0.126699688210771,0.0328431193103703,0.00823));
#8958=CARTESIAN_POINT('',(0.126699688210771,0.0278431193103703,0.00423));
#8959=CARTESIAN_POINT('',(0.126699688210771,0.0328431193103703,0.00423));
#8960=CARTESIAN_POINT('',(0.126699688210771,0.0328431193103703,0.408824333181909));
#8961=CARTESIAN_POINT('',(0.150001087834743,0.0328431193103703,0.408824333181909));
#8962=CARTESIAN_POINT('',(0.150001087834743,0.0328431193103703,0.00423));
#8963=CARTESIAN_POINT('',(0.173302487458714,0.0328431193103704,0.00423));
#8964=CARTESIAN_POINT('',(0.173302487458714,0.0328431193103704,0.408824333181909));
#8965=CARTESIAN_POINT('',(0.173302487458714,0.0328431193103704,0.00823));
#8966=CARTESIAN_POINT('',(-0.00169375,0.0328431193103703,0.00823));
#8967=CARTESIAN_POINT('',(0.173302487458714,0.0278431193103703,0.408824333181909));
#8968=CARTESIAN_POINT('',(0.173302487458714,0.0278431193103703,0.00823));
#8969=CARTESIAN_POINT('',(0.178302487458714,0.0278431193103703,0.00823));
#8970=CARTESIAN_POINT('',(0.173302487458714,0.0278431193103703,0.00423));
#8971=CARTESIAN_POINT('',(0.178302487458714,0.0278431193103703,0.00423));
#8972=CARTESIAN_POINT('',(0.178302487458714,0.0278431193103703,0.408824333181909));
#8973=CARTESIAN_POINT('',(0.182101243729357,0.0278431193103703,0.408824333181909));
#8974=CARTESIAN_POINT('',(-0.00169375,0.0278431193103703,0.00823));
#8975=CARTESIAN_POINT('',(0.1859,0.0278431193103703,0.00823));
#8976=CARTESIAN_POINT('',(0.182101243729357,0.0278431193103703,0.00423));
#8977=CARTESIAN_POINT('',(0.1859,0.0278431193103703,0.00423));
#8978=CARTESIAN_POINT('',(0.1859,0.0278431193103703,0.408824333181909));
#8979=CARTESIAN_POINT('',(0.1859,-0.0025062499999999,0.00823));
#8980=CARTESIAN_POINT('',(0.1859,-0.0025062499999999,0.00823));
#8981=CARTESIAN_POINT('',(0.1859,0.06916875,0.00823));
#8982=CARTESIAN_POINT('',(0.1859,-0.0025062499999999,0.00423));
#8983=CARTESIAN_POINT('',(0.1859,0.06916875,0.00423));
#8984=CARTESIAN_POINT('',(0.1859,0.06916875,0.00823));
#8985=CARTESIAN_POINT('',(0.1819,0.06916875,0.00823));
#8986=CARTESIAN_POINT('',(0.1819,0.06916875,0.00423));
#8987=CARTESIAN_POINT('',(0.1819,0.07316875,0.00423));
#8988=CARTESIAN_POINT('',(0.1819,0.07316875,0.00823));
#8989=CARTESIAN_POINT('',(0.1819,0.07316875,0.00823));
#8990=CARTESIAN_POINT('',(0.1819,0.06916875,0.00823));
#8991=CARTESIAN_POINT('',(0.00149999996788336,0.0300500000321166,0.00823));
#8992=CARTESIAN_POINT('',(0.00149999996788336,0.0300500000321166,0.00423));
#8993=CARTESIAN_POINT('',(0.00199999993576679,0.03005,0.00423));
#8994=CARTESIAN_POINT('',(0.0014999999357668,0.03055,0.00423));
#8995=CARTESIAN_POINT('',(0.00199999993576679,0.03005,0.00823));
#8996=CARTESIAN_POINT('',(0.00199999993576679,0.03005,0.00823));
#8997=CARTESIAN_POINT('',(0.00149999996788336,0.0300500000321166,0.00823));
#8998=CARTESIAN_POINT('',(0.0014999999357668,0.03055,0.00823));
#8999=CARTESIAN_POINT('',(0.0014999999357668,0.03055,0.00823));
#9000=CARTESIAN_POINT('',(0.0019999999357668,0.02355,0.00823));
#9001=CARTESIAN_POINT('',(0.0019999999357668,0.02355,0.00423));
#9002=CARTESIAN_POINT('',(0.0019999999357668,0.01705,0.00423));
#9003=CARTESIAN_POINT('',(0.0019999999357668,0.01705,0.00823));
#9004=CARTESIAN_POINT('',(0.0019999999357668,0.01705,0.00823));
#9005=CARTESIAN_POINT('',(0.0019999999357668,0.02355,0.00823));
#9006=CARTESIAN_POINT('',(0.00149999996788336,0.0170499999678835,0.00823));
#9007=CARTESIAN_POINT('',(0.00149999996788336,0.0170499999678835,0.00423));
#9008=CARTESIAN_POINT('',(0.0014999999357668,0.01655,0.00423));
#9009=CARTESIAN_POINT('',(0.0014999999357668,0.01655,0.00823));
#9010=CARTESIAN_POINT('',(0.0014999999357668,0.01655,0.00823));
#9011=CARTESIAN_POINT('',(0.00149999996788336,0.0170499999678835,0.00823));
#9012=CARTESIAN_POINT('',(0.0110249999678834,0.0110000000321166,0.00823));
#9013=CARTESIAN_POINT('',(0.0110249999678834,0.0110000000321166,0.00423));
#9014=CARTESIAN_POINT('',(0.0115249999357668,0.011,0.00423));
#9015=CARTESIAN_POINT('',(0.0110249999357668,0.0115,0.00423));
#9016=CARTESIAN_POINT('',(0.0115249999357668,0.011,0.00823));
#9017=CARTESIAN_POINT('',(0.0115249999357668,0.011,0.00823));
#9018=CARTESIAN_POINT('',(0.0110249999678834,0.0110000000321166,0.00823));
#9019=CARTESIAN_POINT('',(0.0110249999357668,0.0115,0.00823));
#9020=CARTESIAN_POINT('',(0.0110249999357668,0.0115,0.00823));
#9021=CARTESIAN_POINT('',(0.0115249999357668,0.0045,0.00823));
#9022=CARTESIAN_POINT('',(0.0115249999357668,0.0045,0.00423));
#9023=CARTESIAN_POINT('',(0.0115249999357668,-0.002,0.00423));
#9024=CARTESIAN_POINT('',(0.0115249999357668,-0.002,0.00823));
#9025=CARTESIAN_POINT('',(0.0115249999357668,-0.002,0.00823));
#9026=CARTESIAN_POINT('',(0.0115249999357668,0.0045,0.00823));
#9027=CARTESIAN_POINT('',(0.0110249999678834,-0.00200000003211657,0.00823));
#9028=CARTESIAN_POINT('',(0.0110249999678834,-0.00200000003211657,0.00423));
#9029=CARTESIAN_POINT('',(0.0110249999357668,-0.0025,0.00423));
#9030=CARTESIAN_POINT('',(0.0110249999357668,-0.0025,0.00823));
#9031=CARTESIAN_POINT('',(0.0110249999357668,-0.0025,0.00823));
#9032=CARTESIAN_POINT('',(0.0110249999678834,-0.00200000003211657,0.00823));
#9033=CARTESIAN_POINT('',(0.00626249996788334,-0.0270999999678835,0.00823));
#9034=CARTESIAN_POINT('',(0.00626249996788334,-0.0270999999678835,0.00423));
#9035=CARTESIAN_POINT('',(0.00676249993576676,-0.0271,0.00423));
#9036=CARTESIAN_POINT('',(0.00626249993576677,-0.0266,0.00423));
#9037=CARTESIAN_POINT('',(0.00676249993576676,-0.0271,0.00823));
#9038=CARTESIAN_POINT('',(0.00676249993576676,-0.0271,0.00823));
#9039=CARTESIAN_POINT('',(0.00626249996788334,-0.0270999999678835,0.00823));
#9040=CARTESIAN_POINT('',(0.00626249993576677,-0.0266,0.00823));
#9041=CARTESIAN_POINT('',(0.00626249993576677,-0.0266,0.00823));
#9042=CARTESIAN_POINT('',(0.00676249993576678,-0.0336,0.00823));
#9043=CARTESIAN_POINT('',(0.00676249993576678,-0.0336,0.00423));
#9044=CARTESIAN_POINT('',(0.00676249993576678,-0.0401,0.00423));
#9045=CARTESIAN_POINT('',(0.00676249993576678,-0.0401,0.00823));
#9046=CARTESIAN_POINT('',(0.00676249993576678,-0.0401,0.00823));
#9047=CARTESIAN_POINT('',(0.00676249993576678,-0.0336,0.00823));
#9048=CARTESIAN_POINT('',(0.00626249996788333,-0.0401000000321165,0.00823));
#9049=CARTESIAN_POINT('',(0.00626249996788333,-0.0401000000321165,0.00423));
#9050=CARTESIAN_POINT('',(0.00626249993576677,-0.0406,0.00423));
#9051=CARTESIAN_POINT('',(0.00626249993576677,-0.0406,0.00823));
#9052=CARTESIAN_POINT('',(0.00626249993576677,-0.0406,0.00823));
#9053=CARTESIAN_POINT('',(0.00626249996788333,-0.0401000000321165,0.00823));
#9054=CARTESIAN_POINT('',(0.0856312499357668,-0.01455,0.00823));
#9055=CARTESIAN_POINT('',(0.0856312499357668,-0.01455,0.00423));
#9056=CARTESIAN_POINT('',(0.0856312499357668,-0.00805,0.00423));
#9057=CARTESIAN_POINT('',(0.0856312499357668,-0.02105,0.00423));
#9058=CARTESIAN_POINT('',(0.0856312499357668,-0.00805,0.00823));
#9059=CARTESIAN_POINT('',(0.0856312499357668,-0.00805,0.00823));
#9060=CARTESIAN_POINT('',(0.0856312499357668,-0.01455,0.00823));
#9061=CARTESIAN_POINT('',(0.0856312499357668,-0.02105,0.00823));
#9062=CARTESIAN_POINT('',(0.0856312499357668,-0.02105,0.00823));
#9063=CARTESIAN_POINT('',(0.0861312499036502,-0.00804999996788341,0.00823));
#9064=CARTESIAN_POINT('',(0.0861312499036502,-0.00804999996788341,0.00423));
#9065=CARTESIAN_POINT('',(0.0861312499357668,-0.00755,0.00423));
#9066=CARTESIAN_POINT('',(0.0861312499357668,-0.00755,0.00823));
#9067=CARTESIAN_POINT('',(0.0861312499357668,-0.00755,0.00823));
#9068=CARTESIAN_POINT('',(0.0861312499036502,-0.00804999996788341,0.00823));
#9069=CARTESIAN_POINT('',(0.0926312499357668,-0.00755,0.00823));
#9070=CARTESIAN_POINT('',(0.0926312499357668,-0.00755,0.00423));
#9071=CARTESIAN_POINT('',(0.0991312499357668,-0.00755,0.00423));
#9072=CARTESIAN_POINT('',(0.0991312499357668,-0.00755,0.00823));
#9073=CARTESIAN_POINT('',(0.0991312499357668,-0.00755,0.00823));
#9074=CARTESIAN_POINT('',(0.0926312499357668,-0.00755,0.00823));
#9075=CARTESIAN_POINT('',(0.0991312499678834,-0.00804999996788344,0.00823));
#9076=CARTESIAN_POINT('',(0.0991312499678834,-0.00804999996788344,0.00423));
#9077=CARTESIAN_POINT('',(0.0996312499357668,-0.00805,0.00423));
#9078=CARTESIAN_POINT('',(0.0996312499357668,-0.00805,0.00823));
#9079=CARTESIAN_POINT('',(0.0996312499357668,-0.00805,0.00823));
#9080=CARTESIAN_POINT('',(0.0991312499678834,-0.00804999996788344,0.00823));
#9081=CARTESIAN_POINT('',(0.0996312499357668,-0.01455,0.00823));
#9082=CARTESIAN_POINT('',(0.0996312499357668,-0.01455,0.00423));
#9083=CARTESIAN_POINT('',(0.0996312499357668,-0.02105,0.00423));
#9084=CARTESIAN_POINT('',(0.0996312499357668,-0.02105,0.00823));
#9085=CARTESIAN_POINT('',(0.0996312499357668,-0.02105,0.00823));
#9086=CARTESIAN_POINT('',(0.0996312499357668,-0.01455,0.00823));
#9087=CARTESIAN_POINT('',(0.0991312499678834,-0.0210500000321165,0.00823));
#9088=CARTESIAN_POINT('',(0.0991312499678834,-0.0210500000321165,0.00423));
#9089=CARTESIAN_POINT('',(0.0991312499357668,-0.02155,0.00423));
#9090=CARTESIAN_POINT('',(0.0991312499357668,-0.02155,0.00823));
#9091=CARTESIAN_POINT('',(0.0991312499357668,-0.02155,0.00823));
#9092=CARTESIAN_POINT('',(0.0991312499678834,-0.0210500000321165,0.00823));
#9093=CARTESIAN_POINT('',(0.0926312499357668,-0.02155,0.00823));
#9094=CARTESIAN_POINT('',(0.0926312499357668,-0.02155,0.00423));
#9095=CARTESIAN_POINT('',(0.0861312499357668,-0.02155,0.00423));
#9096=CARTESIAN_POINT('',(0.0861312499357668,-0.02155,0.00823));
#9097=CARTESIAN_POINT('',(0.0861312499357668,-0.02155,0.00823));
#9098=CARTESIAN_POINT('',(0.0926312499357668,-0.02155,0.00823));
#9099=CARTESIAN_POINT('',(0.0861312499036502,-0.0210500000321165,0.00823));
#9100=CARTESIAN_POINT('',(0.0861312499036502,-0.0210500000321165,0.00423));
#9101=CARTESIAN_POINT('',(0.0861312499036502,-0.0210500000321165,0.00823));
#9102=CARTESIAN_POINT('',(0.0594374999357668,-0.01455,0.00823));
#9103=CARTESIAN_POINT('',(0.0594374999357668,-0.01455,0.00423));
#9104=CARTESIAN_POINT('',(0.0594374999357668,-0.00805,0.00423));
#9105=CARTESIAN_POINT('',(0.0594374999357668,-0.02105,0.00423));
#9106=CARTESIAN_POINT('',(0.0594374999357668,-0.00805,0.00823));
#9107=CARTESIAN_POINT('',(0.0594374999357668,-0.00805,0.00823));
#9108=CARTESIAN_POINT('',(0.0594374999357668,-0.01455,0.00823));
#9109=CARTESIAN_POINT('',(0.0594374999357668,-0.02105,0.00823));
#9110=CARTESIAN_POINT('',(0.0594374999357668,-0.02105,0.00823));
#9111=CARTESIAN_POINT('',(0.0599374999036502,-0.00804999996788341,0.00823));
#9112=CARTESIAN_POINT('',(0.0599374999036502,-0.00804999996788341,0.00423));
#9113=CARTESIAN_POINT('',(0.0599374999357668,-0.00755,0.00423));
#9114=CARTESIAN_POINT('',(0.0599374999357668,-0.00755,0.00823));
#9115=CARTESIAN_POINT('',(0.0599374999357668,-0.00755,0.00823));
#9116=CARTESIAN_POINT('',(0.0599374999036502,-0.00804999996788341,0.00823));
#9117=CARTESIAN_POINT('',(0.0664374999357668,-0.00755,0.00823));
#9118=CARTESIAN_POINT('',(0.0664374999357668,-0.00755,0.00423));
#9119=CARTESIAN_POINT('',(0.0729374999357668,-0.00755,0.00423));
#9120=CARTESIAN_POINT('',(0.0729374999357668,-0.00755,0.00823));
#9121=CARTESIAN_POINT('',(0.0729374999357668,-0.00755,0.00823));
#9122=CARTESIAN_POINT('',(0.0664374999357668,-0.00755,0.00823));
#9123=CARTESIAN_POINT('',(0.0729374999678834,-0.00804999996788344,0.00823));
#9124=CARTESIAN_POINT('',(0.0729374999678834,-0.00804999996788344,0.00423));
#9125=CARTESIAN_POINT('',(0.0734374999357668,-0.00805,0.00423));
#9126=CARTESIAN_POINT('',(0.0734374999357668,-0.00805,0.00823));
#9127=CARTESIAN_POINT('',(0.0734374999357668,-0.00805,0.00823));
#9128=CARTESIAN_POINT('',(0.0729374999678834,-0.00804999996788344,0.00823));
#9129=CARTESIAN_POINT('',(0.0734374999357668,-0.01455,0.00823));
#9130=CARTESIAN_POINT('',(0.0734374999357668,-0.01455,0.00423));
#9131=CARTESIAN_POINT('',(0.0734374999357668,-0.02105,0.00423));
#9132=CARTESIAN_POINT('',(0.0734374999357668,-0.02105,0.00823));
#9133=CARTESIAN_POINT('',(0.0734374999357668,-0.02105,0.00823));
#9134=CARTESIAN_POINT('',(0.0734374999357668,-0.01455,0.00823));
#9135=CARTESIAN_POINT('',(0.0729374999678834,-0.0210500000321165,0.00823));
#9136=CARTESIAN_POINT('',(0.0729374999678834,-0.0210500000321165,0.00423));
#9137=CARTESIAN_POINT('',(0.0729374999357668,-0.02155,0.00423));
#9138=CARTESIAN_POINT('',(0.0729374999357668,-0.02155,0.00823));
#9139=CARTESIAN_POINT('',(0.0729374999357668,-0.02155,0.00823));
#9140=CARTESIAN_POINT('',(0.0729374999678834,-0.0210500000321165,0.00823));
#9141=CARTESIAN_POINT('',(0.0664374999357668,-0.02155,0.00823));
#9142=CARTESIAN_POINT('',(0.0664374999357668,-0.02155,0.00423));
#9143=CARTESIAN_POINT('',(0.0599374999357668,-0.02155,0.00423));
#9144=CARTESIAN_POINT('',(0.0599374999357668,-0.02155,0.00823));
#9145=CARTESIAN_POINT('',(0.0599374999357668,-0.02155,0.00823));
#9146=CARTESIAN_POINT('',(0.0664374999357668,-0.02155,0.00823));
#9147=CARTESIAN_POINT('',(0.0599374999036503,-0.0210500000321166,0.00823));
#9148=CARTESIAN_POINT('',(0.0599374999036503,-0.0210500000321166,0.00423));
#9149=CARTESIAN_POINT('',(0.0599374999036503,-0.0210500000321166,0.00823));
#9150=CARTESIAN_POINT('',(0.0403874999357668,-0.01455,0.00823));
#9151=CARTESIAN_POINT('',(0.0403874999357668,-0.01455,0.00423));
#9152=CARTESIAN_POINT('',(0.0403874999357668,-0.00805,0.00423));
#9153=CARTESIAN_POINT('',(0.0403874999357668,-0.02105,0.00423));
#9154=CARTESIAN_POINT('',(0.0403874999357668,-0.00805,0.00823));
#9155=CARTESIAN_POINT('',(0.0403874999357668,-0.00805,0.00823));
#9156=CARTESIAN_POINT('',(0.0403874999357668,-0.01455,0.00823));
#9157=CARTESIAN_POINT('',(0.0403874999357668,-0.02105,0.00823));
#9158=CARTESIAN_POINT('',(0.0403874999357668,-0.02105,0.00823));
#9159=CARTESIAN_POINT('',(0.0408874999036502,-0.00804999996788341,0.00823));
#9160=CARTESIAN_POINT('',(0.0408874999036502,-0.00804999996788341,0.00423));
#9161=CARTESIAN_POINT('',(0.0408874999357668,-0.00755,0.00423));
#9162=CARTESIAN_POINT('',(0.0408874999357668,-0.00755,0.00823));
#9163=CARTESIAN_POINT('',(0.0408874999357668,-0.00755,0.00823));
#9164=CARTESIAN_POINT('',(0.0408874999036502,-0.00804999996788341,0.00823));
#9165=CARTESIAN_POINT('',(0.0473874999357668,-0.00755,0.00823));
#9166=CARTESIAN_POINT('',(0.0473874999357668,-0.00755,0.00423));
#9167=CARTESIAN_POINT('',(0.0538874999357668,-0.00755,0.00423));
#9168=CARTESIAN_POINT('',(0.0538874999357668,-0.00755,0.00823));
#9169=CARTESIAN_POINT('',(0.0538874999357668,-0.00755,0.00823));
#9170=CARTESIAN_POINT('',(0.0473874999357668,-0.00755,0.00823));
#9171=CARTESIAN_POINT('',(0.0538874999678833,-0.00804999996788344,0.00823));
#9172=CARTESIAN_POINT('',(0.0538874999678833,-0.00804999996788344,0.00423));
#9173=CARTESIAN_POINT('',(0.0543874999357668,-0.00805,0.00423));
#9174=CARTESIAN_POINT('',(0.0543874999357668,-0.00805,0.00823));
#9175=CARTESIAN_POINT('',(0.0543874999357668,-0.00805,0.00823));
#9176=CARTESIAN_POINT('',(0.0538874999678833,-0.00804999996788344,0.00823));
#9177=CARTESIAN_POINT('',(0.0543874999357668,-0.01455,0.00823));
#9178=CARTESIAN_POINT('',(0.0543874999357668,-0.01455,0.00423));
#9179=CARTESIAN_POINT('',(0.0543874999357668,-0.02105,0.00423));
#9180=CARTESIAN_POINT('',(0.0543874999357668,-0.02105,0.00823));
#9181=CARTESIAN_POINT('',(0.0543874999357668,-0.02105,0.00823));
#9182=CARTESIAN_POINT('',(0.0543874999357668,-0.01455,0.00823));
#9183=CARTESIAN_POINT('',(0.0538874999678833,-0.0210500000321165,0.00823));
#9184=CARTESIAN_POINT('',(0.0538874999678833,-0.0210500000321165,0.00423));
#9185=CARTESIAN_POINT('',(0.0538874999357668,-0.02155,0.00423));
#9186=CARTESIAN_POINT('',(0.0538874999357668,-0.02155,0.00823));
#9187=CARTESIAN_POINT('',(0.0538874999357668,-0.02155,0.00823));
#9188=CARTESIAN_POINT('',(0.0538874999678833,-0.0210500000321165,0.00823));
#9189=CARTESIAN_POINT('',(0.0473874999357668,-0.02155,0.00823));
#9190=CARTESIAN_POINT('',(0.0473874999357668,-0.02155,0.00423));
#9191=CARTESIAN_POINT('',(0.0408874999357668,-0.02155,0.00423));
#9192=CARTESIAN_POINT('',(0.0408874999357668,-0.02155,0.00823));
#9193=CARTESIAN_POINT('',(0.0408874999357668,-0.02155,0.00823));
#9194=CARTESIAN_POINT('',(0.0473874999357668,-0.02155,0.00823));
#9195=CARTESIAN_POINT('',(0.0408874999036502,-0.0210500000321165,0.00823));
#9196=CARTESIAN_POINT('',(0.0408874999036502,-0.0210500000321165,0.00423));
#9197=CARTESIAN_POINT('',(0.0408874999036502,-0.0210500000321165,0.00823));
#9198=CARTESIAN_POINT('',(0.0213374999357668,-0.01455,0.00823));
#9199=CARTESIAN_POINT('',(0.0213374999357668,-0.01455,0.00423));
#9200=CARTESIAN_POINT('',(0.0213374999357668,-0.00805,0.00423));
#9201=CARTESIAN_POINT('',(0.0213374999357668,-0.02105,0.00423));
#9202=CARTESIAN_POINT('',(0.0213374999357668,-0.00805,0.00823));
#9203=CARTESIAN_POINT('',(0.0213374999357668,-0.00805,0.00823));
#9204=CARTESIAN_POINT('',(0.0213374999357668,-0.01455,0.00823));
#9205=CARTESIAN_POINT('',(0.0213374999357668,-0.02105,0.00823));
#9206=CARTESIAN_POINT('',(0.0213374999357668,-0.02105,0.00823));
#9207=CARTESIAN_POINT('',(0.0218374999036503,-0.00804999996788342,0.00823));
#9208=CARTESIAN_POINT('',(0.0218374999036503,-0.00804999996788342,0.00423));
#9209=CARTESIAN_POINT('',(0.0218374999357668,-0.00755,0.00423));
#9210=CARTESIAN_POINT('',(0.0218374999357668,-0.00755,0.00823));
#9211=CARTESIAN_POINT('',(0.0218374999357668,-0.00755,0.00823));
#9212=CARTESIAN_POINT('',(0.0218374999036503,-0.00804999996788342,0.00823));
#9213=CARTESIAN_POINT('',(0.0283374999357668,-0.00755,0.00823));
#9214=CARTESIAN_POINT('',(0.0283374999357668,-0.00755,0.00423));
#9215=CARTESIAN_POINT('',(0.0348374999357668,-0.00755,0.00423));
#9216=CARTESIAN_POINT('',(0.0348374999357668,-0.00755,0.00823));
#9217=CARTESIAN_POINT('',(0.0348374999357668,-0.00755,0.00823));
#9218=CARTESIAN_POINT('',(0.0283374999357668,-0.00755,0.00823));
#9219=CARTESIAN_POINT('',(0.0348374999678834,-0.00804999996788342,0.00823));
#9220=CARTESIAN_POINT('',(0.0348374999678834,-0.00804999996788342,0.00423));
#9221=CARTESIAN_POINT('',(0.0353374999357668,-0.00805,0.00423));
#9222=CARTESIAN_POINT('',(0.0353374999357668,-0.00805,0.00823));
#9223=CARTESIAN_POINT('',(0.0353374999357668,-0.00805,0.00823));
#9224=CARTESIAN_POINT('',(0.0348374999678834,-0.00804999996788342,0.00823));
#9225=CARTESIAN_POINT('',(0.0353374999357668,-0.01455,0.00823));
#9226=CARTESIAN_POINT('',(0.0353374999357668,-0.01455,0.00423));
#9227=CARTESIAN_POINT('',(0.0353374999357668,-0.02105,0.00423));
#9228=CARTESIAN_POINT('',(0.0353374999357668,-0.02105,0.00823));
#9229=CARTESIAN_POINT('',(0.0353374999357668,-0.02105,0.00823));
#9230=CARTESIAN_POINT('',(0.0353374999357668,-0.01455,0.00823));
#9231=CARTESIAN_POINT('',(0.0348374999678834,-0.0210500000321165,0.00823));
#9232=CARTESIAN_POINT('',(0.0348374999678834,-0.0210500000321165,0.00423));
#9233=CARTESIAN_POINT('',(0.0348374999357668,-0.02155,0.00423));
#9234=CARTESIAN_POINT('',(0.0348374999357668,-0.02155,0.00823));
#9235=CARTESIAN_POINT('',(0.0348374999357668,-0.02155,0.00823));
#9236=CARTESIAN_POINT('',(0.0348374999678834,-0.0210500000321165,0.00823));
#9237=CARTESIAN_POINT('',(0.0283374999357668,-0.02155,0.00823));
#9238=CARTESIAN_POINT('',(0.0283374999357668,-0.02155,0.00423));
#9239=CARTESIAN_POINT('',(0.0218374999357668,-0.02155,0.00423));
#9240=CARTESIAN_POINT('',(0.0218374999357668,-0.02155,0.00823));
#9241=CARTESIAN_POINT('',(0.0218374999357668,-0.02155,0.00823));
#9242=CARTESIAN_POINT('',(0.0283374999357668,-0.02155,0.00823));
#9243=CARTESIAN_POINT('',(0.0218374999036503,-0.0210500000321165,0.00823));
#9244=CARTESIAN_POINT('',(0.0218374999036503,-0.0210500000321165,0.00423));
#9245=CARTESIAN_POINT('',(0.0218374999036503,-0.0210500000321165,0.00823));
#9246=CARTESIAN_POINT('',(0.00228749993576679,-0.01455,0.00823));
#9247=CARTESIAN_POINT('',(0.00228749993576679,-0.01455,0.00423));
#9248=CARTESIAN_POINT('',(0.00228749993576679,-0.00805,0.00423));
#9249=CARTESIAN_POINT('',(0.00228749993576679,-0.02105,0.00423));
#9250=CARTESIAN_POINT('',(0.00228749993576679,-0.00805,0.00823));
#9251=CARTESIAN_POINT('',(0.00228749993576679,-0.00805,0.00823));
#9252=CARTESIAN_POINT('',(0.00228749993576679,-0.01455,0.00823));
#9253=CARTESIAN_POINT('',(0.00228749993576679,-0.02105,0.00823));
#9254=CARTESIAN_POINT('',(0.00228749993576679,-0.02105,0.00823));
#9255=CARTESIAN_POINT('',(0.00278749990365024,-0.00804999996788343,0.00823));
#9256=CARTESIAN_POINT('',(0.00278749990365024,-0.00804999996788343,0.00423));
#9257=CARTESIAN_POINT('',(0.00278749993576679,-0.00755,0.00423));
#9258=CARTESIAN_POINT('',(0.00278749993576679,-0.00755,0.00823));
#9259=CARTESIAN_POINT('',(0.00278749993576679,-0.00755,0.00823));
#9260=CARTESIAN_POINT('',(0.00278749990365024,-0.00804999996788343,0.00823));
#9261=CARTESIAN_POINT('',(0.00928749993576679,-0.00755,0.00823));
#9262=CARTESIAN_POINT('',(0.00928749993576679,-0.00755,0.00423));
#9263=CARTESIAN_POINT('',(0.0157874999357668,-0.00755,0.00423));
#9264=CARTESIAN_POINT('',(0.0157874999357668,-0.00755,0.00823));
#9265=CARTESIAN_POINT('',(0.0157874999357668,-0.00755,0.00823));
#9266=CARTESIAN_POINT('',(0.00928749993576679,-0.00755,0.00823));
#9267=CARTESIAN_POINT('',(0.0157874999678833,-0.00804999996788343,0.00823));
#9268=CARTESIAN_POINT('',(0.0157874999678833,-0.00804999996788343,0.00423));
#9269=CARTESIAN_POINT('',(0.0162874999357668,-0.00805,0.00423));
#9270=CARTESIAN_POINT('',(0.0162874999357668,-0.00805,0.00823));
#9271=CARTESIAN_POINT('',(0.0162874999357668,-0.00805,0.00823));
#9272=CARTESIAN_POINT('',(0.0157874999678833,-0.00804999996788343,0.00823));
#9273=CARTESIAN_POINT('',(0.0162874999357668,-0.01455,0.00823));
#9274=CARTESIAN_POINT('',(0.0162874999357668,-0.01455,0.00423));
#9275=CARTESIAN_POINT('',(0.0162874999357668,-0.02105,0.00423));
#9276=CARTESIAN_POINT('',(0.0162874999357668,-0.02105,0.00823));
#9277=CARTESIAN_POINT('',(0.0162874999357668,-0.02105,0.00823));
#9278=CARTESIAN_POINT('',(0.0162874999357668,-0.01455,0.00823));
#9279=CARTESIAN_POINT('',(0.0157874999678833,-0.0210500000321165,0.00823));
#9280=CARTESIAN_POINT('',(0.0157874999678833,-0.0210500000321165,0.00423));
#9281=CARTESIAN_POINT('',(0.0157874999357668,-0.02155,0.00423));
#9282=CARTESIAN_POINT('',(0.0157874999357668,-0.02155,0.00823));
#9283=CARTESIAN_POINT('',(0.0157874999357668,-0.02155,0.00823));
#9284=CARTESIAN_POINT('',(0.0157874999678833,-0.0210500000321165,0.00823));
#9285=CARTESIAN_POINT('',(0.00928749993576679,-0.02155,0.00823));
#9286=CARTESIAN_POINT('',(0.00928749993576679,-0.02155,0.00423));
#9287=CARTESIAN_POINT('',(0.00278749993576679,-0.02155,0.00423));
#9288=CARTESIAN_POINT('',(0.00278749993576679,-0.02155,0.00823));
#9289=CARTESIAN_POINT('',(0.00278749993576679,-0.02155,0.00823));
#9290=CARTESIAN_POINT('',(0.00928749993576679,-0.02155,0.00823));
#9291=CARTESIAN_POINT('',(0.00278749990365024,-0.0210500000321165,0.00823));
#9292=CARTESIAN_POINT('',(0.00278749990365024,-0.0210500000321165,0.00423));
#9293=CARTESIAN_POINT('',(0.00278749990365024,-0.0210500000321165,0.00823));
#9294=CARTESIAN_POINT('',(0.0927749999357668,0.0045,0.00823));
#9295=CARTESIAN_POINT('',(0.0927749999357668,0.0045,0.00423));
#9296=CARTESIAN_POINT('',(0.0927749999357668,0.011,0.00423));
#9297=CARTESIAN_POINT('',(0.0927749999357668,-0.002,0.00423));
#9298=CARTESIAN_POINT('',(0.0927749999357668,0.011,0.00823));
#9299=CARTESIAN_POINT('',(0.0927749999357668,0.011,0.00823));
#9300=CARTESIAN_POINT('',(0.0927749999357668,0.0045,0.00823));
#9301=CARTESIAN_POINT('',(0.0927749999357668,-0.002,0.00823));
#9302=CARTESIAN_POINT('',(0.0927749999357668,-0.002,0.00823));
#9303=CARTESIAN_POINT('',(0.0932749999036502,0.0110000000321166,0.00823));
#9304=CARTESIAN_POINT('',(0.0932749999036502,0.0110000000321166,0.00423));
#9305=CARTESIAN_POINT('',(0.0932749999357668,0.0115,0.00423));
#9306=CARTESIAN_POINT('',(0.0932749999357668,0.0115,0.00823));
#9307=CARTESIAN_POINT('',(0.0932749999357668,0.0115,0.00823));
#9308=CARTESIAN_POINT('',(0.0932749999036502,0.0110000000321166,0.00823));
#9309=CARTESIAN_POINT('',(0.0997749999357668,0.0115,0.00823));
#9310=CARTESIAN_POINT('',(0.0997749999357668,0.0115,0.00423));
#9311=CARTESIAN_POINT('',(0.106274999935767,0.0115,0.00423));
#9312=CARTESIAN_POINT('',(0.106274999935767,0.0115,0.00823));
#9313=CARTESIAN_POINT('',(0.106274999935767,0.0115,0.00823));
#9314=CARTESIAN_POINT('',(0.0997749999357668,0.0115,0.00823));
#9315=CARTESIAN_POINT('',(0.106274999967883,0.0110000000321166,0.00823));
#9316=CARTESIAN_POINT('',(0.106274999967883,0.0110000000321166,0.00423));
#9317=CARTESIAN_POINT('',(0.106774999935767,0.011,0.00423));
#9318=CARTESIAN_POINT('',(0.106774999935767,0.011,0.00823));
#9319=CARTESIAN_POINT('',(0.106774999935767,0.011,0.00823));
#9320=CARTESIAN_POINT('',(0.106274999967883,0.0110000000321166,0.00823));
#9321=CARTESIAN_POINT('',(0.106774999935767,0.0045,0.00823));
#9322=CARTESIAN_POINT('',(0.106774999935767,0.0045,0.00423));
#9323=CARTESIAN_POINT('',(0.106774999935767,-0.002,0.00423));
#9324=CARTESIAN_POINT('',(0.106774999935767,-0.002,0.00823));
#9325=CARTESIAN_POINT('',(0.106774999935767,-0.002,0.00823));
#9326=CARTESIAN_POINT('',(0.106774999935767,0.0045,0.00823));
#9327=CARTESIAN_POINT('',(0.106274999967883,-0.00200000003211657,0.00823));
#9328=CARTESIAN_POINT('',(0.106274999967883,-0.00200000003211657,0.00423));
#9329=CARTESIAN_POINT('',(0.106274999935767,-0.0025,0.00423));
#9330=CARTESIAN_POINT('',(0.106274999935767,-0.0025,0.00823));
#9331=CARTESIAN_POINT('',(0.106274999935767,-0.0025,0.00823));
#9332=CARTESIAN_POINT('',(0.106274999967883,-0.00200000003211657,0.00823));
#9333=CARTESIAN_POINT('',(0.0997749999357668,-0.0025,0.00823));
#9334=CARTESIAN_POINT('',(0.0997749999357668,-0.0025,0.00423));
#9335=CARTESIAN_POINT('',(0.0932749999357668,-0.0025,0.00423));
#9336=CARTESIAN_POINT('',(0.0932749999357668,-0.0025,0.00823));
#9337=CARTESIAN_POINT('',(0.0932749999357668,-0.0025,0.00823));
#9338=CARTESIAN_POINT('',(0.0997749999357668,-0.0025,0.00823));
#9339=CARTESIAN_POINT('',(0.0932749999036502,-0.00200000003211657,0.00823));
#9340=CARTESIAN_POINT('',(0.0932749999036502,-0.00200000003211657,0.00423));
#9341=CARTESIAN_POINT('',(0.0932749999036502,-0.00200000003211657,0.00823));
#9342=CARTESIAN_POINT('',(0.0737249999357668,0.0045,0.00823));
#9343=CARTESIAN_POINT('',(0.0737249999357668,0.0045,0.00423));
#9344=CARTESIAN_POINT('',(0.0737249999357668,0.011,0.00423));
#9345=CARTESIAN_POINT('',(0.0737249999357668,-0.002,0.00423));
#9346=CARTESIAN_POINT('',(0.0737249999357668,0.011,0.00823));
#9347=CARTESIAN_POINT('',(0.0737249999357668,0.011,0.00823));
#9348=CARTESIAN_POINT('',(0.0737249999357668,0.0045,0.00823));
#9349=CARTESIAN_POINT('',(0.0737249999357668,-0.002,0.00823));
#9350=CARTESIAN_POINT('',(0.0737249999357668,-0.002,0.00823));
#9351=CARTESIAN_POINT('',(0.0742249999036502,0.0110000000321166,0.00823));
#9352=CARTESIAN_POINT('',(0.0742249999036502,0.0110000000321166,0.00423));
#9353=CARTESIAN_POINT('',(0.0742249999357668,0.0115,0.00423));
#9354=CARTESIAN_POINT('',(0.0742249999357668,0.0115,0.00823));
#9355=CARTESIAN_POINT('',(0.0742249999357668,0.0115,0.00823));
#9356=CARTESIAN_POINT('',(0.0742249999036502,0.0110000000321166,0.00823));
#9357=CARTESIAN_POINT('',(0.0807249999357668,0.0115,0.00823));
#9358=CARTESIAN_POINT('',(0.0807249999357668,0.0115,0.00423));
#9359=CARTESIAN_POINT('',(0.0872249999357668,0.0115,0.00423));
#9360=CARTESIAN_POINT('',(0.0872249999357668,0.0115,0.00823));
#9361=CARTESIAN_POINT('',(0.0872249999357668,0.0115,0.00823));
#9362=CARTESIAN_POINT('',(0.0807249999357668,0.0115,0.00823));
#9363=CARTESIAN_POINT('',(0.0872249999678834,0.0110000000321166,0.00823));
#9364=CARTESIAN_POINT('',(0.0872249999678834,0.0110000000321166,0.00423));
#9365=CARTESIAN_POINT('',(0.0877249999357668,0.011,0.00423));
#9366=CARTESIAN_POINT('',(0.0877249999357668,0.011,0.00823));
#9367=CARTESIAN_POINT('',(0.0877249999357668,0.011,0.00823));
#9368=CARTESIAN_POINT('',(0.0872249999678834,0.0110000000321166,0.00823));
#9369=CARTESIAN_POINT('',(0.0877249999357668,0.0045,0.00823));
#9370=CARTESIAN_POINT('',(0.0877249999357668,0.0045,0.00423));
#9371=CARTESIAN_POINT('',(0.0877249999357668,-0.002,0.00423));
#9372=CARTESIAN_POINT('',(0.0877249999357668,-0.002,0.00823));
#9373=CARTESIAN_POINT('',(0.0877249999357668,-0.002,0.00823));
#9374=CARTESIAN_POINT('',(0.0877249999357668,0.0045,0.00823));
#9375=CARTESIAN_POINT('',(0.0872249999678834,-0.00200000003211657,0.00823));
#9376=CARTESIAN_POINT('',(0.0872249999678834,-0.00200000003211657,0.00423));
#9377=CARTESIAN_POINT('',(0.0872249999357668,-0.0025,0.00423));
#9378=CARTESIAN_POINT('',(0.0872249999357668,-0.0025,0.00823));
#9379=CARTESIAN_POINT('',(0.0872249999357668,-0.0025,0.00823));
#9380=CARTESIAN_POINT('',(0.0872249999678834,-0.00200000003211657,0.00823));
#9381=CARTESIAN_POINT('',(0.0807249999357668,-0.0025,0.00823));
#9382=CARTESIAN_POINT('',(0.0807249999357668,-0.0025,0.00423));
#9383=CARTESIAN_POINT('',(0.0742249999357668,-0.0025,0.00423));
#9384=CARTESIAN_POINT('',(0.0742249999357668,-0.0025,0.00823));
#9385=CARTESIAN_POINT('',(0.0742249999357668,-0.0025,0.00823));
#9386=CARTESIAN_POINT('',(0.0807249999357668,-0.0025,0.00823));
#9387=CARTESIAN_POINT('',(0.0742249999036502,-0.00200000003211657,0.00823));
#9388=CARTESIAN_POINT('',(0.0742249999036502,-0.00200000003211657,0.00423));
#9389=CARTESIAN_POINT('',(0.0742249999036502,-0.00200000003211657,0.00823));
#9390=CARTESIAN_POINT('',(0.0546749999357668,0.0045,0.00823));
#9391=CARTESIAN_POINT('',(0.0546749999357668,0.0045,0.00423));
#9392=CARTESIAN_POINT('',(0.0546749999357668,0.011,0.00423));
#9393=CARTESIAN_POINT('',(0.0546749999357668,-0.002,0.00423));
#9394=CARTESIAN_POINT('',(0.0546749999357668,0.011,0.00823));
#9395=CARTESIAN_POINT('',(0.0546749999357668,0.011,0.00823));
#9396=CARTESIAN_POINT('',(0.0546749999357668,0.0045,0.00823));
#9397=CARTESIAN_POINT('',(0.0546749999357668,-0.002,0.00823));
#9398=CARTESIAN_POINT('',(0.0546749999357668,-0.002,0.00823));
#9399=CARTESIAN_POINT('',(0.0551749999036502,0.0110000000321166,0.00823));
#9400=CARTESIAN_POINT('',(0.0551749999036502,0.0110000000321166,0.00423));
#9401=CARTESIAN_POINT('',(0.0551749999357668,0.0115,0.00423));
#9402=CARTESIAN_POINT('',(0.0551749999357668,0.0115,0.00823));
#9403=CARTESIAN_POINT('',(0.0551749999357668,0.0115,0.00823));
#9404=CARTESIAN_POINT('',(0.0551749999036502,0.0110000000321166,0.00823));
#9405=CARTESIAN_POINT('',(0.0616749999357668,0.0115,0.00823));
#9406=CARTESIAN_POINT('',(0.0616749999357668,0.0115,0.00423));
#9407=CARTESIAN_POINT('',(0.0681749999357668,0.0115,0.00423));
#9408=CARTESIAN_POINT('',(0.0681749999357668,0.0115,0.00823));
#9409=CARTESIAN_POINT('',(0.0681749999357668,0.0115,0.00823));
#9410=CARTESIAN_POINT('',(0.0616749999357668,0.0115,0.00823));
#9411=CARTESIAN_POINT('',(0.0681749999678833,0.0110000000321166,0.00823));
#9412=CARTESIAN_POINT('',(0.0681749999678833,0.0110000000321166,0.00423));
#9413=CARTESIAN_POINT('',(0.0686749999357668,0.011,0.00423));
#9414=CARTESIAN_POINT('',(0.0686749999357668,0.011,0.00823));
#9415=CARTESIAN_POINT('',(0.0686749999357668,0.011,0.00823));
#9416=CARTESIAN_POINT('',(0.0681749999678833,0.0110000000321166,0.00823));
#9417=CARTESIAN_POINT('',(0.0686749999357668,0.0045,0.00823));
#9418=CARTESIAN_POINT('',(0.0686749999357668,0.0045,0.00423));
#9419=CARTESIAN_POINT('',(0.0686749999357668,-0.002,0.00423));
#9420=CARTESIAN_POINT('',(0.0686749999357668,-0.002,0.00823));
#9421=CARTESIAN_POINT('',(0.0686749999357668,-0.002,0.00823));
#9422=CARTESIAN_POINT('',(0.0686749999357668,0.0045,0.00823));
#9423=CARTESIAN_POINT('',(0.0681749999678833,-0.00200000003211657,0.00823));
#9424=CARTESIAN_POINT('',(0.0681749999678833,-0.00200000003211657,0.00423));
#9425=CARTESIAN_POINT('',(0.0681749999357668,-0.0025,0.00423));
#9426=CARTESIAN_POINT('',(0.0681749999357668,-0.0025,0.00823));
#9427=CARTESIAN_POINT('',(0.0681749999357668,-0.0025,0.00823));
#9428=CARTESIAN_POINT('',(0.0681749999678833,-0.00200000003211657,0.00823));
#9429=CARTESIAN_POINT('',(0.0616749999357668,-0.0025,0.00823));
#9430=CARTESIAN_POINT('',(0.0616749999357668,-0.0025,0.00423));
#9431=CARTESIAN_POINT('',(0.0551749999357668,-0.0025,0.00423));
#9432=CARTESIAN_POINT('',(0.0551749999357668,-0.0025,0.00823));
#9433=CARTESIAN_POINT('',(0.0551749999357668,-0.0025,0.00823));
#9434=CARTESIAN_POINT('',(0.0616749999357668,-0.0025,0.00823));
#9435=CARTESIAN_POINT('',(0.0551749999036502,-0.00200000003211659,0.00823));
#9436=CARTESIAN_POINT('',(0.0551749999036502,-0.00200000003211659,0.00423));
#9437=CARTESIAN_POINT('',(0.0551749999036502,-0.00200000003211659,0.00823));
#9438=CARTESIAN_POINT('',(0.0356249999357668,0.0045,0.00823));
#9439=CARTESIAN_POINT('',(0.0356249999357668,0.0045,0.00423));
#9440=CARTESIAN_POINT('',(0.0356249999357668,0.011,0.00423));
#9441=CARTESIAN_POINT('',(0.0356249999357668,-0.002,0.00423));
#9442=CARTESIAN_POINT('',(0.0356249999357668,0.011,0.00823));
#9443=CARTESIAN_POINT('',(0.0356249999357668,0.011,0.00823));
#9444=CARTESIAN_POINT('',(0.0356249999357668,0.0045,0.00823));
#9445=CARTESIAN_POINT('',(0.0356249999357668,-0.002,0.00823));
#9446=CARTESIAN_POINT('',(0.0356249999357668,-0.002,0.00823));
#9447=CARTESIAN_POINT('',(0.0361249999036502,0.0110000000321166,0.00823));
#9448=CARTESIAN_POINT('',(0.0361249999036502,0.0110000000321166,0.00423));
#9449=CARTESIAN_POINT('',(0.0361249999357668,0.0115,0.00423));
#9450=CARTESIAN_POINT('',(0.0361249999357668,0.0115,0.00823));
#9451=CARTESIAN_POINT('',(0.0361249999357668,0.0115,0.00823));
#9452=CARTESIAN_POINT('',(0.0361249999036502,0.0110000000321166,0.00823));
#9453=CARTESIAN_POINT('',(0.0426249999357668,0.0115,0.00823));
#9454=CARTESIAN_POINT('',(0.0426249999357668,0.0115,0.00423));
#9455=CARTESIAN_POINT('',(0.0491249999357668,0.0115,0.00423));
#9456=CARTESIAN_POINT('',(0.0491249999357668,0.0115,0.00823));
#9457=CARTESIAN_POINT('',(0.0491249999357668,0.0115,0.00823));
#9458=CARTESIAN_POINT('',(0.0426249999357668,0.0115,0.00823));
#9459=CARTESIAN_POINT('',(0.0491249999678834,0.0110000000321166,0.00823));
#9460=CARTESIAN_POINT('',(0.0491249999678834,0.0110000000321166,0.00423));
#9461=CARTESIAN_POINT('',(0.0496249999357668,0.011,0.00423));
#9462=CARTESIAN_POINT('',(0.0496249999357668,0.011,0.00823));
#9463=CARTESIAN_POINT('',(0.0496249999357668,0.011,0.00823));
#9464=CARTESIAN_POINT('',(0.0491249999678834,0.0110000000321166,0.00823));
#9465=CARTESIAN_POINT('',(0.0496249999357668,0.0045,0.00823));
#9466=CARTESIAN_POINT('',(0.0496249999357668,0.0045,0.00423));
#9467=CARTESIAN_POINT('',(0.0496249999357668,-0.002,0.00423));
#9468=CARTESIAN_POINT('',(0.0496249999357668,-0.002,0.00823));
#9469=CARTESIAN_POINT('',(0.0496249999357668,-0.002,0.00823));
#9470=CARTESIAN_POINT('',(0.0496249999357668,0.0045,0.00823));
#9471=CARTESIAN_POINT('',(0.0491249999678834,-0.00200000003211657,0.00823));
#9472=CARTESIAN_POINT('',(0.0491249999678834,-0.00200000003211657,0.00423));
#9473=CARTESIAN_POINT('',(0.0491249999357668,-0.0025,0.00423));
#9474=CARTESIAN_POINT('',(0.0491249999357668,-0.0025,0.00823));
#9475=CARTESIAN_POINT('',(0.0491249999357668,-0.0025,0.00823));
#9476=CARTESIAN_POINT('',(0.0491249999678834,-0.00200000003211657,0.00823));
#9477=CARTESIAN_POINT('',(0.0426249999357668,-0.0025,0.00823));
#9478=CARTESIAN_POINT('',(0.0426249999357668,-0.0025,0.00423));
#9479=CARTESIAN_POINT('',(0.0361249999357668,-0.0025,0.00423));
#9480=CARTESIAN_POINT('',(0.0361249999357668,-0.0025,0.00823));
#9481=CARTESIAN_POINT('',(0.0361249999357668,-0.0025,0.00823));
#9482=CARTESIAN_POINT('',(0.0426249999357668,-0.0025,0.00823));
#9483=CARTESIAN_POINT('',(0.0361249999036502,-0.00200000003211659,0.00823));
#9484=CARTESIAN_POINT('',(0.0361249999036502,-0.00200000003211659,0.00423));
#9485=CARTESIAN_POINT('',(0.0361249999036502,-0.00200000003211659,0.00823));
#9486=CARTESIAN_POINT('',(0.0165749999357668,0.0045,0.00823));
#9487=CARTESIAN_POINT('',(0.0165749999357668,0.0045,0.00423));
#9488=CARTESIAN_POINT('',(0.0165749999357668,0.011,0.00423));
#9489=CARTESIAN_POINT('',(0.0165749999357668,-0.002,0.00423));
#9490=CARTESIAN_POINT('',(0.0165749999357668,0.011,0.00823));
#9491=CARTESIAN_POINT('',(0.0165749999357668,0.011,0.00823));
#9492=CARTESIAN_POINT('',(0.0165749999357668,0.0045,0.00823));
#9493=CARTESIAN_POINT('',(0.0165749999357668,-0.002,0.00823));
#9494=CARTESIAN_POINT('',(0.0165749999357668,-0.002,0.00823));
#9495=CARTESIAN_POINT('',(0.0170749999036502,0.0110000000321166,0.00823));
#9496=CARTESIAN_POINT('',(0.0170749999036502,0.0110000000321166,0.00423));
#9497=CARTESIAN_POINT('',(0.0170749999357668,0.0115,0.00423));
#9498=CARTESIAN_POINT('',(0.0170749999357668,0.0115,0.00823));
#9499=CARTESIAN_POINT('',(0.0170749999357668,0.0115,0.00823));
#9500=CARTESIAN_POINT('',(0.0170749999036502,0.0110000000321166,0.00823));
#9501=CARTESIAN_POINT('',(0.0235749999357668,0.0115,0.00823));
#9502=CARTESIAN_POINT('',(0.0235749999357668,0.0115,0.00423));
#9503=CARTESIAN_POINT('',(0.0300749999357668,0.0115,0.00423));
#9504=CARTESIAN_POINT('',(0.0300749999357668,0.0115,0.00823));
#9505=CARTESIAN_POINT('',(0.0300749999357668,0.0115,0.00823));
#9506=CARTESIAN_POINT('',(0.0235749999357668,0.0115,0.00823));
#9507=CARTESIAN_POINT('',(0.0300749999678834,0.0110000000321166,0.00823));
#9508=CARTESIAN_POINT('',(0.0300749999678834,0.0110000000321166,0.00423));
#9509=CARTESIAN_POINT('',(0.0305749999357668,0.011,0.00423));
#9510=CARTESIAN_POINT('',(0.0305749999357668,0.011,0.00823));
#9511=CARTESIAN_POINT('',(0.0305749999357668,0.011,0.00823));
#9512=CARTESIAN_POINT('',(0.0300749999678834,0.0110000000321166,0.00823));
#9513=CARTESIAN_POINT('',(0.0305749999357668,0.0045,0.00823));
#9514=CARTESIAN_POINT('',(0.0305749999357668,0.0045,0.00423));
#9515=CARTESIAN_POINT('',(0.0305749999357668,-0.002,0.00423));
#9516=CARTESIAN_POINT('',(0.0305749999357668,-0.002,0.00823));
#9517=CARTESIAN_POINT('',(0.0305749999357668,-0.002,0.00823));
#9518=CARTESIAN_POINT('',(0.0305749999357668,0.0045,0.00823));
#9519=CARTESIAN_POINT('',(0.0300749999678834,-0.00200000003211657,0.00823));
#9520=CARTESIAN_POINT('',(0.0300749999678834,-0.00200000003211657,0.00423));
#9521=CARTESIAN_POINT('',(0.0300749999357668,-0.0025,0.00423));
#9522=CARTESIAN_POINT('',(0.0300749999357668,-0.0025,0.00823));
#9523=CARTESIAN_POINT('',(0.0300749999357668,-0.0025,0.00823));
#9524=CARTESIAN_POINT('',(0.0300749999678834,-0.00200000003211657,0.00823));
#9525=CARTESIAN_POINT('',(0.0235749999357668,-0.0025,0.00823));
#9526=CARTESIAN_POINT('',(0.0235749999357668,-0.0025,0.00423));
#9527=CARTESIAN_POINT('',(0.0170749999357668,-0.0025,0.00423));
#9528=CARTESIAN_POINT('',(0.0170749999357668,-0.0025,0.00823));
#9529=CARTESIAN_POINT('',(0.0170749999357668,-0.0025,0.00823));
#9530=CARTESIAN_POINT('',(0.0235749999357668,-0.0025,0.00823));
#9531=CARTESIAN_POINT('',(0.0170749999036502,-0.00200000003211658,0.00823));
#9532=CARTESIAN_POINT('',(0.0170749999036502,-0.00200000003211658,0.00423));
#9533=CARTESIAN_POINT('',(0.0170749999036502,-0.00200000003211658,0.00823));
#9534=CARTESIAN_POINT('',(0.0880124999357668,0.02355,0.00823));
#9535=CARTESIAN_POINT('',(0.0880124999357668,0.02355,0.00423));
#9536=CARTESIAN_POINT('',(0.0880124999357668,0.03005,0.00423));
#9537=CARTESIAN_POINT('',(0.0880124999357668,0.01705,0.00423));
#9538=CARTESIAN_POINT('',(0.0880124999357668,0.03005,0.00823));
#9539=CARTESIAN_POINT('',(0.0880124999357668,0.03005,0.00823));
#9540=CARTESIAN_POINT('',(0.0880124999357668,0.02355,0.00823));
#9541=CARTESIAN_POINT('',(0.0880124999357668,0.01705,0.00823));
#9542=CARTESIAN_POINT('',(0.0880124999357668,0.01705,0.00823));
#9543=CARTESIAN_POINT('',(0.0885124999036502,0.0300500000321165,0.00823));
#9544=CARTESIAN_POINT('',(0.0885124999036502,0.0300500000321165,0.00423));
#9545=CARTESIAN_POINT('',(0.0885124999357668,0.03055,0.00423));
#9546=CARTESIAN_POINT('',(0.0885124999357668,0.03055,0.00823));
#9547=CARTESIAN_POINT('',(0.0885124999357668,0.03055,0.00823));
#9548=CARTESIAN_POINT('',(0.0885124999036502,0.0300500000321165,0.00823));
#9549=CARTESIAN_POINT('',(0.0950124999357668,0.03055,0.00823));
#9550=CARTESIAN_POINT('',(0.0950124999357668,0.03055,0.00423));
#9551=CARTESIAN_POINT('',(0.101512499935767,0.03055,0.00423));
#9552=CARTESIAN_POINT('',(0.101512499935767,0.03055,0.00823));
#9553=CARTESIAN_POINT('',(0.101512499935767,0.03055,0.00823));
#9554=CARTESIAN_POINT('',(0.0950124999357668,0.03055,0.00823));
#9555=CARTESIAN_POINT('',(0.101512499967883,0.0300500000321165,0.00823));
#9556=CARTESIAN_POINT('',(0.101512499967883,0.0300500000321165,0.00423));
#9557=CARTESIAN_POINT('',(0.102012499935767,0.03005,0.00423));
#9558=CARTESIAN_POINT('',(0.102012499935767,0.03005,0.00823));
#9559=CARTESIAN_POINT('',(0.102012499935767,0.03005,0.00823));
#9560=CARTESIAN_POINT('',(0.101512499967883,0.0300500000321165,0.00823));
#9561=CARTESIAN_POINT('',(0.102012499935767,0.02355,0.00823));
#9562=CARTESIAN_POINT('',(0.102012499935767,0.02355,0.00423));
#9563=CARTESIAN_POINT('',(0.102012499935767,0.01705,0.00423));
#9564=CARTESIAN_POINT('',(0.102012499935767,0.01705,0.00823));
#9565=CARTESIAN_POINT('',(0.102012499935767,0.01705,0.00823));
#9566=CARTESIAN_POINT('',(0.102012499935767,0.02355,0.00823));
#9567=CARTESIAN_POINT('',(0.101512499967883,0.0170499999678835,0.00823));
#9568=CARTESIAN_POINT('',(0.101512499967883,0.0170499999678835,0.00423));
#9569=CARTESIAN_POINT('',(0.101512499935767,0.01655,0.00423));
#9570=CARTESIAN_POINT('',(0.101512499935767,0.01655,0.00823));
#9571=CARTESIAN_POINT('',(0.101512499935767,0.01655,0.00823));
#9572=CARTESIAN_POINT('',(0.101512499967883,0.0170499999678835,0.00823));
#9573=CARTESIAN_POINT('',(0.0950124999357668,0.01655,0.00823));
#9574=CARTESIAN_POINT('',(0.0950124999357668,0.01655,0.00423));
#9575=CARTESIAN_POINT('',(0.0885124999357668,0.01655,0.00423));
#9576=CARTESIAN_POINT('',(0.0885124999357668,0.01655,0.00823));
#9577=CARTESIAN_POINT('',(0.0885124999357668,0.01655,0.00823));
#9578=CARTESIAN_POINT('',(0.0950124999357668,0.01655,0.00823));
#9579=CARTESIAN_POINT('',(0.0885124999036502,0.0170499999678835,0.00823));
#9580=CARTESIAN_POINT('',(0.0885124999036502,0.0170499999678835,0.00423));
#9581=CARTESIAN_POINT('',(0.0885124999036502,0.0170499999678835,0.00823));
#9582=CARTESIAN_POINT('',(0.0641999999357668,0.02355,0.00823));
#9583=CARTESIAN_POINT('',(0.0641999999357668,0.02355,0.00423));
#9584=CARTESIAN_POINT('',(0.0641999999357668,0.03005,0.00423));
#9585=CARTESIAN_POINT('',(0.0641999999357668,0.01705,0.00423));
#9586=CARTESIAN_POINT('',(0.0641999999357668,0.03005,0.00823));
#9587=CARTESIAN_POINT('',(0.0641999999357668,0.03005,0.00823));
#9588=CARTESIAN_POINT('',(0.0641999999357668,0.02355,0.00823));
#9589=CARTESIAN_POINT('',(0.0641999999357668,0.01705,0.00823));
#9590=CARTESIAN_POINT('',(0.0641999999357668,0.01705,0.00823));
#9591=CARTESIAN_POINT('',(0.0646999999036502,0.0300500000321165,0.00823));
#9592=CARTESIAN_POINT('',(0.0646999999036502,0.0300500000321165,0.00423));
#9593=CARTESIAN_POINT('',(0.0646999999357668,0.03055,0.00423));
#9594=CARTESIAN_POINT('',(0.0646999999357668,0.03055,0.00823));
#9595=CARTESIAN_POINT('',(0.0646999999357668,0.03055,0.00823));
#9596=CARTESIAN_POINT('',(0.0646999999036502,0.0300500000321165,0.00823));
#9597=CARTESIAN_POINT('',(0.0711999999357668,0.03055,0.00823));
#9598=CARTESIAN_POINT('',(0.0711999999357668,0.03055,0.00423));
#9599=CARTESIAN_POINT('',(0.0776999999357668,0.03055,0.00423));
#9600=CARTESIAN_POINT('',(0.0776999999357668,0.03055,0.00823));
#9601=CARTESIAN_POINT('',(0.0776999999357668,0.03055,0.00823));
#9602=CARTESIAN_POINT('',(0.0711999999357668,0.03055,0.00823));
#9603=CARTESIAN_POINT('',(0.0776999999678834,0.0300500000321166,0.00823));
#9604=CARTESIAN_POINT('',(0.0776999999678834,0.0300500000321166,0.00423));
#9605=CARTESIAN_POINT('',(0.0781999999357668,0.03005,0.00423));
#9606=CARTESIAN_POINT('',(0.0781999999357668,0.03005,0.00823));
#9607=CARTESIAN_POINT('',(0.0781999999357668,0.03005,0.00823));
#9608=CARTESIAN_POINT('',(0.0776999999678834,0.0300500000321166,0.00823));
#9609=CARTESIAN_POINT('',(0.0781999999357668,0.02355,0.00823));
#9610=CARTESIAN_POINT('',(0.0781999999357668,0.02355,0.00423));
#9611=CARTESIAN_POINT('',(0.0781999999357668,0.01705,0.00423));
#9612=CARTESIAN_POINT('',(0.0781999999357668,0.01705,0.00823));
#9613=CARTESIAN_POINT('',(0.0781999999357668,0.01705,0.00823));
#9614=CARTESIAN_POINT('',(0.0781999999357668,0.02355,0.00823));
#9615=CARTESIAN_POINT('',(0.0776999999678834,0.0170499999678834,0.00823));
#9616=CARTESIAN_POINT('',(0.0776999999678834,0.0170499999678834,0.00423));
#9617=CARTESIAN_POINT('',(0.0776999999357668,0.01655,0.00423));
#9618=CARTESIAN_POINT('',(0.0776999999357668,0.01655,0.00823));
#9619=CARTESIAN_POINT('',(0.0776999999357668,0.01655,0.00823));
#9620=CARTESIAN_POINT('',(0.0776999999678834,0.0170499999678834,0.00823));
#9621=CARTESIAN_POINT('',(0.0711999999357668,0.01655,0.00823));
#9622=CARTESIAN_POINT('',(0.0711999999357668,0.01655,0.00423));
#9623=CARTESIAN_POINT('',(0.0646999999357668,0.01655,0.00423));
#9624=CARTESIAN_POINT('',(0.0646999999357668,0.01655,0.00823));
#9625=CARTESIAN_POINT('',(0.0646999999357668,0.01655,0.00823));
#9626=CARTESIAN_POINT('',(0.0711999999357668,0.01655,0.00823));
#9627=CARTESIAN_POINT('',(0.0646999999036502,0.0170499999678835,0.00823));
#9628=CARTESIAN_POINT('',(0.0646999999036502,0.0170499999678835,0.00423));
#9629=CARTESIAN_POINT('',(0.0646999999036502,0.0170499999678835,0.00823));
#9630=CARTESIAN_POINT('',(0.0451499999357668,0.02355,0.00823));
#9631=CARTESIAN_POINT('',(0.0451499999357668,0.02355,0.00423));
#9632=CARTESIAN_POINT('',(0.0451499999357668,0.03005,0.00423));
#9633=CARTESIAN_POINT('',(0.0451499999357668,0.01705,0.00423));
#9634=CARTESIAN_POINT('',(0.0451499999357668,0.03005,0.00823));
#9635=CARTESIAN_POINT('',(0.0451499999357668,0.03005,0.00823));
#9636=CARTESIAN_POINT('',(0.0451499999357668,0.02355,0.00823));
#9637=CARTESIAN_POINT('',(0.0451499999357668,0.01705,0.00823));
#9638=CARTESIAN_POINT('',(0.0451499999357668,0.01705,0.00823));
#9639=CARTESIAN_POINT('',(0.0456499999036502,0.0300500000321165,0.00823));
#9640=CARTESIAN_POINT('',(0.0456499999036502,0.0300500000321165,0.00423));
#9641=CARTESIAN_POINT('',(0.0456499999357668,0.03055,0.00423));
#9642=CARTESIAN_POINT('',(0.0456499999357668,0.03055,0.00823));
#9643=CARTESIAN_POINT('',(0.0456499999357668,0.03055,0.00823));
#9644=CARTESIAN_POINT('',(0.0456499999036502,0.0300500000321165,0.00823));
#9645=CARTESIAN_POINT('',(0.0521499999357668,0.03055,0.00823));
#9646=CARTESIAN_POINT('',(0.0521499999357668,0.03055,0.00423));
#9647=CARTESIAN_POINT('',(0.0586499999357668,0.03055,0.00423));
#9648=CARTESIAN_POINT('',(0.0586499999357668,0.03055,0.00823));
#9649=CARTESIAN_POINT('',(0.0586499999357668,0.03055,0.00823));
#9650=CARTESIAN_POINT('',(0.0521499999357668,0.03055,0.00823));
#9651=CARTESIAN_POINT('',(0.0586499999678834,0.0300500000321165,0.00823));
#9652=CARTESIAN_POINT('',(0.0586499999678834,0.0300500000321165,0.00423));
#9653=CARTESIAN_POINT('',(0.0591499999357668,0.03005,0.00423));
#9654=CARTESIAN_POINT('',(0.0591499999357668,0.03005,0.00823));
#9655=CARTESIAN_POINT('',(0.0591499999357668,0.03005,0.00823));
#9656=CARTESIAN_POINT('',(0.0586499999678834,0.0300500000321165,0.00823));
#9657=CARTESIAN_POINT('',(0.0591499999357668,0.02355,0.00823));
#9658=CARTESIAN_POINT('',(0.0591499999357668,0.02355,0.00423));
#9659=CARTESIAN_POINT('',(0.0591499999357668,0.01705,0.00423));
#9660=CARTESIAN_POINT('',(0.0591499999357668,0.01705,0.00823));
#9661=CARTESIAN_POINT('',(0.0591499999357668,0.01705,0.00823));
#9662=CARTESIAN_POINT('',(0.0591499999357668,0.02355,0.00823));
#9663=CARTESIAN_POINT('',(0.0586499999678834,0.0170499999678835,0.00823));
#9664=CARTESIAN_POINT('',(0.0586499999678834,0.0170499999678835,0.00423));
#9665=CARTESIAN_POINT('',(0.0586499999357668,0.01655,0.00423));
#9666=CARTESIAN_POINT('',(0.0586499999357668,0.01655,0.00823));
#9667=CARTESIAN_POINT('',(0.0586499999357668,0.01655,0.00823));
#9668=CARTESIAN_POINT('',(0.0586499999678834,0.0170499999678835,0.00823));
#9669=CARTESIAN_POINT('',(0.0521499999357668,0.01655,0.00823));
#9670=CARTESIAN_POINT('',(0.0521499999357668,0.01655,0.00423));
#9671=CARTESIAN_POINT('',(0.0456499999357668,0.01655,0.00423));
#9672=CARTESIAN_POINT('',(0.0456499999357668,0.01655,0.00823));
#9673=CARTESIAN_POINT('',(0.0456499999357668,0.01655,0.00823));
#9674=CARTESIAN_POINT('',(0.0521499999357668,0.01655,0.00823));
#9675=CARTESIAN_POINT('',(0.0456499999036502,0.0170499999678835,0.00823));
#9676=CARTESIAN_POINT('',(0.0456499999036502,0.0170499999678835,0.00423));
#9677=CARTESIAN_POINT('',(0.0456499999036502,0.0170499999678835,0.00823));
#9678=CARTESIAN_POINT('',(0.0260999999357668,0.02355,0.00823));
#9679=CARTESIAN_POINT('',(0.0260999999357668,0.02355,0.00423));
#9680=CARTESIAN_POINT('',(0.0260999999357668,0.03005,0.00423));
#9681=CARTESIAN_POINT('',(0.0260999999357668,0.01705,0.00423));
#9682=CARTESIAN_POINT('',(0.0260999999357668,0.03005,0.00823));
#9683=CARTESIAN_POINT('',(0.0260999999357668,0.03005,0.00823));
#9684=CARTESIAN_POINT('',(0.0260999999357668,0.02355,0.00823));
#9685=CARTESIAN_POINT('',(0.0260999999357668,0.01705,0.00823));
#9686=CARTESIAN_POINT('',(0.0260999999357668,0.01705,0.00823));
#9687=CARTESIAN_POINT('',(0.0265999999036503,0.0300500000321166,0.00823));
#9688=CARTESIAN_POINT('',(0.0265999999036503,0.0300500000321166,0.00423));
#9689=CARTESIAN_POINT('',(0.0265999999357668,0.03055,0.00423));
#9690=CARTESIAN_POINT('',(0.0265999999357668,0.03055,0.00823));
#9691=CARTESIAN_POINT('',(0.0265999999357668,0.03055,0.00823));
#9692=CARTESIAN_POINT('',(0.0265999999036503,0.0300500000321166,0.00823));
#9693=CARTESIAN_POINT('',(0.0330999999357668,0.03055,0.00823));
#9694=CARTESIAN_POINT('',(0.0330999999357668,0.03055,0.00423));
#9695=CARTESIAN_POINT('',(0.0395999999357668,0.03055,0.00423));
#9696=CARTESIAN_POINT('',(0.0395999999357668,0.03055,0.00823));
#9697=CARTESIAN_POINT('',(0.0395999999357668,0.03055,0.00823));
#9698=CARTESIAN_POINT('',(0.0330999999357668,0.03055,0.00823));
#9699=CARTESIAN_POINT('',(0.0395999999678834,0.0300500000321165,0.00823));
#9700=CARTESIAN_POINT('',(0.0395999999678834,0.0300500000321165,0.00423));
#9701=CARTESIAN_POINT('',(0.0400999999357668,0.03005,0.00423));
#9702=CARTESIAN_POINT('',(0.0400999999357668,0.03005,0.00823));
#9703=CARTESIAN_POINT('',(0.0400999999357668,0.03005,0.00823));
#9704=CARTESIAN_POINT('',(0.0395999999678834,0.0300500000321165,0.00823));
#9705=CARTESIAN_POINT('',(0.0400999999357668,0.02355,0.00823));
#9706=CARTESIAN_POINT('',(0.0400999999357668,0.02355,0.00423));
#9707=CARTESIAN_POINT('',(0.0400999999357668,0.01705,0.00423));
#9708=CARTESIAN_POINT('',(0.0400999999357668,0.01705,0.00823));
#9709=CARTESIAN_POINT('',(0.0400999999357668,0.01705,0.00823));
#9710=CARTESIAN_POINT('',(0.0400999999357668,0.02355,0.00823));
#9711=CARTESIAN_POINT('',(0.0395999999678834,0.0170499999678835,0.00823));
#9712=CARTESIAN_POINT('',(0.0395999999678834,0.0170499999678835,0.00423));
#9713=CARTESIAN_POINT('',(0.0395999999357668,0.01655,0.00423));
#9714=CARTESIAN_POINT('',(0.0395999999357668,0.01655,0.00823));
#9715=CARTESIAN_POINT('',(0.0395999999357668,0.01655,0.00823));
#9716=CARTESIAN_POINT('',(0.0395999999678834,0.0170499999678835,0.00823));
#9717=CARTESIAN_POINT('',(0.0330999999357668,0.01655,0.00823));
#9718=CARTESIAN_POINT('',(0.0330999999357668,0.01655,0.00423));
#9719=CARTESIAN_POINT('',(0.0265999999357668,0.01655,0.00423));
#9720=CARTESIAN_POINT('',(0.0265999999357668,0.01655,0.00823));
#9721=CARTESIAN_POINT('',(0.0265999999357668,0.01655,0.00823));
#9722=CARTESIAN_POINT('',(0.0330999999357668,0.01655,0.00823));
#9723=CARTESIAN_POINT('',(0.0265999999036503,0.0170499999678835,0.00823));
#9724=CARTESIAN_POINT('',(0.0265999999036503,0.0170499999678835,0.00423));
#9725=CARTESIAN_POINT('',(0.0265999999036503,0.0170499999678835,0.00823));
#9726=CARTESIAN_POINT('',(0.00704999993576677,0.02355,0.00823));
#9727=CARTESIAN_POINT('',(0.00704999993576677,0.02355,0.00423));
#9728=CARTESIAN_POINT('',(0.00704999993576677,0.03005,0.00423));
#9729=CARTESIAN_POINT('',(0.00704999993576677,0.01705,0.00423));
#9730=CARTESIAN_POINT('',(0.00704999993576677,0.03005,0.00823));
#9731=CARTESIAN_POINT('',(0.00704999993576677,0.03005,0.00823));
#9732=CARTESIAN_POINT('',(0.00704999993576677,0.02355,0.00823));
#9733=CARTESIAN_POINT('',(0.00704999993576677,0.01705,0.00823));
#9734=CARTESIAN_POINT('',(0.00704999993576677,0.01705,0.00823));
#9735=CARTESIAN_POINT('',(0.00754999990365021,0.0300500000321166,0.00823));
#9736=CARTESIAN_POINT('',(0.00754999990365021,0.0300500000321166,0.00423));
#9737=CARTESIAN_POINT('',(0.00754999993576677,0.03055,0.00423));
#9738=CARTESIAN_POINT('',(0.00754999993576677,0.03055,0.00823));
#9739=CARTESIAN_POINT('',(0.00754999993576677,0.03055,0.00823));
#9740=CARTESIAN_POINT('',(0.00754999990365021,0.0300500000321166,0.00823));
#9741=CARTESIAN_POINT('',(0.0140499999357668,0.03055,0.00823));
#9742=CARTESIAN_POINT('',(0.0140499999357668,0.03055,0.00423));
#9743=CARTESIAN_POINT('',(0.0205499999357668,0.03055,0.00423));
#9744=CARTESIAN_POINT('',(0.0205499999357668,0.03055,0.00823));
#9745=CARTESIAN_POINT('',(0.0205499999357668,0.03055,0.00823));
#9746=CARTESIAN_POINT('',(0.0140499999357668,0.03055,0.00823));
#9747=CARTESIAN_POINT('',(0.0205499999678833,0.0300500000321166,0.00823));
#9748=CARTESIAN_POINT('',(0.0205499999678833,0.0300500000321166,0.00423));
#9749=CARTESIAN_POINT('',(0.0210499999357668,0.03005,0.00423));
#9750=CARTESIAN_POINT('',(0.0210499999357668,0.03005,0.00823));
#9751=CARTESIAN_POINT('',(0.0210499999357668,0.03005,0.00823));
#9752=CARTESIAN_POINT('',(0.0205499999678833,0.0300500000321166,0.00823));
#9753=CARTESIAN_POINT('',(0.0210499999357668,0.02355,0.00823));
#9754=CARTESIAN_POINT('',(0.0210499999357668,0.02355,0.00423));
#9755=CARTESIAN_POINT('',(0.0210499999357668,0.01705,0.00423));
#9756=CARTESIAN_POINT('',(0.0210499999357668,0.01705,0.00823));
#9757=CARTESIAN_POINT('',(0.0210499999357668,0.01705,0.00823));
#9758=CARTESIAN_POINT('',(0.0210499999357668,0.02355,0.00823));
#9759=CARTESIAN_POINT('',(0.0205499999678833,0.0170499999678835,0.00823));
#9760=CARTESIAN_POINT('',(0.0205499999678833,0.0170499999678835,0.00423));
#9761=CARTESIAN_POINT('',(0.0205499999357668,0.01655,0.00423));
#9762=CARTESIAN_POINT('',(0.0205499999357668,0.01655,0.00823));
#9763=CARTESIAN_POINT('',(0.0205499999357668,0.01655,0.00823));
#9764=CARTESIAN_POINT('',(0.0205499999678833,0.0170499999678835,0.00823));
#9765=CARTESIAN_POINT('',(0.0140499999357668,0.01655,0.00823));
#9766=CARTESIAN_POINT('',(0.0140499999357668,0.01655,0.00423));
#9767=CARTESIAN_POINT('',(0.00754999993576677,0.01655,0.00423));
#9768=CARTESIAN_POINT('',(0.00754999993576677,0.01655,0.00823));
#9769=CARTESIAN_POINT('',(0.00754999993576677,0.01655,0.00823));
#9770=CARTESIAN_POINT('',(0.0140499999357668,0.01655,0.00823));
#9771=CARTESIAN_POINT('',(0.00754999990365021,0.0170499999678835,0.00823));
#9772=CARTESIAN_POINT('',(0.00754999990365021,0.0170499999678835,0.00423));
#9773=CARTESIAN_POINT('',(0.00754999990365021,0.0170499999678835,0.00823));
#9774=CARTESIAN_POINT('',(-0.00169375,-0.00250624999999993,0.00423));
#9775=CARTESIAN_POINT('',(-0.00169375,-0.07818125,0.00423));
#9776=CARTESIAN_POINT('',(-0.0248,-0.07818125,0.00423));
#9777=CARTESIAN_POINT('',(-0.0248,-0.06068125,0.00423));
#9778=CARTESIAN_POINT('',(-0.0248,-0.04318125,0.00423));
#9779=CARTESIAN_POINT('',(-0.0248,-0.04318125,0.00423));
#9780=CARTESIAN_POINT('',(0.,-0.04318125,0.00423));
#9781=CARTESIAN_POINT('',(0.,-0.00250624999999993,0.00423));
#9782=CARTESIAN_POINT('',(0.,-0.0406,0.00423));
#9783=CARTESIAN_POINT('',(-0.000237500064233217,-0.0406,0.00423));
#9784=CARTESIAN_POINT('',(-0.000237500064233217,-0.0266,0.00423));
#9785=CARTESIAN_POINT('',(0.,-0.0266,0.00423));
#9786=CARTESIAN_POINT('',(0.,-0.00250624999999993,0.00423));
#9787=CARTESIAN_POINT('',(0.,-0.0025,0.00423));
#9788=CARTESIAN_POINT('',(0.0045249999357668,-0.0025,0.00423));
#9789=CARTESIAN_POINT('',(0.0045249999357668,0.0115,0.00423));
#9790=CARTESIAN_POINT('',(0.,0.0115,0.00423));
#9791=CARTESIAN_POINT('',(0.,-0.00250624999999993,0.00423));
#9792=CARTESIAN_POINT('',(0.,0.01655,0.00423));
#9793=CARTESIAN_POINT('',(-0.00500000006423321,0.01655,0.00423));
#9794=CARTESIAN_POINT('',(-0.00500000006423321,0.03055,0.00423));
#9795=CARTESIAN_POINT('',(0.,0.03055,0.00423));
#9796=CARTESIAN_POINT('',(0.,-0.00250624999999993,0.00423));
#9797=CARTESIAN_POINT('',(0.,0.03816875,0.00423));
#9798=CARTESIAN_POINT('',(-0.0248,0.03816875,0.00423));
#9799=CARTESIAN_POINT('',(-0.0248,0.03816875,0.00423));
#9800=CARTESIAN_POINT('',(-0.0248,-0.00250624999999993,0.00423));
#9801=CARTESIAN_POINT('',(-0.0248,0.07316875,0.00423));
#9802=CARTESIAN_POINT('',(-0.00169375,0.07316875,0.00423));
#9803=CARTESIAN_POINT('',(-0.00169375,-0.00250624999999993,0.00823));
#9804=CARTESIAN_POINT('',(0.,-0.00250624999999993,0.00823));
#9805=CARTESIAN_POINT('',(0.,-0.07818125,0.00823));
#9806=CARTESIAN_POINT('',(0.,-0.0406,0.00823));
#9807=CARTESIAN_POINT('',(-0.00169375,-0.07818125,0.00823));
#9808=CARTESIAN_POINT('',(-0.00169375,0.07316875,0.00823));
#9809=CARTESIAN_POINT('',(0.,0.07316875,0.00823));
#9810=CARTESIAN_POINT('',(0.,-0.00250624999999993,0.00823));
#9811=CARTESIAN_POINT('',(0.,0.03055,0.00823));
#9812=CARTESIAN_POINT('',(-0.00500000006423321,0.03055,0.00823));
#9813=CARTESIAN_POINT('',(-0.00500000006423321,0.01655,0.00823));
#9814=CARTESIAN_POINT('',(0.,0.01655,0.00823));
#9815=CARTESIAN_POINT('',(0.,-0.00250624999999993,0.00823));
#9816=CARTESIAN_POINT('',(0.,0.0115,0.00823));
#9817=CARTESIAN_POINT('',(0.0045249999357668,0.0115,0.00823));
#9818=CARTESIAN_POINT('',(0.0045249999357668,-0.0025,0.00823));
#9819=CARTESIAN_POINT('',(0.,-0.0025,0.00823));
#9820=CARTESIAN_POINT('',(0.,-0.00250624999999993,0.00823));
#9821=CARTESIAN_POINT('',(0.,-0.0266,0.00823));
#9822=CARTESIAN_POINT('',(-0.000237500064233217,-0.0266,0.00823));
#9823=CARTESIAN_POINT('',(-0.000237500064233217,-0.0406,0.00823));
#9824=CARTESIAN_POINT('',(-0.00500000006423321,0.01655,0.00823));
#9825=CARTESIAN_POINT('',(0.,0.01655,0.00823));
#9826=CARTESIAN_POINT('',(0.0045249999357668,-0.0025,0.00823));
#9827=CARTESIAN_POINT('',(0.,-0.0025,0.00823));
#9828=CARTESIAN_POINT('',(-0.000237500064233217,-0.0406,0.00823));
#9829=CARTESIAN_POINT('',(0.,-0.0406,0.00823));
#9830=CARTESIAN_POINT('',(-0.00500000006423321,0.03055,0.00823));
#9831=CARTESIAN_POINT('',(0.,0.03055,0.00823));
#9832=CARTESIAN_POINT('',(0.0045249999357668,0.0115,0.00823));
#9833=CARTESIAN_POINT('',(0.,0.0115,0.00823));
#9834=CARTESIAN_POINT('',(-0.000237500064233217,-0.0266,0.00823));
#9835=CARTESIAN_POINT('',(0.,-0.0266,0.00823));
#9836=CARTESIAN_POINT('',(-0.00169375,0.07316875,0.00823));
#9837=CARTESIAN_POINT('',(0.,0.07316875,0.00823));
#9838=CARTESIAN_POINT('',(0.,0.07316875,0.00623));
#9839=CARTESIAN_POINT('',(-0.0248,0.07316875,0.00823));
#9840=CARTESIAN_POINT('',(-0.0248,0.07316875,0.00623));
#9841=CARTESIAN_POINT('',(-0.0248,0.07316875,0.00623));
#9842=CARTESIAN_POINT('',(-0.00169375,-0.07818125,0.00823));
#9843=CARTESIAN_POINT('',(0.,-0.07818125,0.00823));
#9844=CARTESIAN_POINT('',(0.,-0.07818125,0.00623));
#9845=CARTESIAN_POINT('',(-0.0248,-0.07818125,0.00623));
#9846=CARTESIAN_POINT('',(-0.0248,-0.07818125,0.00623));
#9847=CARTESIAN_POINT('',(-0.0248,-0.07818125,0.00523));
#9848=CARTESIAN_POINT('',(0.,0.,0.));
#9849=CARTESIAN_POINT('',(0.,0.05566875,0.00623));
#9850=CARTESIAN_POINT('',(0.,0.03816875,0.00623));
#9851=CARTESIAN_POINT('',(0.,0.03816875,0.00523));
#9852=CARTESIAN_POINT('',(0.,0.,0.));
#9853=CARTESIAN_POINT('',(0.,0.,0.));
#9854=CARTESIAN_POINT('',(0.,0.,0.));
#9855=CARTESIAN_POINT('',(0.,-0.04318125,0.00523));
#9856=CARTESIAN_POINT('',(0.,-0.04318125,0.00623));
#9857=CARTESIAN_POINT('',(0.,-0.06068125,0.00623));
#9858=CARTESIAN_POINT('',(-0.0248,-0.06068125,0.00623));
#9859=CARTESIAN_POINT('',(-0.0248,-0.04318125,0.00623));
#9860=CARTESIAN_POINT('',(-0.0248,-0.04318125,0.00623));
#9861=CARTESIAN_POINT('',(-0.0248,-0.06068125,0.00623));
#9862=CARTESIAN_POINT('',(-0.0248,-0.04318125,0.00523));
#9863=CARTESIAN_POINT('',(-0.0248,-0.04318125,0.00523));
#9864=CARTESIAN_POINT('',(-0.0248,-0.00250624999999993,0.00623));
#9865=CARTESIAN_POINT('',(-0.0248,0.03816875,0.00523));
#9866=CARTESIAN_POINT('',(-0.0248,0.03816875,0.00623));
#9867=CARTESIAN_POINT('',(-0.0248,0.03816875,0.00623));
#9868=CARTESIAN_POINT('',(-0.0248,0.03816875,0.00523));
#9869=CARTESIAN_POINT('',(-0.0248,0.05566875,0.00623));
#9870=CARTESIAN_POINT('',(-0.0248,0.05566875,0.00623));
#9871=CARTESIAN_POINT('',(-0.0248,-0.00250624999999993,0.00623));
#9872=MECHANICAL_DESIGN_GEOMETRIC_PRESENTATION_REPRESENTATION('',(#5877),
#9873);
#9873=(
GEOMETRIC_REPRESENTATION_CONTEXT(3)
GLOBAL_UNCERTAINTY_ASSIGNED_CONTEXT((#9874))
GLOBAL_UNIT_ASSIGNED_CONTEXT((#9877,#9876,#9875))
REPRESENTATION_CONTEXT('Plate_Right','TOP_LEVEL_ASSEMBLY_PART')
);
#9874=UNCERTAINTY_MEASURE_WITH_UNIT(LENGTH_MEASURE(1.E-8),#9877,
'DISTANCE_ACCURACY_VALUE','Maximum Tolerance applied to model');
#9875=(
NAMED_UNIT(*)
SI_UNIT($,.STERADIAN.)
SOLID_ANGLE_UNIT()
);
#9876=(
NAMED_UNIT(*)
PLANE_ANGLE_UNIT()
SI_UNIT($,.RADIAN.)
);
#9877=(
LENGTH_UNIT()
NAMED_UNIT(*)
SI_UNIT($,.METRE.)
);
#9878=PRODUCT_DEFINITION_SHAPE('','',#9879);
#9879=PRODUCT_DEFINITION('','',#9881,#9880);
#9880=PRODUCT_DEFINITION_CONTEXT('',#9887,'design');
#9881=PRODUCT_DEFINITION_FORMATION_WITH_SPECIFIED_SOURCE('','',#9883,
 .NOT_KNOWN.);
#9882=PRODUCT_RELATED_PRODUCT_CATEGORY('','',(#9883));
#9883=PRODUCT('Plate_Right','Plate_Right','Plate_Right',(#9885));
#9884=PRODUCT_CATEGORY('','');
#9885=PRODUCT_CONTEXT('',#9887,'mechanical');
#9886=APPLICATION_PROTOCOL_DEFINITION('international standard',
'ap242_managed_model_based_3d_engineering',2020,#9887);
#9887=APPLICATION_CONTEXT('managed model based 3d engineering');
ENDSEC;
END-ISO-10303-21;
